member_id,birth_year,sex,state
PT31708456,1992,M,MD
PT71740840,1972,F,OH
PT70203308,1985,F,NY
PT45089743,1976,M,LA
PT51514264,1966,M,PA
PT20734108,1987,F,MO
PT49716212,1973,F,CA
PT82497560,1972,F,FL
PT78836953,1967,F,NV
PT10849680,2001,F,AK
PT50433121,2000,F,TN
PT59617268,1978,M,ID
PT74767872,1985,F,MD
PT96421023,2008,M,CT
PT98200942,1972,M,PA
PT13939289,1981,F,SD
PT32211028,1989,F,VA
PT86509759,1977,F,OH
PT64584555,1973,M,UT
PT82340944,1983,F,WA
PT70932964,2005,F,MI
PT97150862,1980,F,SD
PT13550991,1972,M,AZ
PT13990192,1994,F,UT
PT70188024,1989,F,NE
PT89409224,1971,M,CA
PT47954840,1975,M,CT
PT30376340,1957,F,NC
PT12621553,1983,M,IL
PT69622380,1986,F,PA
PT53739161,1970,F,KS
PT53468045,1982,M,OK
PT42510503,1965,F,AZ
PT63402146,2001,F,WV
PT88649610,1976,M,MS
PT45486355,1992,F,OR
PT41428795,1977,M,MN
PT89404310,1984,F,MO
PT81626245,1960,F,GA
PT68316414,1966,M,LA
PT11888130,1981,M,OR
PT61325234,1979,F,TX
PT86999723,1962,F,MA
PT43272582,1988,F,LA
PT86613762,1994,F,DC
PT76075037,1981,F,HI
PT22221382,1969,F,ME
PT55695942,1963,F,VA
PT91860147,1972,M,MD
PT78293358,1950,M,ND
PT83029562,1968,F,KY
PT89776305,1993,F,MD
PT68400212,1987,F,OK
PT97318524,1990,M,TN
PT70300251,1980,M,DE
PT17544387,1979,F,OH
PT12922029,1983,F,NC
PT72396183,1977,F,MO
PT82500044,1986,F,NE
PT38473152,1975,M,OH
PT26864758,1990,F,MD
PT85630881,1964,F,ME
PT76977054,1973,F,NC
PT92034845,2004,F,HI
PT26667515,1979,F,WI
PT52444460,1990,F,ME
PT14667661,1986,F,AR
PT24537276,1986,F,MD
PT14510096,1967,F,TN
PT75195680,1970,M,KS
PT74014105,1982,M,IL
PT62790606,1966,F,UT
PT53937453,1976,M,IL
PT28337947,1976,M,ID
PT64095669,1983,F,AR
PT93469526,1976,F,AR
PT84805847,1993,F,MI
PT15880649,1974,F,NJ
PT23172318,1978,F,NJ
PT55364203,1995,F,TX
PT62579469,1992,F,NY
PT99538941,1986,F,CA
PT60309750,1971,M,KY
PT34782128,1988,M,OR
PT22970943,1979,M,IL
PT54919644,1981,F,RI
PT43567013,1974,U,MN
PT87896471,1997,M,HI
PT98538368,1999,M,AR
PT59518890,1972,F,AL
PT62959273,1963,F,MO
PT21303884,1987,F,TX
PT34668339,1986,M,DE
PT39304044,2001,F,NY
PT31717311,1990,F,OH
PT33957574,1970,F,IL
PT60886668,1971,F,LA
PT76721231,1988,M,IN
PT59309732,1959,F,MT
PT13098133,1962,M,HI
PT18899842,1988,F,SD
PT17643441,1981,F,GA
PT83879834,1987,F,RI
PT70559034,1969,M,IN
PT78891046,1999,F,ID
PT46437640,1959,M,MI
PT99229263,1988,F,AZ
PT93415167,1981,F,NV
PT11948877,1952,F,RI
PT37554566,2003,F,AL
PT83818705,1959,M,IN
PT80869592,1993,F,IL
PT86888548,1967,F,DC
PT72308873,1986,F,SC
PT56691147,1984,M,SC
PT89953372,1995,F,OK
PT13428582,1952,F,MO
PT44873510,1960,F,SC
PT27704668,1982,F,VA
PT12521483,1977,F,WY
PT31959362,1974,F,AL
PT32824218,1985,F,NH
PT85435994,1990,F,MT
PT40948679,1960,F,OH
PT78880236,1996,F,DC
PT64498323,1996,F,WV
PT93146411,1982,M,SC
PT47340951,1987,M,DC
PT31722838,1978,F,MD
PT19627948,1966,M,NE
PT71743982,1960,F,FL
PT97154125,1972,F,MI
PT71973884,1971,F,NH
PT57133502,2004,F,NJ
PT99189482,1986,M,UT
PT92472865,1965,M,
PT22268708,1974,M,OK
PT84564871,1980,F,WI
PT69209147,1983,F,OK
PT89586097,1970,F,OK
PT48693704,1966,F,TX
PT84371114,2009,M,FL
PT17609010,1991,F,SC
PT57928321,1960,M,UT
PT30902778,1998,F,CO
PT73410765,1962,M,OH
PT51962232,2001,F,AK
PT36333044,1975,F,UT
PT86367698,2010,F,SC
PT29107943,1981,F,KS
PT41885279,1965,M,SC
PT66543740,2000,F,DE
PT46310182,1977,F,MN
PT34111320,1975,F,DC
PT97525369,1952,M,IL
PT49882410,1975,M,DE
PT96725898,1959,F,VT
PT74374316,1984,M,CA
PT81714927,1978,M,UT
PT76387989,1974,M,CA
PT13757103,1975,F,NM
PT10844803,1968,F,TN
PT23774074,1960,M,TN
PT49434472,1975,F,MT
PT31322596,1983,F,UT
PT82590497,1973,M,PA
PT94798254,1984,M,SD
PT34138540,1988,M,TN
PT75565937,1965,M,PA
PT46969940,1992,F,FL
PT52748540,1980,M,CO
PT86972135,1982,M,FL
PT34991726,1974,M,DE
PT68651244,1975,F,AR
PT10858944,1969,M,WI
PT69780222,1992,F,MI
PT80401346,1970,F,UT
PT29274220,1956,F,OK
PT52105699,1979,M,DE
PT92180774,1980,M,KY
PT61986378,1967,M,OH
PT63457150,1960,F,CA
PT37326864,1961,F,NC
PT34066681,1985,F,VA
PT38963084,1985,M,HI
PT23616155,1986,F,AL
PT94852739,1973,M,NM
PT32552959,1985,F,SC
PT11999610,1960,M,RI
PT65573205,1961,F,IA
PT84583167,1970,F,KY
PT49386542,1984,M,WA
PT37858124,2003,F,GA
PT98144894,1975,F,SD
PT67710385,1973,M,ID
PT37209546,1970,F,MN
PT34748264,1975,F,TN
PT43562799,1982,F,IA
PT61625018,1978,M,GA
PT33267269,1977,F,WI
PT12978612,1984,M,NC
PT29191396,1973,F,HI
PT35213571,1970,F,LA
PT87890961,1989,F,NE
PT34013972,2005,F,GA
PT23613850,1988,F,NY
PT85640069,1989,F,MO
PT11163498,1979,M,LA
PT13312468,1965,M,NJ
PT10779240,1963,F,IL
PT13569685,1982,F,AZ
PT52483951,1961,M,OR
PT49664683,1990,F,IN
PT49415268,1976,F,AL
PT47975500,1982,M,PA
PT35444328,1985,F,ID
PT81769881,1987,F,NV
PT82318583,1966,M,IL
PT29863669,1982,M,MT
PT78261940,1977,M,OK
PT42992719,1985,F,LA
PT28681783,1971,F,CT
PT97479018,1973,F,NJ
PT85074803,1981,M,VA
PT10672893,1976,F,NH
PT10864324,1988,F,NJ
PT27258569,1969,F,DC
PT45881602,1979,F,AK
PT38203059,1961,M,IA
PT21049740,1961,F,MA
PT84406259,1989,M,GA
PT73061566,2004,M,NC
PT31488138,1974,F,WI
PT66256849,1990,F,MS
PT87453689,1966,F,OK
PT88086250,1973,M,NY
PT74082525,1979,M,RI
PT16134623,1975,F,TN
PT66417137,1975,M,MI
PT93384777,1994,M,IA
PT10481229,1994,F,NY
PT96027918,1986,M,MI
PT43403393,1999,M,GA
PT91074785,1984,F,CO
PT69459123,1967,M,KS
PT22949476,1959,M,KS
PT73648368,1973,M,DC
PT46314641,1978,F,WV
PT41256038,1979,F,VA
PT90264011,1969,F,OK
PT18792687,1999,F,MD
PT39879426,1994,M,MN
PT54638067,1962,F,HI
PT93331266,1976,M,SC
PT87145475,1967,F,NE
PT29264938,2007,F,WV
PT65998489,1966,M,TN
PT37887086,1980,F,WI
PT88293717,1984,M,AL
PT80938515,1973,M,WI
PT19249277,1956,M,DE
PT34823706,1982,F,NV
PT55576894,1974,F,OR
PT42879335,1985,M,MT
PT28434800,1966,F,NC
PT98775544,1975,F,AR
PT90140950,1985,F,ME
PT40912055,1981,M,FL
PT67867674,2003,F,OK
PT63155431,1970,F,OR
PT17455362,1974,F,MA
PT83144511,1989,F,ME
PT25483456,1998,F,NJ
PT10949010,1970,M,NJ
PT79078543,1987,F,AL
PT69137610,1965,M,RI
PT91412253,1959,F,LA
PT61751478,1969,M,KY
PT93733916,1970,F,IN
PT12495939,1981,F,WY
PT50299091,1986,F,NC
PT65202270,2011,M,LA
PT62505799,1978,M,RI
PT24826928,1960,F,OH
PT15130585,2005,F,HI
PT59157317,1963,F,CO
PT24283506,1979,F,IA
PT47276567,1977,M,VA
PT96661142,1973,M,MI
PT66573152,1987,F,OK
PT75073828,1981,F,HI
PT76825652,1980,F,WA
PT87720213,1991,F,MD
PT98841510,1981,F,NE
PT58888740,1966,M,ME
PT73671074,1977,M,IL
PT96462082,1983,M,ME
PT49607320,1969,F,WI
PT44337404,1960,M,WI
PT17575574,1977,F,OR
PT90370090,1989,F,DE
PT13199873,1990,M,IA
PT59902405,1980,M,NH
PT44641757,1959,F,DC
PT48623821,1970,F,NC
PT42030065,1989,F,NV
PT12530011,1974,F,GA
PT18388895,1970,F,OK
PT88998188,1992,F,RI
PT64967811,1957,M,SD
PT59933184,1975,F,DE
PT77503373,1975,M,AK
PT11323991,1978,M,MA
PT63104501,1966,F,NH
PT85761715,1955,F,FL
PT92278083,1978,F,VA
PT57164689,1952,M,WV
PT15162315,1992,M,ME
PT89337977,1994,F,MO
PT94613528,1977,F,AZ
PT37562247,1991,F,OR
PT64046245,1974,F,MO
PT41056924,1991,M,NC
PT62134652,1970,F,LA
PT73134735,1985,M,OH
PT27295130,1965,F,ID
PT78487770,1976,F,ND
PT67698183,1971,F,SC
PT66449167,1962,F,MD
PT80266099,1990,F,NH
PT88581197,2004,F,LA
PT33393403,1981,M,GA
PT67255929,1996,F,TN
PT88951495,1973,F,KY
PT39381516,1969,M,LA
PT50774763,1972,M,CT
PT90649044,1974,F,VT
PT79964610,1961,F,OR
PT28990038,1962,F,NV
PT79513447,1990,M,TX
PT92131992,1996,F,AZ
PT47937769,1975,M,NJ
PT83703936,1977,F,LA
PT36208002,1973,F,AK
PT62973719,1997,M,PA
PT28934798,1988,M,VA
PT96962251,1988,F,NY
PT50583722,1986,F,CT
PT78880345,1987,F,MO
PT73678766,1991,F,CA
PT94190233,1969,F,MA
PT21982075,1993,F,NM
PT25741078,1987,M,GA
PT91199653,1970,F,TX
PT10588843,1965,F,FL
PT66708448,1996,F,ME
PT49888844,1990,F,LA
PT26373963,1981,F,NC
PT17855909,1973,M,WA
PT57893888,1975,F,ID
PT19218292,2006,M,AZ
PT39917513,1985,F,TN
PT66227066,1960,F,MA
PT14651719,1960,F,ME
PT92103835,1982,F,MD
PT95104895,1976,M,SC
PT85014675,1981,F,DE
PT14028059,1995,M,NC
PT98370216,1994,M,NH
PT88502942,1980,F,OR
PT13606894,1982,F,IA
PT80835570,1995,F,AK
PT78545095,1984,F,KS
PT23689373,1990,M,TX
PT58188002,1980,F,PA
PT69062560,1988,F,MS
PT93848889,2000,M,VT
PT18320274,1965,M,IN
PT91786146,1975,F,TN
PT75748118,1992,M,NV
PT47073071,1977,F,NC
PT59916689,1973,F,SC
PT53284061,1961,F,NM
PT44122180,1988,F,MI
PT86064772,1987,F,LA
PT11119826,1973,M,OH
PT83828717,1972,F,LA
PT45604393,1986,M,KY
PT93100921,1990,M,RI
PT73050131,1990,F,WV
PT43123470,1990,F,ID
PT73236823,1978,M,AZ
PT10124609,1989,F,FL
PT16682627,1961,F,HI
PT98964314,1980,F,AL
PT16091518,1971,M,DE
PT99603301,1965,M,NY
PT33222549,1971,M,NV
PT52044501,1982,M,MD
PT41538326,1959,F,OK
PT11465580,1986,F,WI
PT47056190,1992,M,WV
PT59077042,1991,M,FL
PT96804325,1986,F,HI
PT31605880,1989,F,GA
PT61659268,1988,F,HI
PT13714164,1998,F,TN
PT88464825,1970,F,GA
PT51413289,1998,M,LA
PT45079925,1972,F,LA
PT72359229,1970,F,SC
PT73346755,1986,F,WA
PT56511657,1966,F,MS
PT19213527,1974,F,MS
PT75538122,1959,M,MD
PT22110830,1961,M,OH
PT13425794,1966,F,TX
PT55823569,1968,F,AK
PT35559443,1965,F,WI
PT44893890,1975,F,OH
PT86968573,1988,F,GA
PT93425729,1980,F,OH
PT12276894,1960,M,MN
PT85331188,1964,M,VT
PT12606479,1961,F,WV
PT30587449,1959,F,ME
PT60556691,1987,F,CA
PT45535023,1985,M,NH
PT13332346,1960,F,KS
PT62893236,1970,M,MI
PT10634473,1968,F,OH
PT90346491,1965,M,SC
PT24168561,1982,F,ID
PT79957166,1973,M,VT
PT95207117,1968,F,NV
PT20015147,1997,F,VA
PT25538548,1997,F,IN
PT78072383,1961,M,WV
PT75104611,1964,M,MD
PT37053588,1982,M,IN
PT95745409,1969,F,ME
PT74420205,1982,F,MD
PT67273150,1970,F,AZ
PT47258542,1966,F,NM
PT69913149,1989,F,WY
PT46199923,1968,M,NE
PT79876966,2007,F,CA
PT19318764,1965,M,KY
PT84986687,1960,M,CT
PT15235959,1976,F,OH
PT39286344,1977,F,TN
PT63090378,1988,F,AZ
PT18985728,1973,M,AL
PT85799547,1984,F,SD
PT78828421,1972,F,CO
PT21638640,1973,M,IN
PT30949084,1987,F,SD
PT26571363,1974,M,IN
PT66200539,1973,F,NJ
PT25732883,1960,M,VA
PT71737074,2000,F,KS
PT49994080,1972,F,VA
PT75453553,1986,F,MD
PT96116773,1963,M,HI
PT98386457,1974,F,MI
PT36326024,1972,M,AZ
PT66167197,1974,F,FL
PT61946207,1981,F,AZ
PT64795171,1980,F,MD
PT17236763,1982,F,ME
PT92135863,1966,F,WV
PT33550897,1972,F,ND
PT67710022,1984,F,MI
PT11548819,1976,F,MS
PT70084773,1966,F,WV
PT60162041,1985,M,NC
PT31355215,1974,M,KS
PT55657546,1972,F,MA
PT67817888,1974,F,SD
PT29068515,1960,F,WV
PT38886839,1976,F,NY
PT23430659,1969,M,MD
PT98811778,1961,F,ND
PT65601927,1974,F,WV
PT73711888,1960,F,FL
PT22078787,1989,M,AR
PT95536067,1987,F,WV
PT65388279,1985,M,AL
PT41557635,1990,M,UT
PT92906208,1986,F,WI
PT77171922,1977,F,KS
PT96799116,1969,F,ND
PT56632187,1967,F,NJ
PT73302282,2003,M,OH
PT46054244,2003,F,TX
PT18515901,1993,F,WV
PT12821975,1971,F,NE
PT24642984,1969,M,MD
PT69859448,1966,M,DC
PT39777538,1988,F,DC
PT97686471,1975,F,AR
PT96466244,1995,F,NC
PT52943052,1961,F,IN
PT43733587,1960,M,ND
PT60581213,1955,M,NM
PT11228771,1973,F,IL
PT49014078,1996,M,ND
PT95816715,1994,F,VA
PT73728489,1981,F,VT
PT16539242,1960,F,OK
PT71796237,1956,M,ID
PT19165171,1974,M,PA
PT22502208,1980,M,NE
PT85737826,1989,F,GA
PT86584167,1975,F,TX
PT57601929,1962,M,VA
PT19735513,1974,F,VA
PT52669962,1955,F,IL
PT76704632,1976,F,MD
PT61685412,1974,F,CO
PT62299797,1968,F,IL
PT76068492,1974,M,OR
PT15609433,1981,F,NE
PT69717787,1985,F,VT
PT84173654,2009,M,TN
PT19143508,1999,F,WY
PT37800001,1978,M,RI
PT46711337,1969,F,CO
PT45230694,1979,M,FL
PT75361679,1966,M,WV
PT85503850,1984,M,OR
PT49240630,1975,F,AR
PT30248764,1976,F,AR
PT32585211,1974,M,NJ
PT54007553,1978,M,OH
PT97841269,1993,M,NM
PT19205279,1986,F,AK
PT43449876,1988,M,AL
PT78223602,1983,M,NH
PT97337010,1979,M,OH
PT37153101,1973,F,IA
PT60140602,1986,F,DC
PT88486363,1996,F,KY
PT73603366,1972,F,TN
PT28856018,1977,M,PA
PT95627200,1961,M,GA
PT48552431,1984,M,HI
PT11316361,2008,M,VA
PT58472818,1984,F,LA
PT89457959,1989,F,AZ
PT37339820,1979,M,NY
PT57665715,1984,F,VA
PT62937823,1979,M,TN
PT39258814,1991,F,SC
PT82843775,1973,F,AL
PT98664141,1975,F,MO
PT59144138,1966,F,NY
PT98426380,1983,F,AR
PT33894236,1998,M,WY
PT56869136,1986,F,HI
PT85572183,1975,M,CA
PT88649438,1977,F,MO
PT56851709,1973,F,GA
PT76798494,1981,F,WA
PT27150948,1978,F,AZ
PT64006803,1989,F,KY
PT43805007,1969,F,ME
PT63658586,1994,F,OH
PT31002505,1973,M,VA
PT30376559,1967,F,VA
PT16183904,1981,F,PA
PT74894412,1968,F,MN
PT81362201,1974,F,OR
PT50553111,1970,F,VA
PT66309240,1957,F,TN
PT86105022,1991,M,MI
PT77493962,1963,M,NM
PT98171104,1991,F,ME
PT77992195,1960,F,CA
PT19754389,1986,F,ME
PT40348378,1988,F,ME
PT64237890,1968,F,MT
PT84289341,1989,M,KS
PT61265582,1972,F,AL
PT17870172,1960,F,IL
PT93885194,1961,F,NE
PT81212010,1972,M,MT
PT50513507,1973,M,FL
PT69345079,1975,M,WY
PT42271900,1966,M,OH
PT82001297,1985,F,SC
PT89533919,1978,M,MD
PT86316768,1967,M,MD
PT37285995,1995,M,TN
PT99587218,1971,F,WV
PT78548324,2002,M,CO
PT20237514,1970,F,ME
PT98591311,1979,F,LA
PT50834424,1984,F,AK
PT27138880,1963,M,NY
PT90601406,1972,F,MA
PT46862008,1974,F,NY
PT46125597,1979,F,TX
PT13053053,1980,F,AZ
PT71123861,1986,F,VT
PT31063592,1974,F,NY
PT57850098,1960,F,NH
PT36830246,1981,F,AL
PT30992446,1985,F,RI
PT18308069,1986,F,NV
PT45809331,1967,F,HI
PT57381084,1980,M,MS
PT23069531,1984,F,ND
PT78220916,1969,F,KS
PT30263368,1962,M,AZ
PT35481978,1968,F,NJ
PT85467367,1982,M,NC
PT16535694,1973,M,AK
PT93836183,1982,F,RI
PT70444674,1977,M,TN
PT13424849,1992,M,OH
PT49120966,1954,F,CA
PT23387114,1966,F,DE
PT37733955,1980,F,FL
PT19648279,1969,F,KY
PT15487501,1960,M,VA
PT11152357,1993,M,FL
PT89361043,1952,M,ID
PT54208047,1972,F,IL
PT67842140,1976,M,ND
PT70091688,1984,M,AL
PT91297113,1977,M,DC
PT90668805,1987,F,WY
PT70500639,1981,F,VA
PT77763172,1967,F,TX
PT35262944,1982,M,DC
PT34742325,1981,M,ME
PT52369278,1967,M,KY
PT60264822,1992,F,NE
PT14485452,1971,F,NV
PT15552246,1988,M,RI
PT28956036,1973,F,IL
PT61794179,1991,F,ID
PT32286609,1989,M,ME
PT13854818,1983,M,HI
PT40272976,1990,F,NH
PT43762656,1979,F,KS
PT86213287,1955,F,NC
PT52754309,1969,M,MI
PT78407980,1983,F,OR
PT99852656,1991,M,WV
PT49866590,1953,M,OH
PT70786127,2006,F,NJ
PT67116105,1999,F,NH
PT26781345,1991,F,ID
PT75843009,1976,F,SC
PT83323078,1976,M,CA
PT81154756,1979,M,DC
PT78872987,1978,M,DC
PT70878641,1969,F,OH
PT20084678,1981,F,DC
PT46273787,1963,M,MT
PT90685156,1973,F,MT
PT26083730,1985,M,TN
PT48683686,1975,F,KY
PT47542312,1982,F,OK
PT93832868,1980,M,ND
PT10649308,1971,F,GA
PT50076558,1991,F,NJ
PT74541670,1973,F,ND
PT38113181,1970,F,TN
PT23199802,1970,F,SC
PT32318102,1967,F,TX
PT25949736,1965,M,DC
PT71585236,1963,F,WV
PT78414331,1984,M,DE
PT16171265,1980,M,NV
PT15706496,1975,F,NC
PT89496041,2008,M,SC
PT16093560,1967,F,MD
PT81817130,1985,M,NJ
PT12122272,1967,M,CA
PT39261672,1967,F,ND
PT69193213,1999,M,NE
PT67026606,1961,F,RI
PT45503636,1986,F,MI
PT80014200,1960,F,TX
PT65094645,1988,M,IN
PT87724437,2003,F,ID
PT16230919,1995,F,HI
PT92674112,1979,M,ME
PT42840762,1974,F,MS
PT85692007,1972,F,GA
PT85426596,1979,F,MN
PT75157141,1998,F,DC
PT34548971,1968,F,MS
PT25845519,1964,M,UT
PT56970312,1971,F,AL
PT99405105,1981,M,NC
PT53917177,1993,F,FL
PT87508888,1960,F,MT
PT29362287,2006,F,AZ
PT87808077,1980,F,CT
PT53279408,1974,F,WY
PT88709994,1981,F,AZ
PT74657789,2001,M,ME
PT52235101,1983,F,DE
PT39064523,1998,M,SC
PT34674369,2004,F,NM
PT22824456,1973,F,MD
PT62619756,1955,F,UT
PT30897524,1967,M,WV
PT67237672,1973,F,NH
PT71385405,1980,M,WV
PT89061805,1986,M,SC
PT86852189,1976,F,DE
PT67691159,1970,M,CO
PT69107631,1974,F,ID
PT90733556,1978,F,MA
PT86541147,1977,M,WV
PT24921875,1967,F,WV
PT33373483,1995,M,NH
PT79513045,1972,M,AL
PT31488537,1988,F,UT
PT66651857,1968,F,KY
PT90520848,1978,M,TN
PT10693531,1960,F,OR
PT52242209,1972,F,NJ
PT39926239,1966,F,WI
PT26538209,1991,M,FL
PT47069018,1979,M,CA
PT98915891,1983,F,MD
PT75357310,1957,F,KY
PT14628623,1991,M,AL
PT83663539,1985,M,MS
PT39410987,1967,F,SC
PT44148844,1987,F,MS
PT10095586,1978,F,KY
PT69859067,1983,F,FL
PT84391371,1973,M,KY
PT64793477,1959,M,PA
PT62660981,1954,F,SC
PT19933254,1959,M,UT
PT44427233,1985,F,KY
PT67334739,1973,F,MS
PT76042128,1988,F,DC
PT75883026,1974,F,DE
PT96989797,1981,M,KY
PT89512230,1977,M,NC
PT51550251,1974,F,MT
PT79305809,1970,F,UT
PT91255993,1967,M,TN
PT19144872,1986,M,IL
PT98428483,1960,F,DE
PT53022919,1968,M,SD
PT51735055,2001,F,SC
PT36818995,1988,F,MD
PT52954706,1985,F,TN
PT83130334,1974,F,WI
PT62875008,1995,F,ID
PT73509370,1978,F,IN
PT82509862,1979,M,IL
PT11712002,1965,M,CA
PT94415054,1989,M,MD
PT39784582,1968,F,TN
PT95437211,1962,M,UT
PT74721767,1961,F,TN
PT51743158,1973,F,AL
PT89975387,1993,M,VA
PT68943802,1996,M,FL
PT10094528,1976,F,FL
PT50963767,2002,M,NH
PT91113005,1976,M,ID
PT32922469,1993,F,TN
PT65010315,1972,F,AL
PT93764625,1991,F,CT
PT87904210,1960,F,NY
PT34266545,1978,F,OK
PT25837903,1987,F,NY
PT50908088,1991,F,IL
PT48899338,1972,M,NC
PT50235938,1975,M,NC
PT47897108,1971,F,NM
PT24055135,1983,M,GA
PT18295326,1976,F,LA
PT66685190,1978,F,MN
PT28249291,1973,F,WI
PT37343816,1971,M,OK
PT26560159,1988,F,ID
PT35489866,1984,F,ND
PT49636824,1977,M,SC
PT34106434,1996,M,NE
PT10371215,1953,F,NY
PT22699703,1949,M,MO
PT52653466,1987,F,MN
PT11296502,1981,F,DE
PT42331513,1985,F,MN
PT20519834,1982,F,NJ
PT85824883,1974,M,NC
PT15882661,1949,F,SC
PT40875374,1970,F,MS
PT85426904,1979,M,DE
PT75680337,1960,F,UT
PT59599400,1984,M,NC
PT21656334,1987,M,RI
PT30692186,1980,M,DC
PT92026838,1975,F,KY
PT25885283,1959,M,PA
PT45531822,1977,F,AZ
PT41119731,1962,F,
PT42434945,1995,F,MI
PT32339727,1976,F,NC
PT73084376,1960,M,NV
PT49466708,1968,F,IA
PT85699473,1987,F,NE
PT45327744,1974,F,LA
PT65151607,1983,F,MT
PT93070006,1992,F,AZ
PT53942690,1988,F,NM
PT64504950,1980,M,NM
PT50035201,2005,F,NC
PT30743203,1970,F,OK
PT86328609,1973,M,PA
PT34703270,1985,F,SD
PT56985784,1960,M,SD
PT52916107,1982,F,ID
PT98256087,1963,F,VT
PT26564990,1974,F,SC
PT73499154,1965,F,NJ
PT68120890,1970,F,DC
PT52412104,1978,M,PA
PT36530001,1983,M,WV
PT75853897,1987,F,CO
PT65554129,1974,M,OK
PT30723901,1969,F,SD
PT57082095,1973,F,MI
PT71882091,1982,M,AZ
PT69891615,1975,M,DC
PT60253302,1964,F,DC
PT57688797,1972,M,GA
PT21969707,1979,F,AZ
PT71277060,1966,F,MD
PT28313494,1969,F,MD
PT87268987,1976,M,FL
PT57532790,1966,M,SC
PT29422115,1979,M,OR
PT94209408,1991,F,TX
PT56249309,1983,F,SD
PT43352132,1969,F,NY
PT41316217,1987,M,SD
PT48312962,1964,M,SD
PT86016358,1971,M,RI
PT46227224,1991,F,OK
PT84009329,1985,M,AR
PT24857852,2012,M,SD
PT14829316,1963,F,UT
PT26728313,,F,TX
PT12309102,1963,M,MN
PT66346145,1999,M,SC
PT56643976,1968,F,MT
PT49586306,1991,M,MD
PT79885448,1978,F,WV
PT40226391,1951,M,OK
PT27334974,1966,M,WI
PT87538975,1974,F,IA
PT64299049,2000,F,MI
PT92311580,1995,F,TN
PT13938837,1994,F,IN
PT90702930,1982,M,GA
PT17359963,1981,M,HI
PT44799474,1977,F,FL
PT35199765,1971,F,MO
PT29840847,1978,F,LA
PT32887218,1960,F,AK
PT44087068,1970,F,MN
PT79595087,1962,F,FL
PT66513441,1970,M,NJ
PT11665800,1972,F,MI
PT33065931,1995,F,MA
PT78023741,1994,F,UT
PT97369023,2000,F,NH
PT96096279,1975,F,TX
PT46977079,1980,F,NJ
PT39635477,1978,F,MS
PT90994745,1999,M,LA
PT75260814,1983,F,AR
PT82011281,1970,M,ND
PT82445046,1970,M,GA
PT63384747,1981,F,MI
PT91491435,1980,M,VA
PT97211160,1964,M,MN
PT20188547,1963,M,GA
PT30593142,1989,M,DE
PT17981977,1984,F,AK
PT71589075,1996,M,WV
PT15733591,1960,M,MA
PT94712067,1973,F,VA
PT76805139,1996,M,FL
PT36009501,1974,F,SD
PT47615033,1977,M,MA
PT76778292,1982,F,NC
PT31619062,1988,M,IA
PT37787938,1984,F,MT
PT54886939,1961,M,AZ
PT90708947,1986,M,WY
PT26385509,1964,F,PA
PT39211498,1961,F,TX
PT17414491,1981,M,NY
PT51724028,1984,F,KS
PT47431767,1975,M,MI
PT70546414,1976,F,NV
PT67388252,1987,F,RI
PT11114935,1968,F,AL
PT93422678,1992,F,IL
PT64935198,1992,F,TX
PT53601409,1958,M,MN
PT45942447,1967,F,WV
PT24291583,1960,M,SC
PT48687591,1964,F,MS
PT22995594,1977,M,ID
PT68240640,1982,F,TX
PT24249164,1966,M,DC
PT40980456,1979,F,DE
PT20754173,1973,F,AR
PT48411053,1984,M,VA
PT48705625,1991,F,PA
PT68744360,1969,F,WI
PT40974211,1983,F,AR
PT33268777,1984,F,UT
PT31295970,1967,F,CT
PT88398026,1982,M,MI
PT64347256,1979,M,PA
PT88255308,1984,F,KY
PT64554692,1966,M,WA
PT53584279,1964,F,UT
PT57250670,1981,M,MS
PT47244645,1963,F,HI
PT70804734,1970,F,WA
PT45292623,1967,F,NJ
PT73588220,1975,F,MA
PT38009830,1963,F,TN
PT71044709,1975,F,ND
PT63381393,1984,M,NJ
PT61591715,1974,F,SD
PT62803013,1956,F,NY
PT80367472,1961,M,MO
PT25054285,1967,M,DE
PT83110566,1959,F,CT
PT58781561,1978,F,AR
PT75559407,1972,F,NC
PT46336177,1986,F,IL
PT32460005,1976,F,NC
PT51639379,1959,F,OH
PT41752266,1995,F,MA
PT79421766,1954,F,SD
PT48614446,2002,F,AZ
PT21855434,1984,M,MI
PT38004089,2010,F,WV
PT21094589,1980,F,IA
PT15718079,1978,M,TX
PT43425011,1999,M,ME
PT42448552,1992,M,UT
PT57347611,1979,F,MI
PT77540339,1960,F,CA
PT64840456,1975,F,VT
PT99175659,1972,F,TN
PT74595309,2002,F,CT
PT95011869,1996,M,WI
PT80525858,1980,M,AK
PT81795622,1960,M,ND
PT92506477,1975,F,WI
PT39369290,1961,F,MI
PT17216099,1969,F,VA
PT85519193,1963,F,KS
PT46416888,1972,F,TX
PT29077941,1956,F,CT
PT17249666,1979,M,RI
PT13095775,1988,M,SD
PT95239912,1980,F,DE
PT88393620,1970,F,NY
PT30689860,1969,F,NV
PT37304539,1992,F,ID
PT86761646,1992,M,NM
PT40029447,1974,F,KS
PT14826977,1990,F,PA
PT51063956,1983,F,MN
PT43497732,1988,F,NM
PT73624878,1969,F,NH
PT47066253,1975,F,KY
PT95192708,1967,M,MT
PT29438309,1967,M,WA
PT92891089,1973,M,AZ
PT42926793,1982,M,OK
PT44140952,1979,M,RI
PT57196196,1958,M,IA
PT26735165,1959,F,TX
PT19930338,1976,M,WV
PT12798487,1971,M,IL
PT25150364,1960,F,MI
PT43818855,1975,M,MA
PT46597390,1959,F,SD
PT43841258,1973,U,NM
PT80809961,1976,F,AR
PT80080868,1980,M,ND
PT22384083,1971,M,DC
PT29839283,1976,F,NH
PT45065948,1974,F,FL
PT24231168,1964,M,CT
PT20042896,2003,M,FL
PT91704486,1983,M,NV
PT86331288,1982,F,MN
PT98771085,1978,F,FL
PT32439883,1962,M,NY
PT57273838,1988,F,IN
PT67809912,1974,F,KY
PT45646185,1991,M,FL
PT31984067,1993,F,IA
PT70189431,2006,M,DC
PT98792811,1983,F,AK
PT93987852,1975,F,SC
PT41857468,1979,M,NH
PT88173372,1985,M,AR
PT87224983,1988,F,
PT78167112,1990,M,CO
PT74185517,1965,M,GA
PT96300559,1967,F,IN
PT95012719,1990,M,VA
PT11905379,1980,F,CA
PT82032717,1965,F,OR
PT41799723,1954,M,ME
PT76428826,1984,F,SC
PT91425781,1961,M,IA
PT54745026,1989,F,LA
PT23777579,1974,F,MI
PT53029925,1985,M,UT
PT66398456,1961,F,OH
PT82150118,1993,F,NM
PT34518341,2005,F,WA
PT67218368,1983,F,CA
PT42915487,1990,F,KY
PT83516027,1985,F,OK
PT36920408,1983,F,NM
PT90138363,1982,F,NJ
PT27604141,1977,F,WA
PT89452273,1989,F,NC
PT32422599,2002,M,GA
PT64526830,1991,F,RI
PT39490664,1991,F,MN
PT79948046,1978,F,DE
PT76578400,1961,M,KS
PT40281604,1972,F,NC
PT80681801,1959,F,SC
PT30276513,1980,M,AL
PT77647239,1979,M,MA
PT22014164,1962,M,FL
PT39331207,1973,M,CT
PT67305642,1967,F,MT
PT67339243,1957,U,NC
PT57743527,1967,M,PA
PT71274956,1971,M,AL
PT39940618,1981,F,LA
PT99832248,1984,F,PA
PT68276694,1981,M,WA
PT33134527,1985,F,GA
PT54179658,1977,M,MN
PT20092497,1988,M,DE
PT49360760,1991,F,VT
PT14391373,1979,M,ND
PT36807952,1969,M,VA
PT51563904,1978,M,KS
PT20103399,1980,M,WV
PT59343280,1982,M,PA
PT37011817,1981,F,WA
PT47670283,1959,M,LA
PT66414357,1978,M,AZ
PT45665649,1974,M,PA
PT53654177,1987,F,MO
PT53883420,1974,F,PA
PT22980380,1966,M,NC
PT39752515,1989,M,DC
PT80635050,1963,M,UT
PT96558523,1962,F,SC
PT69795948,1986,F,MO
PT26361578,1984,M,LA
PT42428192,1983,M,LA
PT28769947,1981,M,IN
PT89571955,1964,F,MA
PT36718962,1978,F,AR
PT75244358,1987,F,KY
PT86275957,1976,M,FL
PT58395689,1990,M,OH
PT85353425,1993,F,MD
PT88800627,1963,M,NC
PT63347099,1961,F,UT
PT34892549,1978,F,SD
PT12256158,1978,M,PA
PT90222715,1980,F,IN
PT94448421,1957,F,WV
PT77139155,1999,M,VA
PT30568533,1982,F,KS
PT81562752,1977,M,KS
PT95359246,1959,F,NC
PT57592444,1988,M,KS
PT12780178,1960,M,KY
PT55142380,1973,M,IN
PT86117775,1986,F,RI
PT57595807,1963,F,MD
PT72316549,1955,F,KS
PT17600455,1992,F,MA
PT62121565,1977,F,PA
PT50900808,1992,F,NC
PT49924258,1992,F,NC
PT90530202,1966,F,NM
PT79570324,1964,F,SC
PT56898324,1981,F,NM
PT10685603,1973,F,MS
PT97496405,1961,F,MS
PT13769658,1990,F,VT
PT89481250,1987,F,HI
PT58761976,1992,F,CA
PT82771195,1963,F,NH
PT88461413,1978,F,ND
PT40522249,1972,F,AK
PT36452634,1958,F,WA
PT87605962,1967,M,ND
PT14523476,1985,F,CO
PT64579716,1964,F,SC
PT61672262,1973,F,LA
PT46679946,1995,F,RI
PT61251503,1979,F,ME
PT83449297,1984,F,AK
PT12582552,1987,F,RI
PT10084061,1966,M,MA
PT37379686,1957,F,OK
PT26195633,1997,M,CO
PT40323232,1966,M,VA
PT96548052,1978,M,MA
PT60241813,1983,F,NH
PT22745589,1963,M,SC
PT95275706,1984,F,NY
PT24823826,1964,F,DC
PT14579910,1983,M,AR
PT17772773,1960,F,SD
PT69373971,1985,M,WV
PT68953867,2005,F,FL
PT36368360,1960,F,AZ
PT75291059,1976,F,PA
PT87910129,1979,M,WV
PT55617098,1978,F,DE
PT13290493,1977,F,SC
PT93339812,2004,M,MI
PT12609719,1995,F,MS
PT24528115,1988,F,MA
PT38560440,1979,F,WI
PT12192520,1971,F,MI
PT48435009,1980,F,KY
PT10511477,1974,F,KY
PT89816084,1965,F,
PT76251487,1982,M,IA
PT28396548,1989,F,OK
PT99006560,1973,M,ND
PT99679366,1984,F,AL
PT18015151,1980,M,MS
PT10593131,1985,F,KS
PT71077375,1968,F,KY
PT41791623,1978,F,NE
PT32688085,1978,F,NJ
PT43329130,1990,F,OK
PT89720496,1968,M,CO
PT18831869,1975,F,VT
PT92102470,1977,F,WI
PT23579447,1982,F,MD
PT32838877,1959,F,KS
PT50291026,1980,F,AK
PT57029468,1981,M,NJ
PT85049352,1967,M,ND
PT23242268,1978,M,MI
PT62391480,1955,M,OR
PT78353020,1973,F,IL
PT25072670,2007,F,AK
PT43949947,1992,M,NH
PT94079448,1973,F,KY
PT82889768,1997,M,LA
PT66592807,1979,M,MT
PT53966760,1969,M,MS
PT49980401,1987,M,VT
PT90520538,1993,M,GA
PT89935363,1982,F,FL
PT92552927,1961,F,HI
PT62989907,1962,F,VT
PT84742150,1987,F,IL
PT56252428,1978,F,CO
PT44106236,1987,M,DE
PT97824405,1978,F,KS
PT62208716,1980,F,KY
PT93476325,1982,F,SC
PT92426506,1967,F,UT
PT75854269,1971,F,CT
PT38067246,1991,F,DE
PT44077805,1988,F,OK
PT72769598,1961,M,OR
PT26713520,1981,M,IA
PT28522394,1985,M,AR
PT51161803,1967,M,DC
PT65420687,1975,F,ME
PT35112837,1989,M,FL
PT95251701,1987,M,MI
PT17050976,1994,F,MS
PT20235100,1997,F,MI
PT12681836,1992,M,DC
PT95542069,1974,F,DE
PT62303662,1985,F,PA
PT38329146,1974,F,KY
PT26411707,1988,F,AK
PT19386255,1987,M,AR
PT76910575,1972,F,IN
PT32087854,1986,M,MT
PT45541494,1980,F,RI
PT58557280,1987,F,MD
PT28962929,1976,M,AZ
PT50018776,1965,M,SC
PT20831531,1962,M,ND
PT85332643,1982,M,CT
PT13962326,1960,F,NM
PT29130855,1991,M,OR
PT46999853,1985,F,RI
PT58136773,1990,F,ND
PT15910797,1981,F,AR
PT39423967,1984,M,HI
PT95246476,1974,F,HI
PT51196371,1990,F,NY
PT36514448,2005,M,TN
PT31327309,1976,M,KY
PT45767983,1968,F,NJ
PT33833302,1983,M,OH
PT35512478,1961,M,IA
PT92768180,1969,F,VA
PT59123825,1948,F,NE
PT54610499,1979,M,ID
PT34750998,1962,F,OH
PT40167824,1972,F,NY
PT13820675,1984,F,DE
PT29856037,1961,F,WI
PT12367363,1983,F,AK
PT51368876,1988,F,NE
PT15385353,1960,F,OK
PT89383701,1967,M,WA
PT32048818,1987,F,OH
PT77195865,1980,F,GA
PT18181203,1979,M,WI
PT74932077,1986,M,OR
PT66342368,1997,M,CO
PT45972082,1976,F,CO
PT37103346,1981,M,ID
PT32793400,1978,F,FL
PT82359704,1969,M,NY
PT83284334,1997,F,SD
PT18580788,1953,F,PA
PT73485525,1973,M,WY
PT95150406,1988,F,ND
PT68581304,1983,F,MT
PT78232548,1995,F,CA
PT22659677,1997,M,CA
PT50413716,1974,F,NY
PT59538292,1983,M,NM
PT41316231,1972,F,MS
PT74203429,1995,F,WY
PT90593871,1973,F,VA
PT45721399,1974,F,ND
PT46756923,2006,M,CO
PT55441324,1994,F,LA
PT77937937,1975,F,TN
PT50583039,1971,M,ME
PT78795858,1965,F,MA
PT73661418,1963,F,MT
PT63326227,1970,F,MD
PT36331442,1979,M,ND
PT70073470,1966,F,MN
PT56466873,1988,M,UT
PT86400801,1960,M,VT
PT68250616,1970,F,FL
PT33101484,1989,F,HI
PT29015286,1966,M,MA
PT67601171,2000,F,HI
PT67198457,1992,M,UT
PT92652666,1963,F,ND
PT63739660,1962,F,AK
PT56881562,1989,F,RI
PT88240449,1958,F,AR
PT65144126,1966,M,AR
PT93270539,1970,F,CO
PT70844951,1956,M,OK
PT55507223,1964,M,PA
PT80649532,1976,F,IN
PT33825993,1985,F,KY
PT83413038,1974,F,UT
PT92805227,1980,M,WI
PT37341640,1977,F,MS
PT32444850,1980,F,NY
PT16757669,1986,F,MO
PT66787692,1975,F,AZ
PT16033362,1983,F,NE
PT29149325,1980,F,ID
PT43138000,1977,F,MO
PT22608689,1991,F,MO
PT20316681,1997,F,TN
PT51150086,1996,F,WY
PT75490372,1976,F,AK
PT51473769,1990,F,WA
PT92504906,1982,F,SC
PT32988510,1979,F,SC
PT65346810,1994,M,NJ
PT43142018,1985,F,IA
PT33806647,1970,F,SD
PT92188446,1983,F,AK
PT63706981,1984,M,WA
PT68402584,1968,F,MN
PT10179232,1992,F,NE
PT64419441,1990,F,NC
PT40640969,1977,M,IN
PT41281563,1970,M,UT
PT62186930,1990,M,IA
PT23598687,1978,F,AL
PT78273705,1956,F,IL
PT71054973,1995,F,VT
PT85766392,1996,F,MN
PT60410161,1974,M,SD
PT78218761,1953,F,WY
PT16940498,1997,M,MA
PT45980255,1994,F,IL
PT32821237,1970,F,OR
PT50477011,1971,F,OH
PT50226441,1975,F,NJ
PT84712488,1962,F,OR
PT77320987,1981,M,SC
PT10678868,1970,F,DC
PT87591517,1988,F,FL
PT72482073,1974,M,MN
PT18711207,1986,M,NM
PT20079230,1979,M,OR
PT11231161,1981,F,WY
PT60817632,1966,F,TN
PT23310628,1994,F,ND
PT37644392,1998,F,VT
PT15277891,1987,F,AR
PT21787738,2005,F,VA
PT93627880,1971,M,KY
PT23411338,1989,F,MS
PT18280528,1973,F,MT
PT91618775,1966,F,NE
PT20039567,1972,F,UT
PT79124019,1967,F,TX
PT48305256,1970,M,MN
PT34483785,1967,F,UT
PT33457566,1976,M,MD
PT83722774,1959,M,NV
PT99795524,1981,M,NH
PT64875520,1969,F,ME
PT59017102,1977,F,NV
PT74924417,1978,F,AL
PT18175842,1971,F,DC
PT16922620,1976,F,FL
PT49379462,1977,M,NY
PT60289393,1981,F,IL
PT78431760,1984,F,FL
PT57376890,1983,F,NV
PT58269785,1977,F,PA
PT98441227,1992,F,HI
PT55705734,1956,F,SC
PT92341567,1976,F,FL
PT48545622,1971,M,NV
PT78791574,1995,F,LA
PT55360412,1993,F,MS
PT18918287,1979,F,GA
PT73116289,1977,M,WI
PT77987360,1960,M,AL
PT76038618,1962,F,WI
PT39070465,1964,F,ND
PT94758519,1958,F,MS
PT34984076,1991,F,AR
PT72059921,1976,M,MI
PT48905193,2000,F,NC
PT30349586,1984,F,FL
PT13703832,1982,F,CO
PT96352092,1969,F,KS
PT73953593,1996,F,LA
PT48149930,1983,F,AZ
PT38433510,1961,F,VT
PT66349495,1976,F,MD
PT89821662,1953,M,IN
PT48556630,1993,M,MS
PT84366704,1969,F,NV
PT28158333,1975,M,AR
PT66651260,1969,F,OK
PT63180457,1968,F,KY
PT47952004,1964,F,FL
PT41373733,1984,M,NH
PT20590751,1999,F,RI
PT81626044,1978,F,MA
PT11977569,1992,F,AR
PT91599428,1976,F,PA
PT97733661,1964,M,AL
PT49205055,1980,M,SD
PT49530920,1970,F,KS
PT40325560,1983,M,VA
PT54082579,1970,M,CT
PT58932689,1985,M,ID
PT16164652,1988,M,NC
PT49750726,1973,M,MO
PT63963520,1961,F,WA
PT32818460,1980,F,MA
PT42779577,1986,M,AL
PT22145364,1974,F,TX
PT12352323,1957,F,MI
PT15219604,1976,F,NC
PT30220186,1982,F,AZ
PT76177689,1980,F,DE
PT92648017,1972,M,VT
PT60540578,1960,F,AR
PT51295922,1971,M,SD
PT27714897,1967,F,DC
PT35519201,1978,M,UT
PT21618776,1975,F,MO
PT64292330,1971,F,CT
PT31507537,1990,M,AZ
PT78908091,1992,F,AL
PT97182059,1993,M,IA
PT49318164,1973,F,CA
PT43073375,1980,F,IA
PT21608221,2005,F,NC
PT81651932,1974,F,IL
PT37689096,1975,F,ME
PT45423638,1988,F,NH
PT99726860,1988,F,IN
PT82028451,1961,F,WY
PT15060286,1971,M,WI
PT80626206,1976,F,NV
PT15434486,1989,F,OH
PT72534625,1990,F,NE
PT39723905,2011,M,IA
PT26031310,1971,F,RI
PT80417721,1982,M,KY
PT68240871,1979,M,GA
PT73416515,1990,F,MO
PT48500854,1959,F,KY
PT55677026,1989,F,LA
PT13535470,1969,F,ID
PT87629231,1977,F,MS
PT10148018,1976,F,DC
PT88208450,1982,M,CT
PT86648782,1981,F,NJ
PT26112539,1965,F,CO
PT30491024,1971,F,IA
PT44890659,1985,M,MI
PT53035300,1988,F,IN
PT14262696,1969,F,TX
PT49130247,1986,F,MD
PT28479936,1984,F,CT
PT82822700,1976,F,SD
PT84108366,1973,M,NH
PT84449793,1974,F,MS
PT86537943,1974,M,NJ
PT25512887,1989,F,ND
PT91799585,1991,F,NC
PT66081128,1988,M,OH
PT16630444,1953,M,NC
PT62644285,1961,M,NC
PT23224795,1970,M,CA
PT47943711,1980,F,ID
PT49307787,1960,F,TX
PT57893164,2002,M,DE
PT16872501,1997,F,RI
PT36967198,1990,F,KS
PT62735481,1978,F,TX
PT42876861,1984,F,RI
PT28500204,1977,M,FL
PT10553367,1996,F,AL
PT25318411,1968,F,MT
PT42261326,1978,M,CA
PT35761481,1982,M,RI
PT13121855,1969,M,DC
PT86044670,1966,F,MT
PT18823659,1968,F,DE
PT21539291,1998,M,MT
PT58106431,1984,F,RI
PT38552772,1981,F,NY
PT11379904,1986,F,TX
PT91796658,1975,M,KY
PT56989874,1974,M,DE
PT59185038,1963,M,DC
PT93593677,1972,F,CT
PT81198392,1974,M,IL
PT54914620,1960,M,WV
PT30231703,1964,F,WA
PT44285405,1989,M,AL
PT47086905,1988,F,IN
PT36761748,1996,F,LA
PT95092366,1964,M,NY
PT86263683,1984,M,TN
PT65112060,1960,M,CT
PT28759214,1969,F,MO
PT51665648,1989,M,WA
PT66097794,2002,M,NM
PT14493875,1987,F,RI
PT24670011,1962,M,AZ
PT76101496,1969,M,ME
PT98441644,1971,M,WV
PT25982369,1974,M,MD
PT85120872,1974,F,FL
PT30008893,1961,M,MI
PT41745592,2007,M,WA
PT41521042,1982,F,LA
PT92273783,1994,M,SC
PT82057189,1983,F,DC
PT38858623,1983,F,IA
PT82716309,1988,M,FL
PT46408838,1979,M,OK
PT67908016,1987,F,CT
PT53529718,1977,F,MN
PT17853748,1987,M,KY
PT90815986,1968,F,AK
PT98350299,1961,F,WA
PT56439955,1972,F,MT
PT52994515,1966,F,OR
PT77622738,1975,F,MD
PT26559331,1961,F,WI
PT87753017,1960,M,OR
PT76424447,1980,F,DE
PT77328773,1997,M,WI
PT23713799,1966,F,MI
PT19838917,1960,F,WI
PT67695812,1993,F,AL
PT60888077,1982,F,KS
PT21236160,1987,F,KY
PT41104031,1983,F,WV
PT68969184,1962,F,SC
PT78510241,1966,F,AL
PT44923710,1959,M,AK
PT23915225,1973,F,GA
PT95426285,1970,M,OR
PT59993262,1993,M,TN
PT65991234,1979,F,CA
PT74035734,1965,F,FL
PT37102009,1969,M,TX
PT45118157,1984,F,MI
PT98120004,1952,F,UT
PT11721351,1978,F,ND
PT31612968,1974,M,AL
PT94571406,1982,F,VA
PT43250323,1983,F,KY
PT19274675,1983,F,NY
PT89897594,1974,F,IN
PT24858996,1976,F,DC
PT51960657,1988,M,DC
PT68816279,1959,M,MI
PT70428969,1988,M,KS
PT34016839,1969,F,WV
PT67855641,1984,M,KY
PT97254852,1984,M,MA
PT88011050,1966,F,RI
PT87143198,1961,F,IL
PT17796238,1962,M,ME
PT28028986,1992,M,VT
PT42983702,1960,M,ME
PT98418760,1977,F,VT
PT57886181,1985,M,CA
PT81509752,2001,F,KY
PT96340847,1968,M,MO
PT29696522,1998,F,KY
PT54395177,1987,F,CO
PT78399604,1986,M,AL
PT41394244,1965,F,OK
PT23262666,1971,F,DC
PT49367300,1974,F,ND
PT15972846,1979,M,GA
PT19029840,1994,F,NC
PT17448107,1961,M,NM
PT10248853,1978,F,KY
PT85906273,1977,F,OK
PT78446810,1961,F,MT
PT31501296,1972,F,MT
PT48344783,1980,M,NY
PT69638824,1978,M,SD
PT22478138,1962,F,MT
PT78154809,1961,M,OK
PT45871865,1986,M,OH
PT93222270,1989,F,LA
PT44138890,1972,F,AK
PT62170578,1984,F,NY
PT51736145,1991,F,KS
PT28050793,1962,M,OH
PT50148632,1963,M,GA
PT16775599,1982,F,SC
PT47474859,1961,M,OH
PT68751085,1995,M,DE
PT11967234,1960,F,HI
PT82361051,2001,F,ID
PT48220607,1996,F,PA
PT77077071,1989,F,WA
PT21363712,1977,F,NE
PT85688544,1979,F,MD
PT45966383,1981,F,SD
PT24064707,1974,F,DE
PT91383981,1998,F,VT
PT65400750,1968,M,MT
PT57040247,1996,F,CT
PT96719948,1982,U,OK
PT75030043,1967,M,TN
PT58400631,1992,M,KY
PT83617704,1974,M,HI
PT52944733,1978,M,WI
PT77270231,1982,F,MS
PT82761681,1963,F,OK
PT35835185,1984,F,OH
PT20079256,1982,F,NC
PT19357328,1975,F,WI
PT46765291,1985,F,CT
PT86947357,1960,M,SC
PT71117207,1990,F,IN
PT44341727,1986,F,AZ
PT29871850,1967,F,AR
PT13513416,1989,F,VT
PT43663228,1968,M,WY
PT15185902,1955,F,RI
PT17803762,1989,M,RI
PT20258588,1987,F,IA
PT46325323,1996,F,OR
PT66283439,1966,F,NM
PT67893498,1987,F,NJ
PT72625304,1998,F,GA
PT86601629,1974,F,CA
PT43528751,1971,M,WA
PT25643914,1961,F,OH
PT26759915,1997,F,OR
PT56255095,1980,F,MI
PT54653701,1972,M,GA
PT85716968,1976,F,NC
PT90721297,1970,F,MA
PT19351281,1976,F,MD
PT50584073,1994,F,LA
PT39017093,1970,F,OK
PT18990003,1989,F,NC
PT21079225,1974,F,SD
PT14501486,1965,M,OK
PT82724575,1982,F,NJ
PT13739725,1990,F,WV
PT44233096,1978,M,GA
PT96697889,1974,F,GA
PT79180086,1983,F,CO
PT64584063,1995,M,LA
PT22192501,1967,F,NY
PT45336859,1962,M,WI
PT76156081,1990,F,TN
PT78158909,1975,F,IL
PT21028631,1963,F,RI
PT47492638,1977,F,MD
PT83292442,2007,F,HI
PT96232191,1970,F,UT
PT21296540,1969,F,NJ
PT90349100,1964,M,OR
PT93337701,1984,F,TX
PT39023250,1968,F,TX
PT72218618,1954,F,LA
PT21425295,1980,F,PA
PT16814742,1981,M,AL
PT23488683,1962,F,NC
PT51922654,1954,M,ME
PT39324538,1973,F,NJ
PT36958070,1982,F,CO
PT23009276,1968,M,MO
PT75415229,1985,M,WV
PT74038261,1975,F,NM
PT12901829,1972,F,WV
PT96633906,1966,F,UT
PT52475643,1964,M,NY
PT76864604,1961,F,AK
PT32657765,1994,F,AK
PT33957528,1965,F,UT
PT15931480,2006,F,LA
PT24885786,1981,F,AR
PT32715751,1985,F,DC
PT23132214,1982,F,NH
PT96919163,1982,M,LA
PT80145196,1961,M,DC
PT68392921,1988,F,OK
PT69436838,1984,F,ID
PT16182652,1979,M,NE
PT17221317,1994,F,AR
PT65235032,1976,F,GA
PT49093792,1970,F,MD
PT38883154,1976,F,TN
PT86717518,2001,M,MD
PT20076647,1973,F,NM
PT34351189,1963,F,IL
PT41596554,1961,M,MI
PT97107229,1959,M,AK
PT69225431,1977,F,TN
PT96249363,1972,F,NV
PT75213166,1960,F,OK
PT32676681,1988,F,ND
PT28358638,1977,F,MD
PT49366904,1954,F,NM
PT81839673,1977,F,WI
PT82995911,1969,F,KY
PT79478544,1984,F,MS
PT67043993,2003,F,AL
PT10904662,1960,M,ID
PT12627206,1973,F,WA
PT59111090,2002,M,MS
PT49123043,1971,M,MS
PT96618315,1959,F,ID
PT45830576,1989,M,MD
PT82511187,2000,F,DE
PT15812834,2003,F,RI
PT45277044,1973,F,SD
PT11304367,1988,F,MD
PT86118330,1971,F,IN
PT43248540,1959,F,OH
PT92815738,1969,F,AL
PT97120374,1971,M,IL
PT38929057,1989,F,NY
PT18910500,1960,F,NV
PT90764258,1983,M,NC
PT30461857,1975,F,WI
PT85969822,1993,F,DC
PT11011507,1986,F,ND
PT54443283,1988,F,OK
PT94297649,1964,F,WA
PT22231974,1999,F,VT
PT63323590,1990,F,ID
PT17875443,1969,F,TX
PT53141799,1962,F,NC
PT47951828,1969,F,NC
PT89454610,1990,F,VA
PT67780178,1981,M,IA
PT41953551,1968,F,FL
PT96199804,1975,F,TX
PT83046812,1984,F,NM
PT11021620,1969,F,
PT74555896,1990,M,NV
PT91567947,1985,F,AR
PT58026581,1973,F,WY
PT20070101,2002,F,UT
PT46779755,1965,M,CA
PT55261827,1978,F,LA
PT55246200,1975,F,MD
PT64844146,1976,F,NH
PT52441132,1998,F,NH
PT90746693,1972,F,FL
PT48209868,1985,F,UT
PT58966405,1975,M,MA
PT61951230,1991,F,SD
PT41134654,1962,M,MD
PT61146169,1965,F,UT
PT19553900,1962,M,PA
PT56375507,1978,F,SD
PT57940914,1983,M,OK
PT60733887,1973,M,ME
PT38325339,1987,M,KY
PT39111764,1975,F,ME
PT84968774,1987,F,WA
PT26352954,1955,M,WI
PT73114893,1988,F,KS
PT94204385,1979,F,PA
PT40610633,1975,M,NV
PT44165122,1981,M,WV
PT59548374,1969,F,AZ
PT67626594,1969,F,NC
PT78816394,1972,F,ND
PT23864385,1977,F,WI
PT36664615,1958,F,PA
PT26020574,1979,F,DE
PT14642448,1974,M,GA
PT56283859,2004,F,MT
PT12916858,1980,F,SD
PT95395179,1983,F,MO
PT59340767,1984,F,NM
PT28871535,1983,F,KS
PT74290438,1975,F,AZ
PT95052253,1971,M,SC
PT41576314,2004,F,LA
PT67031816,1988,F,OK
PT25495344,1992,F,MN
PT45330819,1979,F,IL
PT12118636,1982,M,ND
PT24762555,1985,F,AK
PT94306631,1972,F,IN
PT85237331,1977,M,NV
PT53098145,1961,F,NY
PT72337369,1960,F,NC
PT90277067,1975,F,AL
PT59895956,1969,F,AZ
PT50395439,1990,M,NV
PT78560826,1996,F,AL
PT93848452,1977,F,MN
PT13463436,1973,F,NC
PT56433395,1963,F,MD
PT10637312,1994,F,MD
PT82308305,1975,F,NJ
PT50604049,1979,F,MA
PT88932264,1961,M,HI
PT26873347,1991,F,KY
PT98524681,1977,F,WY
PT16301127,1984,M,TN
PT13253095,1994,F,
PT95884081,1985,M,LA
PT93058603,1981,M,NH
PT95708621,1980,F,SC
PT17299842,1969,F,CT
PT86307631,1986,M,GA
PT77676382,1963,F,KY
PT24997382,1973,F,VA
PT99164526,1962,M,CT
PT20426840,1961,F,SC
PT25994718,1974,F,PA
PT73127028,1989,F,WV
PT50211487,1987,F,DC
PT31819720,1972,F,CO
PT72999929,1983,M,WI
PT92101556,1981,M,AK
PT93641887,1991,F,NY
PT52309874,1990,M,HI
PT42504683,1991,M,NJ
PT18788830,1996,F,AL
PT46965253,1968,F,NM
PT33632858,1981,F,WA
PT53194155,1996,M,MD
PT97223437,1986,F,KS
PT92431260,1990,F,UT
PT68156902,1967,M,NC
PT83059172,1960,F,AZ
PT93630541,1967,F,IN
PT41450366,1973,F,SD
PT91508603,1960,F,OR
PT72942233,1980,F,WI
PT19079385,1961,F,TX
PT22095510,1981,M,DC
PT51431526,1991,M,
PT19201654,1969,F,NE
PT76009799,1986,F,KY
PT81052567,1974,M,CA
PT87398058,1987,M,ME
PT48416126,1987,M,AZ
PT45250761,1977,F,NY
PT87746493,1966,M,NH
PT98610966,1968,F,VA
PT39840026,1960,M,GA
PT38403091,1958,F,KS
PT50209641,1986,M,NE
PT99788288,1960,F,OH
PT43285757,1970,F,NJ
PT41363938,1978,M,HI
PT79314984,1966,F,GA
PT79485994,1988,F,MI
PT70995733,1958,M,MT
PT46936004,1975,F,MS
PT30630691,1979,M,NC
PT81159716,1973,F,SD
PT65382122,1970,F,WI
PT33492275,1968,F,WA
PT69495752,1972,F,TX
PT91976199,1960,M,WV
PT66161266,1989,M,GA
PT48003664,1979,M,AL
PT42758401,1993,F,CO
PT11561475,1967,F,AK
PT18509485,1971,M,VA
PT81886831,1977,F,OK
PT22663418,1985,F,LA
PT34798549,1974,F,NV
PT55238706,1973,M,GA
PT63017908,1971,M,NJ
PT13493127,1984,F,VA
PT78574925,1971,F,ID
PT74603670,1978,M,KY
PT58065345,1965,F,WA
PT18853240,1968,M,MT
PT18671969,1989,F,MD
PT47914696,1970,F,CO
PT20714037,1986,M,DE
PT65174137,1991,F,CO
PT89844464,1971,F,PA
PT72663422,1970,M,NC
PT66581601,1979,F,AL
PT68358641,1967,F,AK
PT94528960,1964,M,AZ
PT75869531,1977,M,DE
PT84778014,2002,M,AR
PT35149539,1972,F,LA
PT18883307,1983,F,MD
PT75054084,1968,F,NE
PT95031220,1985,F,FL
PT39996882,1972,M,OK
PT46933406,1975,M,FL
PT42512118,1974,F,TX
PT88923422,1980,M,ME
PT46496761,1979,F,MS
PT15380783,1983,M,MI
PT94970384,1986,F,AL
PT59176473,1996,F,SD
PT81394204,1959,M,NE
PT91886918,1959,F,PA
PT78416749,1986,M,CA
PT16165378,2002,F,DC
PT90591371,1963,M,MT
PT97871035,1998,M,NM
PT96888323,1977,F,FL
PT28712972,1978,M,HI
PT76063618,1965,M,ND
PT65130632,1953,F,IA
PT98675242,1991,F,AL
PT61050758,1970,F,AK
PT42323011,1979,M,HI
PT40916615,1983,M,NV
PT82758248,2010,F,OH
PT34576620,1974,F,AK
PT83700964,1995,M,MD
PT30813270,1977,F,NY
PT62205382,2000,F,MT
PT45363115,1977,F,NV
PT67284446,1962,F,SC
PT85388419,1965,F,MO
PT71241185,1985,M,OR
PT42696768,1974,M,VT
PT41478764,1959,F,WA
PT22628818,1977,F,NH
PT63430351,1971,F,NV
PT72596943,1962,U,OK
PT15382913,1976,F,IN
PT72745847,1978,F,RI
PT63618195,1996,F,WI
PT22836554,1981,F,CO
PT90778047,1974,M,ID
PT98975368,1994,F,UT
PT69301915,1973,M,WI
PT15013394,1997,F,ND
PT49456265,1977,M,CT
PT93739588,1969,F,CT
PT54253078,1977,M,VT
PT51423438,1972,F,MS
PT13376568,2007,F,MS
PT79378324,1982,M,IA
PT20923917,1968,F,DE
PT49390120,1966,F,MI
PT80888304,1978,F,OR
PT29352502,2007,M,WY
PT78551220,1980,F,TX
PT85797294,1977,M,NE
PT53358348,1977,M,OH
PT53682540,1995,M,VT
PT10960085,1985,F,NY
PT70005452,1987,F,MA
PT40698327,1978,F,HI
PT81369021,1996,F,TX
PT50987409,1973,F,ID
PT77731991,1990,F,NY
PT10703580,1966,F,KS
PT58002927,1992,F,MD
PT65201800,1995,F,TN
PT39578608,2004,M,WV
PT38684844,1990,F,ME
PT29134296,1971,F,NJ
PT92537597,1990,F,TX
PT94656055,1987,F,OR
PT94422067,1991,F,HI
PT22421403,1952,M,WV
PT59023414,1969,M,WV
PT34335443,1996,M,LA
PT16635733,1977,F,HI
PT70652914,1960,M,IA
PT82148852,1954,F,TN
PT73235561,1985,F,MN
PT34604458,1980,F,WY
PT65384094,1999,M,PA
PT58925513,1979,F,ME
PT58748198,1966,F,NE
PT87849257,1999,F,HI
PT36748501,1982,M,DE
PT96658027,1975,M,CA
PT85195103,1984,M,NY
PT48135340,1976,F,CT
PT68868287,1989,U,NM
PT75420330,1954,M,ID
PT36492664,1961,M,AR
PT76897208,1977,F,CT
PT17792647,1995,F,OR
PT16890992,1977,M,ND
PT55265096,1991,M,AZ
PT69606452,1980,F,KY
PT12355001,1960,F,MO
PT39940413,1971,M,MS
PT56519517,1972,M,CA
PT55208487,1975,M,DC
PT47430543,1968,M,WV
PT36124808,2004,F,VT
PT43449634,1978,F,ND
PT78287913,1966,M,MN
PT15226280,1987,F,NC
PT91893512,1970,M,VT
PT39268512,1979,M,NC
PT18191366,1982,M,ID
PT85253938,1970,M,MT
PT73906575,1976,F,MT
PT54567656,1961,F,SD
PT15579985,1987,M,CA
PT23666298,1995,M,OH
PT29434932,1977,F,VT
PT26872004,1994,F,AK
PT38712066,1972,F,NH
PT53998454,1978,F,NJ
PT71923148,1965,M,CA
PT44003686,1978,M,MN
PT71549695,1966,M,MN
PT79373511,1989,F,DC
PT47595223,1974,F,FL
PT72966915,1993,M,WV
PT80921195,1972,M,DC
PT80573360,1980,F,SC
PT18415136,1976,F,NH
PT61467167,1992,F,AL
PT96868718,1974,M,MN
PT92973380,1954,M,ND
PT11804681,1990,M,SC
PT63454346,,M,ME
PT84747011,1973,F,ME
PT36726698,1977,F,IN
PT59812762,1974,M,MS
PT80609019,1978,M,MO
PT26961393,1978,M,NH
PT54936044,1980,F,FL
PT82623176,1992,F,IN
PT29187456,1992,F,SC
PT21956241,1970,M,CT
PT90948491,1988,F,CA
PT12753393,1963,F,WV
PT61239267,1974,M,UT
PT48238816,1968,M,UT
PT51087103,1975,F,LA
PT90054968,1985,F,NE
PT31070559,1981,M,OH
PT95358580,2005,F,MS
PT20255085,1961,M,MT
PT58732545,1973,F,OK
PT33564377,1978,F,AR
PT70324152,1979,F,MT
PT85731853,1959,F,WY
PT27307070,1986,F,GA
PT51745869,1967,F,VT
PT89967219,1969,F,IL
PT26898943,1977,F,UT
PT29294675,1965,F,KS
PT78770164,1980,M,MO
PT33728433,1990,F,LA
PT39391144,1979,M,AZ
PT19074763,1960,M,KS
PT62772768,1997,M,GA
PT54224020,1992,F,RI
PT17409644,1979,F,AK
PT71404090,1968,F,GA
PT37959246,1969,F,NJ
PT78989110,1984,F,TN
PT73804310,1978,F,MI
PT37730688,1976,M,TN
PT88350390,1970,M,KS
PT65961030,1988,F,TN
PT53760388,1974,F,NY
PT69998295,1991,F,IL
PT50063541,1990,F,FL
PT91275739,1975,M,OK
PT42361843,1982,F,IL
PT57390602,1965,F,OK
PT90358481,1973,U,CA
PT61046626,1990,F,TX
PT24268943,1968,F,VT
PT65237363,1967,F,MO
PT86113046,1986,F,NJ
PT84212873,2004,F,OH
PT73696010,1975,F,AZ
PT67143128,1976,M,VA
PT72451443,1982,F,ND
PT28440325,1970,M,WI
PT77556464,1975,F,VA
PT13485931,1993,F,ND
PT76327902,1970,F,MS
PT37194468,1983,M,MS
PT48340246,1976,F,DC
PT42821747,1978,F,PA
PT33666168,1982,F,OK
PT45028731,1973,F,PA
PT68048345,1989,M,MN
PT50432891,1986,F,IN
PT79737170,1971,F,SD
PT97843110,1974,F,VA
PT81652562,1993,F,NE
PT18169897,1972,M,MO
PT94805929,1990,F,UT
PT29662481,1979,M,MA
PT62468591,2001,F,OK
PT79262473,1976,F,MD
PT91863049,1973,F,OK
PT18013241,1989,M,VA
PT45258652,1967,M,MN
PT43099084,1964,F,ME
PT59914947,1957,F,UT
PT26072141,1973,M,MI
PT83308951,1979,F,GA
PT88665366,1983,M,NJ
PT51134217,2001,M,MA
PT74642183,1967,F,VA
PT79758214,1950,F,SC
PT74338921,1977,F,MD
PT26351891,1979,M,OH
PT61267593,1993,F,MO
PT57007953,1976,M,OH
PT70165536,1968,M,WY
PT74765624,1976,F,
PT47126889,1960,F,KS
PT10666107,1979,M,MS
PT57000353,1990,M,KY
PT44379995,1968,M,KY
PT32462943,1976,M,RI
PT87610706,1994,F,NM
PT70850028,1995,F,NE
PT92513926,1965,F,IA
PT69185991,1971,F,PA
PT39414594,1964,M,PA
PT13720260,1974,F,WA
PT96686004,1961,M,AZ
PT36145723,1967,F,SD
PT42322167,1962,F,HI
PT90890364,1981,M,IL
PT75824195,1973,F,NV
PT90902197,2005,F,KY
PT10123231,1963,F,NY
PT75217618,1955,F,WV
PT11651165,1974,M,SD
PT12346966,1981,F,VA
PT51629963,1986,F,NH
PT23106925,1969,F,NH
PT27818195,1987,M,NY
PT42193069,1989,M,MN
PT85138024,1982,F,OH
PT57862666,1972,F,MS
PT22348012,1999,F,SC
PT16454950,1982,F,OR
PT95572561,1996,M,SD
PT44502692,1976,M,TX
PT73816469,1982,F,MO
PT32499720,1965,F,AK
PT63988263,1967,M,WI
PT97280929,1980,M,WY
PT36619064,1961,M,TN
PT97313262,1965,F,OK
PT12335948,1984,F,MD
PT66802028,1976,F,MS
PT44298958,1975,F,MT
PT66627126,1971,M,ND
PT83969547,1983,F,DC
PT60139483,1974,M,AL
PT34024739,1971,M,MN
PT20833954,1983,F,KY
PT28289489,1996,M,LA
PT85382431,1971,M,WV
PT26148550,1976,F,IA
PT82881802,1995,M,GA
PT67946894,1979,M,IA
PT80931279,1973,F,ID
PT78050655,1983,F,NC
PT62082854,1971,F,NY
PT71040718,1985,F,NC
PT46316721,1968,M,VA
PT80986349,1968,F,RI
PT73194469,1961,M,ME
PT59408288,1996,F,OH
PT34528128,1999,F,AR
PT14879024,1979,M,MN
PT81123738,1973,F,NC
PT51630952,1971,F,NE
PT65044204,1967,F,UT
PT58210789,1973,F,NE
PT60544211,1979,M,MD
PT42955552,1982,F,GA
PT12897542,1977,F,MD
PT48138214,1974,F,LA
PT46988620,1981,M,TN
PT11458205,1974,F,KY
PT91266826,1976,F,ND
PT28496000,1976,F,HI
PT58968003,1987,F,DE
PT97187222,1981,F,IA
PT12241649,1977,F,AZ
PT86959455,1975,F,MD
PT33728566,1960,M,KY
PT72821922,1964,F,WY
PT37825100,1977,M,ME
PT81665836,1972,F,TX
PT66736823,1984,F,NY
PT11525471,1977,F,AL
PT73726306,1978,M,MA
PT91816757,1973,M,ME
PT67178541,1961,F,CA
PT14958728,1981,F,MS
PT98570982,1992,F,ME
PT69269667,1972,F,VA
PT59522680,1960,F,LA
PT68968584,1970,F,WA
PT60209054,1993,F,SC
PT34188602,1991,F,CT
PT30759853,1970,M,DE
PT68921596,1977,F,WY
PT89511237,1974,F,AR
PT63372134,1959,F,IA
PT21595628,1977,M,WI
PT17630656,1964,M,AZ
PT55562234,1988,F,KY
PT15494156,1973,F,NY
PT95993230,1977,F,SC
PT19517513,1975,U,FL
PT36057596,1989,F,WI
PT91318414,1996,M,MN
PT57387478,1977,M,LA
PT82033817,1968,M,OH
PT17151017,1984,M,HI
PT37186630,1970,M,IA
PT54810630,1984,F,NC
PT68253891,1971,F,OR
PT52955762,1988,F,MS
PT57940772,1996,M,UT
PT78404957,1951,F,IL
PT49203718,1975,M,MN
PT59059848,1972,F,AK
PT69357987,1993,F,DE
PT84517872,1977,M,MN
PT93936287,1973,M,AK
PT99463637,1970,M,MT
PT99830544,2005,F,TN
PT80025555,1975,F,AL
PT80277829,1990,M,GA
PT88867745,1956,M,ID
PT61011879,1985,F,OH
PT30505419,1971,F,IN
PT85525811,1977,F,NJ
PT78585457,1964,F,DE
PT84649452,1988,M,RI
PT68880411,1996,F,SC
PT60896090,1977,F,DC
PT85379974,1981,M,FL
PT69192378,2002,F,PA
PT31866061,1974,F,MS
PT59725458,1977,M,ME
PT14915792,1985,F,AZ
PT50143791,1977,F,WY
PT54800185,1977,F,WV
PT36493489,1971,M,FL
PT86805958,1972,F,MT
PT40670190,1984,F,CA
PT10290514,1982,F,ND
PT95142339,1991,M,OH
PT37521650,1983,M,KY
PT59442783,1986,F,ND
PT72689663,1975,F,MN
PT42806480,1996,F,AZ
PT85238608,2005,M,AL
PT53826902,1988,M,OR
PT49483761,1975,F,IA
PT36593248,1975,F,TN
PT43200954,1975,F,NY
PT72416484,1984,F,MN
PT83554382,1996,F,AL
PT68454279,1983,M,NY
PT11989743,1961,M,MA
PT95341741,1980,F,DC
PT52221713,1983,M,CT
PT31843422,1964,M,KS
PT68519241,1952,M,ME
PT86391150,1980,M,IN
PT89996779,1984,M,AL
PT95767500,1983,F,IA
PT48448445,1960,F,IL
PT79813787,1969,M,MI
PT84628928,1997,M,CO
PT92151466,1974,F,SC
PT24852029,1990,F,KS
PT87008872,1976,M,TX
PT64536272,1960,M,ID
PT86771244,1969,F,CT
PT94541603,1975,F,MI
PT67316630,1978,M,NY
PT45442205,1996,M,DC
PT93965845,1981,M,HI
PT73960446,1989,M,IL
PT97320175,2003,F,IL
PT13975320,1974,F,KY
PT70670409,1987,F,PA
PT85187958,1952,F,IL
PT68127086,1981,F,FL
PT82408046,1979,F,OH
PT98757533,1969,F,NH
PT72331318,1974,F,ID
PT62501248,1962,F,RI
PT85637357,1961,F,MS
PT46765107,1971,F,SC
PT18964989,1971,M,OH
PT46251391,1980,F,FL
PT51206227,1967,M,MT
PT99625751,1977,F,GA
PT88132903,1975,M,VT
PT96779377,1993,F,IA
PT98971846,1953,M,OK
PT33254037,1985,M,MD
PT51358341,1961,F,CT
PT46574103,1992,F,MI
PT70721439,1969,F,IA
PT43037964,1983,F,MT
PT67987110,1953,F,PA
PT55482747,1973,M,DE
PT62113651,1983,F,KS
PT34634411,1976,F,TN
PT21307200,1966,M,MI
PT24637906,1970,M,PA
PT12984126,1974,F,OH
PT99099452,1971,M,MA
PT50926615,1990,F,WV
PT88032290,1986,F,AR
PT64438687,1992,F,OR
PT51754515,1961,F,NH
PT33464930,1983,M,RI
PT97654912,1967,F,MT
PT88347675,1980,F,OK
PT62618387,1973,F,MO
PT77701383,1964,M,SC
PT77121234,1986,M,AK
PT19647777,1993,F,DC
PT39256036,1993,F,AL
PT24599542,1999,M,MD
PT80471924,1956,M,NJ
PT80499681,1968,F,ID
PT78731158,1961,F,OH
PT49755545,1973,F,KY
PT34540489,1998,M,ME
PT83967493,1971,F,IN
PT95212199,1975,M,NM
PT17441200,1979,M,IL
PT33601841,1978,F,VA
PT56867039,1987,M,WV
PT30296118,1987,F,ME
PT26454724,1981,F,DC
PT21249538,1974,M,CT
PT57657490,1975,M,SC
PT39003923,1983,M,NE
PT47423728,1969,F,TX
PT21727147,1978,M,IN
PT12681653,1970,F,KY
PT87814543,1960,F,NJ
PT42031381,1960,F,ID
PT98627788,1987,M,GA
PT27364062,1991,M,PA
PT77909771,1967,M,WV
PT62669010,1977,F,NJ
PT81131925,1981,F,MT
PT87960539,1998,F,IA
PT24981085,1989,F,IA
PT94658346,1977,F,MT
PT98704797,1962,F,GA
PT92459723,1996,F,DE
PT97464202,1977,M,MA
PT21734368,1981,F,KS
PT46038349,1960,F,MT
PT52590440,1979,F,SC
PT28399509,1970,F,AL
PT13663145,1983,F,NY
PT99094072,1968,M,IL
PT61054998,1967,F,NE
PT31477734,1997,F,IA
PT58537149,1978,F,WV
PT12905939,1987,F,MO
PT46687947,1980,M,OR
PT12358318,1961,M,SD
PT14917816,1977,M,DC
PT45032627,1992,F,SD
PT92051740,1990,M,FL
PT22457768,1972,M,ND
PT55614052,1997,F,OH
PT34895129,1990,M,MI
PT68652906,1997,F,MD
PT30911965,1976,F,MN
PT35597090,1973,F,OR
PT29707359,1983,M,MA
PT48219738,1981,F,TN
PT96931521,1971,F,NM
PT52564262,1972,M,DC
PT58101069,1986,F,MS
PT68461913,1986,F,IN
PT42426650,1982,F,FL
PT73159315,1978,F,MD
PT35352761,1975,F,MN
PT66834309,1981,F,VT
PT27851004,1972,F,LA
PT89791584,1962,M,OR
PT60246331,1965,F,NH
PT62172244,1956,F,NC
PT29177683,1990,M,MO
PT40360802,2012,F,VT
PT14183528,1975,M,ND
PT95222519,1968,M,HI
PT33091482,1977,F,LA
PT99750324,1960,M,FL
PT86041448,1973,F,NH
PT84612461,1972,F,MT
PT81135312,2000,M,CA
PT52639097,1969,F,MO
PT91812153,1971,F,UT
PT61482808,1987,F,HI
PT39580222,1979,M,VT
PT18891093,2009,F,IA
PT47993206,1990,M,GA
PT63007848,1967,M,NV
PT60432373,1986,F,TX
PT53659139,1964,M,PA
PT40066511,1973,F,UT
PT85852170,1978,F,AL
PT77553445,1984,F,MT
PT54153531,1979,F,TN
PT51893593,1964,F,TN
PT65042209,1977,M,DE
PT96980382,1994,F,
PT83484026,1975,M,AK
PT18495255,1973,M,DE
PT44062968,1979,M,AL
PT84541066,1980,F,NY
PT37177757,1958,F,MN
PT74212382,1976,M,LA
PT87933217,1954,M,IL
PT14022644,1977,F,MS
PT80151936,1973,M,ME
PT98178647,1982,F,DE
PT24684864,1982,F,WV
PT30141307,1971,F,NC
PT92003422,1976,F,OK
PT97907836,1982,F,VA
PT41261524,1984,M,DE
PT81834694,1975,M,WI
PT50411360,1978,F,AZ
PT40547783,1982,F,OH
PT54063304,1974,F,AK
PT35894548,1964,M,HI
PT56519348,1988,M,GA
PT64339206,1972,M,WY
PT35978927,1983,F,VT
PT66775241,1988,M,SD
PT99832882,1957,F,NC
PT53557112,1980,F,MO
PT41118666,1976,F,NE
PT62186737,1953,F,CT
PT98163585,1988,M,IN
PT28682911,2005,F,HI
PT61528290,2003,M,IN
PT71120239,1980,M,MI
PT75683712,1984,F,IL
PT71075300,1964,F,ID
PT69550682,1984,F,CT
PT76302619,1965,F,IA
PT85951231,1986,M,NC
PT63376549,1986,F,AR
PT66915039,1986,F,RI
PT92528749,1971,F,MA
PT80385483,1969,F,AR
PT14170164,2007,F,KS
PT90778558,1975,M,CA
PT39845723,1961,M,NC
PT68807516,1987,F,CO
PT86184007,1981,M,FL
PT26292436,1984,M,AZ
PT35358446,1985,F,WV
PT55281470,1986,M,TX
PT14169519,1959,F,NV
PT14916187,1974,M,NH
PT80470756,,M,CA
PT42213408,1978,F,AK
PT93260793,1981,F,KS
PT25452902,1978,F,AK
PT23747081,1964,F,VA
PT46227481,1975,F,CA
PT79359824,1991,F,MT
PT22010573,1960,F,SD
PT27883527,1985,M,AZ
PT38202711,1975,F,CA
PT34267555,1975,M,KS
PT99830368,1983,F,KY
PT16853912,1968,F,IA
PT90274425,1961,F,MN
PT85473569,1964,F,NM
PT42483011,1979,F,WI
PT51200526,1996,M,NM
PT32974450,1980,F,DE
PT61058027,1971,M,KY
PT14695935,1962,F,ND
PT46766096,1969,M,NE
PT53486208,1976,F,TN
PT93024818,1964,F,MT
PT57688429,1989,M,MS
PT87369591,1953,M,WV
PT23689769,1974,F,IN
PT71895145,1968,M,OR
PT31097161,1980,F,PA
PT93984592,1978,F,MN
PT15033524,1990,F,MN
PT83994555,1978,M,AL
PT59625816,1977,M,IN
PT89762668,1961,F,NC
PT71776775,1977,M,NV
PT24461971,1971,F,VT
PT28382708,1989,F,AL
PT62254747,1981,F,NE
PT41251349,1954,F,TN
PT93284460,1975,F,NY
PT19766971,1979,F,SD
PT20939558,1971,F,VA
PT84916099,1990,F,ID
PT54387799,1975,F,FL
PT54314471,1982,F,LA
PT76298924,1987,F,TN
PT33078103,1972,M,CT
PT88293478,1971,F,WA
PT98573068,1976,M,KS
PT47964032,1999,M,FL
PT73036209,1996,M,TN
PT90161369,1963,F,ME
PT52007349,1973,M,LA
PT58619278,2005,F,NV
PT19803744,1996,F,DC
PT92690685,1964,F,ID
PT68162384,1996,F,AR
PT66926849,1992,F,OH
PT77848841,1960,M,HI
PT25930542,1975,M,IA
PT53824655,1999,M,WA
PT37589097,1984,F,CT
PT54739942,1975,F,VA
PT52775293,1997,F,UT
PT38404893,1955,F,NH
PT23458062,1982,M,LA
PT61533175,1972,M,HI
PT72073646,1994,M,CA
PT26713172,1978,F,CT
PT74084566,2007,F,HI
PT56401123,1961,F,ME
PT98927471,1975,F,KS
PT67788152,1984,M,NC
PT85009995,1963,F,PA
PT33232226,1987,F,IN
PT46422110,1990,F,NH
PT47301278,1971,F,WA
PT42505660,1974,F,MT
PT63978094,1987,F,WI
PT55624847,1985,F,NE
PT96620392,1983,F,AR
PT31272608,1974,M,PA
PT60676491,1979,F,VA
PT12880945,1994,M,AZ
PT65824800,1960,F,AL
PT82054146,1987,M,VA
PT28510676,1984,M,MI
PT15101711,1971,F,CT
PT35219199,1969,F,KS
PT26347209,1986,F,ID
PT36974932,1991,F,KS
PT55321805,1968,M,KY
PT83677542,1966,F,VA
PT19035634,1978,F,OK
PT14179526,1999,F,ME
PT21206161,1968,M,HI
PT75787941,1988,F,WV
PT92781840,1967,F,CT
PT56751102,1992,M,NE
PT88740252,1996,F,DC
PT39864388,1993,M,MT
PT95052510,1977,F,NC
PT80552548,2008,F,IA
PT27725546,1959,M,AL
PT81812056,1965,M,OH
PT55074068,1998,F,TX
PT35139138,1997,M,KY
PT59502900,1961,F,PA
PT94115749,1975,M,VA
PT48624431,1993,F,WI
PT74666521,1972,F,IA
PT55721239,1972,F,VA
PT21706189,1966,F,OK
PT61431458,1985,M,PA
PT13622370,1960,F,IN
PT36423672,1971,F,TX
PT68529110,1966,F,TX
PT97210756,1963,M,AR
PT50783669,1982,F,ND
PT71637431,2005,F,NM
PT22330494,1994,F,NH
PT68347422,1970,F,LA
PT31128039,1974,F,MA
PT62847541,1960,F,DC
PT90308194,1989,M,CA
PT98234954,1988,M,CO
PT27678446,2012,F,OH
PT39251570,1970,F,AR
PT43515360,1976,F,DE
PT62444072,1990,F,MD
PT82374550,1998,F,WI
PT59423432,1983,M,SC
PT20764582,1982,F,VA
PT13771556,1989,M,CO
PT83718675,1982,M,NH
PT65963220,1973,F,VT
PT25489481,1986,F,NV
PT57698215,1981,F,WI
PT72756418,1971,M,AR
PT79826136,1985,F,TN
PT60808223,1952,F,WA
PT53366054,1983,F,AK
PT25314775,1988,F,KY
PT64717947,1988,F,PA
PT94054727,1963,M,SD
PT91781416,1978,F,MI
PT58863799,1989,M,AR
PT61166457,1999,F,FL
PT16885662,1967,F,LA
PT80091583,1969,M,OH
PT14041256,1968,F,KS
PT27571277,1972,M,VA
PT77577768,1985,F,SC
PT76380990,1983,F,TX
PT76674324,1979,F,NC
PT69412094,1996,F,MD
PT94243895,1961,M,NC
PT40110948,1980,F,AL
PT89060311,1983,F,CT
PT75742595,1961,M,MS
PT41717143,1977,F,OR
PT14933493,1979,M,TN
PT41467958,1999,M,IL
PT87052384,1969,M,ME
PT74480864,1996,F,OK
PT33207249,1950,F,ME
PT56881345,1978,M,IN
PT72137117,1972,M,NM
PT46796724,1989,F,TN
PT48030391,1960,M,ME
PT21849866,1974,M,FL
PT48957144,1963,M,MN
PT98957860,1974,F,ME
PT57516878,1985,F,UT
PT61588961,1992,F,MI
PT68514478,1984,F,OK
PT55561141,1988,M,AR
PT32133997,1981,M,SC
PT93046092,1971,F,NC
PT12938941,1976,F,KY
PT94999804,1970,F,OK
PT93864643,1966,M,ND
PT40766028,1984,F,SC
PT10320837,1980,F,AL
PT93582721,1983,M,ID
PT80135420,1974,F,KY
PT82628524,1980,M,AZ
PT22231690,1966,F,MS
PT44743947,1991,F,AR
PT81768193,1992,F,WV
PT31604929,1989,M,MN
PT42807916,1977,M,DE
PT12775206,1990,F,ME
PT70997741,1967,F,IA
PT65320323,1980,F,RI
PT58969464,2000,F,AK
PT41821232,1980,M,AZ
PT91990458,1983,F,AR
PT73086686,1983,M,MT
PT51388661,1967,M,MS
PT82585318,1979,F,OR
PT21668738,1976,F,TN
PT20195500,1983,F,WV
PT77166658,1961,F,MT
PT49624586,,F,NE
PT54518420,1969,M,NC
PT82192473,2002,M,VA
PT12604177,1971,F,IL
PT42810679,,M,CA
PT85676029,1985,F,TN
PT94197437,1971,F,ME
PT42531715,1963,F,OR
PT51672751,1994,F,MT
PT35887890,1981,F,AZ
PT88650388,,F,TN
PT15345573,1999,F,MN
PT81055309,1975,F,ID
PT54473980,1988,M,NJ
PT18533926,1970,M,AZ
PT76941646,1977,F,MA
PT24246217,1972,F,OK
PT37151431,1977,F,ID
PT61392115,1990,F,
PT90040250,1960,M,SD
PT45104254,1999,F,MO
PT40541758,1963,F,KS
PT33379784,1986,F,MD
PT80960736,1969,F,IA
PT30155008,1979,F,SC
PT56285257,1991,F,NM
PT17490883,1987,F,ME
PT78973788,1968,F,MS
PT12367385,1987,F,IA
PT33106421,1969,M,ME
PT53581304,1967,M,OR
PT68816316,1974,F,CT
PT20232347,1963,F,MD
PT31717165,1993,F,HI
PT27176552,1988,F,VA
PT31553447,1983,F,PA
PT52167559,1980,F,CA
PT79827761,1979,F,ME
PT95984346,1963,M,NY
PT16010223,1975,M,VA
PT43304023,1960,F,SC
PT23372789,1961,F,KS
PT44110638,1989,F,OR
PT69973738,1974,M,MO
PT18650188,2009,F,MO
PT38147105,1970,M,MN
PT94161965,1980,M,FL
PT70519599,2001,M,TN
PT25568369,1972,F,NY
PT52170592,1991,F,VA
PT34844623,1997,F,GA
PT51009441,1991,F,MI
PT78856642,1971,F,GA
PT73542824,1985,F,KY
PT93830398,1978,F,OH
PT97484525,1979,F,OK
PT92253935,1993,F,IL
PT44351573,1962,M,IN
PT82205501,1981,F,WV
PT41309651,1989,M,WV
PT90972443,1968,F,GA
PT77879120,1962,F,TN
PT56670723,1976,M,KS
PT90665924,1965,F,NC
PT92679803,1975,F,CO
PT36918215,1969,F,OR
PT67943949,1976,F,HI
PT83806420,1976,F,MO
PT61028484,1979,F,OH
PT18575130,1984,M,TN
PT30707704,1997,F,OK
PT40230674,1977,F,NH
PT35191696,1993,F,FL
PT35192368,1970,F,FL
PT54327687,1993,M,GA
PT77373145,1972,F,WA
PT97560047,1974,M,NE
PT95081085,1986,F,NH
PT90104213,1961,M,TN
PT19407426,1991,M,OR
PT70735276,1985,M,WI
PT68917535,1993,F,IL
PT16783231,1989,M,MD
PT91241938,1970,F,UT
PT34850542,2011,M,KY
PT18672617,1983,F,CO
PT27160675,1979,M,AK
PT63081586,1985,F,NE
PT83695044,1967,F,NE
PT41867768,1965,F,AR
PT25721700,1969,M,IN
PT86833879,1981,M,CA
PT70806569,1995,F,CA
PT87986076,1966,M,NH
PT60904510,1963,F,WY
PT59605708,1982,M,NC
PT83478630,1979,M,WI
PT21428581,1978,F,LA
PT35983485,1984,F,NM
PT41083211,1985,F,WI
PT78306858,1962,F,NC
PT63296871,1990,F,WY
PT45088389,1999,F,MD
PT19970516,1982,M,MT
PT47388694,1967,F,LA
PT23254796,1986,F,MN
PT63439090,1981,M,LA
PT89747171,1984,F,OK
PT60625172,1984,M,MD
PT94196913,1987,F,FL
PT68547248,1975,F,ME
PT97902663,1982,F,NC
PT91821337,2008,M,WV
PT69892581,1984,F,CA
PT61935582,1983,M,OK
PT60292969,2005,F,FL
PT39046782,1972,F,FL
PT65799833,1978,M,DE
PT16792445,1976,M,OR
PT84030176,1963,F,NV
PT24801947,1976,M,MA
PT91373985,1972,F,LA
PT22841787,1984,M,TN
PT82525914,1966,F,IN
PT32938362,1964,M,NH
PT85478789,1974,M,NY
PT41957647,1979,F,UT
PT51576205,1961,F,MO
PT18347329,1967,M,ND
PT79749656,1974,M,MT
PT37218611,1969,F,MI
PT28463321,1992,M,DC
PT60566026,1972,M,TN
PT35867059,1970,F,AL
PT89087018,1979,F,IL
PT66222160,1958,F,DE
PT60526779,1995,F,WA
PT69184347,1956,F,CA
PT29769777,1977,F,IN
PT52270428,1976,M,NM
PT46949160,1984,F,NJ
PT95497070,1975,F,RI
PT37302418,1970,F,MD
PT77483179,1971,M,CA
PT45872863,1972,M,NY
PT88833516,1975,M,AL
PT73358389,1986,F,KY
PT76026626,2001,F,RI
PT79286949,1970,M,GA
PT97102086,1980,M,HI
PT34074461,2009,F,SC
PT41952948,1988,M,CA
PT84151840,1959,F,ND
PT12280137,1967,F,NE
PT94073896,1972,M,AZ
PT69331917,1986,M,ID
PT23279674,1970,F,GA
PT22934079,1973,M,TX
PT22736907,1981,F,AK
PT85954826,1950,M,IN
PT25430740,1961,F,AR
PT54637749,1976,M,LA
PT38552268,1984,F,VT
PT33509002,1983,F,AL
PT75398704,1960,F,CA
PT68468175,1961,M,IN
PT44286260,1969,F,OH
PT84819344,1960,M,LA
PT50053777,1983,F,DE
PT75040556,1995,F,TX
PT62318674,1992,F,AZ
PT28235219,1974,F,AK
PT23930078,1962,M,HI
PT90702554,1979,F,FL
PT28004362,1968,F,WV
PT25283704,1973,F,OR
PT95810042,1962,F,AZ
PT50618288,2001,F,IA
PT80432983,1982,F,OH
PT20240247,1981,F,NC
PT32922738,1996,F,ME
PT63999946,1985,F,IL
PT21196813,1987,F,AR
PT37085964,1983,F,WV
PT14337942,1968,M,MS
PT55189783,1981,F,CO
PT46619100,1988,F,WV
PT87621649,1972,F,KY
PT66066917,1954,M,NH
PT90948813,1980,F,WV
PT26771083,1968,F,ID
PT96223331,2011,F,NV
PT47509215,1978,F,
PT14104905,1979,F,AR
PT76572272,1979,F,AR
PT35560566,1969,F,MI
PT48023078,1977,F,AR
PT89992552,1980,F,NH
PT75842733,1965,F,VT
PT59201293,1993,F,AR
PT33567946,1963,M,ME
PT85779892,1994,F,PA
PT61544886,1983,F,AL
PT20115480,1966,M,KS
PT17851972,1979,F,NE
PT51798811,1956,F,NC
PT61125134,1971,F,GA
PT18939055,1973,F,NJ
PT70527460,1972,F,NY
PT10482797,1974,M,NM
PT44467662,1990,M,MS
PT42234145,1977,F,VA
PT34721378,1989,F,GA
PT54688375,1977,M,AR
PT11290144,1980,F,IN
PT98753600,1996,F,WI
PT17077563,1977,F,AL
PT57903321,1954,F,AK
PT55709606,1995,F,PA
PT98398398,1970,F,NM
PT94528960,1964,F,AZ
PT80105351,1966,F,MN
PT34825860,1988,F,DE
PT81218122,1983,M,GA
PT82070796,2000,F,NE
PT19390376,1992,F,IL
PT69460187,1992,F,AZ
PT15506164,1982,M,FL
PT44860654,1985,F,MN
PT53317895,1982,M,MO
PT24519968,1975,M,MN
PT85634414,1972,M,NV
PT71355718,1979,F,WV
PT62767698,1971,M,DE
PT41197284,1981,F,VA
PT51067222,1965,F,AZ
PT10490174,1983,M,AR
PT71961513,1973,M,NH
PT58348953,1980,F,NM
PT51073445,1965,F,OR
PT60424280,1972,F,WI
PT38182453,1966,F,KY
PT15609195,1977,M,MN
PT81463820,1966,M,VA
PT14363422,1971,F,DC
PT36392203,1977,M,NY
PT32339537,2001,M,WV
PT62286144,1978,F,AK
PT82355821,1998,M,WI
PT19147419,1972,F,LA
PT42075891,1978,F,NC
PT71958982,1985,M,MS
PT24292311,1965,F,KS
PT87822596,1986,F,GA
PT60981919,1974,F,AK
PT80522668,1969,M,CT
PT81975875,1990,M,MS
PT83183594,1973,F,AK
PT24947228,1995,M,VA
PT17179282,1990,F,RI
PT25773437,1993,F,AZ
PT62255924,1977,M,MT
PT96033982,1969,M,KY
PT38442672,1975,F,MD
PT70915062,1972,F,OK
PT76177744,1969,M,SD
PT48061494,1976,F,CA
PT59545346,1982,F,AR
PT18243517,1980,F,AK
PT19622219,2000,M,OK
PT73762028,1981,F,NC
PT68942408,1976,M,MS
PT44173797,1976,F,AR
PT37910643,1981,F,VT
PT10908831,1956,F,ME
PT58248609,1987,M,TN
PT72990746,1989,F,FL
PT16100634,1995,M,MD
PT26885718,1981,M,ND
PT91876430,1960,F,MS
PT69503529,1991,F,KY
PT15926098,1960,M,WI
PT82870799,1961,F,TX
PT11607417,1991,F,OH
PT54935752,2005,F,GA
PT36102852,1963,F,IN
PT41912304,1955,F,LA
PT51086583,1960,M,NC
PT40456062,1962,F,AZ
PT38209881,1990,M,NY
PT28677179,1994,F,TX
PT67631211,,M,NM
PT16911012,1967,F,GA
PT23457818,1979,F,OK
PT98699561,1973,F,TN
PT94631609,1967,F,UT
PT46068007,1960,F,PA
PT35323357,1999,F,MD
PT72786365,1966,F,GA
PT24265275,1971,F,VT
PT88516323,1986,F,LA
PT95179356,1999,M,CT
PT28407566,1959,M,NE
PT64169424,1979,M,FL
PT62473957,1976,F,AR
PT82524292,1980,F,KY
PT94440151,1979,F,MI
PT32348078,1981,F,OH
PT42803317,1960,F,NM
PT22339000,1981,M,CT
PT92317418,1989,M,AR
PT69469759,1970,F,CO
PT77676897,1965,M,UT
PT85258913,1967,M,WI
PT26024679,1973,M,WY
PT99739151,1982,F,MD
PT35990116,1983,F,CT
PT38408183,1964,M,MS
PT44914210,1970,F,NC
PT77307148,1980,M,KY
PT23991984,1980,M,OH
PT34491492,1992,F,CO
PT95963147,1989,M,NE
PT93385545,1982,F,IA
PT63993430,1998,M,KS
PT75328613,1977,F,DC
PT12392955,1975,M,WV
PT49974195,1972,F,OK
PT61634472,1987,M,IA
PT46655631,1972,M,UT
PT95858557,1975,M,IA
PT46129829,1983,M,AZ
PT28861310,1995,M,SD
PT24754396,1989,F,NM
PT43494050,1987,F,UT
PT88962054,1969,M,DC
PT12885593,1988,M,AL
PT72363397,1963,F,MS
PT87597010,1976,M,NY
PT82981213,1983,M,NH
PT60404720,1987,F,HI
PT85814230,1960,F,GA
PT64687820,1958,F,NC
PT69905342,1993,M,NE
PT60566131,1971,M,NE
PT93903027,1996,F,DC
PT25888989,1977,F,GA
PT61009117,2004,F,KY
PT36443363,1965,M,AK
PT85747027,1974,M,IN
PT44388120,1972,M,KS
PT56689140,2002,F,AL
PT77607406,1963,F,OH
PT34931493,1997,M,IL
PT88615681,1980,F,NH
PT41969387,1966,F,NH
PT15051711,1977,F,FL
PT49243681,1985,M,OH
PT75364223,2006,M,KY
PT36153249,1999,F,NY
PT42121963,1980,M,WV
PT54086857,1971,F,KY
PT17727836,1962,F,NJ
PT61714709,2005,F,OR
PT87818759,1969,M,ND
PT18752511,1969,F,AZ
PT66452795,1977,M,ID
PT79954023,1961,F,DC
PT71153201,1989,F,PA
PT46238634,1972,F,CT
PT90196408,1962,F,SC
PT89970011,1954,M,NH
PT46560914,1991,F,OH
PT74229329,1989,F,VT
PT99645992,1983,F,SC
PT24692625,1983,F,NE
PT44922828,1988,M,OR
PT70355572,1970,M,KY
PT11547984,1962,M,SC
PT86014251,1979,F,WA
PT70171480,1957,F,NM
PT58581028,1973,F,DE
PT63739534,1980,M,OK
PT57494892,1980,F,VA
PT17465387,1972,F,CO
PT87383637,1977,M,MA
PT56189905,1978,M,NH
PT63086967,1954,M,NV
PT80542427,1971,F,DE
PT59442859,1978,M,ID
PT18947845,1972,F,IN
PT81628051,1984,M,HI
PT68106901,1967,F,WI
PT14490404,1971,F,AR
PT18365305,1962,F,PA
PT86445950,1971,M,DE
PT61533116,1980,M,TN
PT51844200,1988,F,NH
PT51375122,1973,F,ME
PT34382866,1975,F,WA
PT97430644,1976,F,IL
PT12013808,1964,M,RI
PT89439545,1979,M,RI
PT74796481,1978,M,SC
PT39331854,2009,F,OH
PT52395808,1988,M,AZ
PT99309328,1962,F,NY
PT75930967,1967,M,IN
PT58700609,1978,M,TX
PT73469223,1982,F,AR
PT18003371,1984,F,MS
PT32675088,1964,F,CA
PT43435145,1992,M,VA
PT63106172,1984,F,WI
PT12892802,1979,M,MT
PT23034926,1962,F,CT
PT50250108,1965,F,NC
PT19862275,,M,SD
PT29975963,1991,F,WI
PT31194641,1977,F,WV
PT56444868,1991,M,KS
PT50299114,1976,F,TN
PT20622310,1993,M,WA
PT51084883,1955,M,TX
PT80953951,1975,F,ID
PT48660339,1962,F,IA
PT63529992,1991,F,GA
PT63118155,1990,M,NM
PT48587435,2012,M,ND
PT72550166,1960,F,LA
PT55363274,1988,F,TX
PT49750211,1982,M,NV
PT25707255,1967,F,ME
PT80268637,1986,M,IA
PT47126538,1980,M,ND
PT91218896,1970,F,OK
PT62676559,1998,M,GA
PT61381086,1967,F,NV
PT60531757,1961,F,TX
PT41353612,1975,M,RI
PT64672272,1978,F,MN
PT19020066,1987,F,WV
PT87841468,1979,F,WV
PT93641655,1988,F,KY
PT93906125,1979,M,UT
PT17472240,1990,U,AZ
PT22207439,1961,M,NM
PT20548746,1988,F,WY
PT65621612,1972,M,CT
PT42961304,1967,M,OR
PT25441191,1965,F,OK
PT51485101,1979,F,LA
PT23088006,1995,F,AR
PT57748484,1963,M,AZ
PT69446030,1995,M,WI
PT20775315,1982,F,KS
PT26810669,1978,M,VA
PT10001205,1975,F,WY
PT78499581,1967,F,SD
PT10884633,1975,F,CO
PT51137769,1992,F,NE
PT81993929,1985,F,NV
PT33103911,1975,M,AR
PT41400268,1994,M,MO
PT44076406,2002,M,NM
PT13752285,1968,F,MO
PT42124686,1977,M,NC
PT29791459,1962,M,KY
PT24314635,1973,M,ME
PT55352633,1969,M,MD
PT32736465,1968,M,AK
PT99924718,1988,F,WV
PT85493071,1993,F,LA
PT51904764,1982,F,DE
PT19479824,1980,F,SC
PT60243989,1965,F,NY
PT46840128,1985,F,SD
PT70330446,1995,F,DE
PT85635331,1968,M,AL
PT65711007,1978,F,MT
PT41905215,1982,M,KS
PT85528615,1990,F,VA
PT35360906,1979,F,MS
PT64055380,1969,F,NC
PT56946479,1987,F,NH
PT35623160,1953,F,VA
PT63960412,1991,F,WY
PT99527957,1987,F,IA
PT78912313,1980,F,DE
PT37892417,1979,F,TN
PT74268072,1952,F,MD
PT95126909,1983,F,SC
PT52818774,1966,F,OK
PT83211766,1985,F,NV
PT95119629,1973,F,NY
PT40900004,1986,M,GA
PT94740572,1977,F,ME
PT55967039,1990,F,IA
PT48020870,1982,F,NJ
PT93966905,1996,F,DC
PT94313935,1981,M,WY
PT73228148,1982,F,LA
PT44238974,1980,F,WV
PT49080341,1990,F,FL
PT17134952,1986,M,PA
PT31173626,1987,M,CA
PT14504033,1987,F,MO
PT83557073,1956,M,MT
PT93186871,1959,F,VA
PT41035130,1959,M,NY
PT37268812,1982,F,WA
PT23714667,1976,F,NJ
PT77081577,1973,M,DE
PT32871149,1983,F,MT
PT55225523,1980,F,NH
PT91811227,1975,F,LA
PT23182162,1962,F,ID
PT26876062,1956,M,NH
PT88475731,1966,F,OK
PT21185797,1975,F,UT
PT93044813,1995,F,NH
PT15065392,1982,F,IA
PT96419068,1975,U,WV
PT27348156,1980,F,CO
PT48613873,1983,F,TN
PT22677347,1996,F,CO
PT27497145,1953,F,OK
PT79408557,1965,F,OK
PT56259641,1976,F,AK
PT16342931,1981,F,AR
PT13108953,1971,F,NE
PT31039543,1992,F,IL
PT20363669,1976,F,DC
PT57880498,1965,M,MI
PT71875358,1961,F,CT
PT98789363,1985,F,FL
PT70714664,1992,M,WI
PT82833499,1993,F,ME
PT66486656,1983,F,CA
PT36961873,1980,M,OK
PT16264558,1966,F,MD
PT30664017,1958,M,SD
PT28378826,1998,F,KY
PT68420899,2000,M,CA
PT21515326,1997,M,ID
PT86642620,1988,F,MA
PT56354385,1974,M,TN
PT63805004,1983,F,WY
PT86770418,2005,F,HI
PT31514115,1974,F,VA
PT87209155,1982,F,VA
PT99407686,1976,F,AL
PT36862377,1996,F,AL
PT64938069,1992,M,UT
PT15180632,1960,F,MN
PT25034559,1985,F,IL
PT34801145,1974,M,SD
PT79471915,1975,F,TN
PT96432575,1971,F,IN
PT96256776,1984,M,NE
PT44915122,1975,F,AL
PT65851971,1982,F,MD
PT46103704,1960,F,PA
PT42911442,1985,M,NH
PT18323297,1974,F,TX
PT31849064,1993,F,WV
PT69830943,1982,F,TX
PT37114107,1986,F,AL
PT22244338,1973,M,WV
PT82001705,1984,F,TN
PT87977164,1969,F,CT
PT10582658,1975,F,FL
PT30278679,1990,F,GA
PT27412818,1970,F,LA
PT36530949,1983,F,AL
PT34585415,1989,F,WA
PT98525748,1978,M,NH
PT12734593,1973,F,HI
PT43855588,1966,F,IA
PT75906882,1986,F,SD
PT10061145,1978,M,OR
PT60369222,1982,F,WV
PT77700459,1978,F,FL
PT86481615,1974,F,CA
PT59979134,1965,F,NC
PT23146617,1971,U,NM
PT77382743,1967,F,KS
PT36660676,1976,F,NY
PT49636722,1971,M,OK
PT39123932,1991,F,NE
PT13049233,1973,F,ID
PT10424008,1973,F,TN
PT68261566,1984,F,OK
PT87242343,1962,M,WI
PT86327224,1994,F,WA
PT96082397,1978,F,TN
PT75005809,1986,F,OK
PT49512216,1995,F,CA
PT77498118,1982,M,GA
PT24568013,1962,F,CO
PT22876245,1963,F,NY
PT49693995,1994,U,WA
PT77292533,1965,F,ID
PT60942580,1964,F,WI
PT67807637,1959,F,MD
PT62417855,1983,F,AZ
PT49815750,1973,M,CO
PT41717452,1983,F,NM
PT31667940,1983,F,NH
PT99754339,1971,F,OK
PT53073581,1989,F,TX
PT25546085,1960,M,RI
PT11709298,1962,M,AZ
PT58284729,1968,F,WY
PT71250937,1975,F,NM
PT98730790,1961,M,WA
PT19184310,1975,M,NJ
PT91181383,1961,F,MO
PT91292949,1970,M,ID
PT41049938,1992,M,NV
PT86052117,1992,M,AZ
PT53629298,1960,F,SD
PT56754132,1990,F,AL
PT31158414,2001,F,FL
PT96065621,1969,M,MD
PT58895051,1991,M,MO
PT40742593,1971,F,MS
PT97606680,1980,F,WV
PT57123395,1978,F,CT
PT65713476,1975,F,ME
PT89959146,1981,F,FL
PT45517121,1976,M,LA
PT78715085,1997,M,CT
PT28839275,1975,F,MN
PT90627958,1960,F,MI
PT72372979,1976,M,FL
PT68029805,1969,F,MN
PT22797661,1978,F,WA
PT95370070,1977,F,WY
PT68030910,1988,F,AR
PT38761722,1974,F,DC
PT14443580,1977,F,LA
PT39531318,1982,F,SC
PT93132233,1980,F,DE
PT49126693,1998,F,VA
PT59658459,1971,M,MS
PT92151147,1982,F,AL
PT70679085,1997,M,AR
PT64931465,1976,M,UT
PT62995800,1961,M,ND
PT47554499,1975,F,MN
PT72088367,1970,F,DE
PT34463965,1979,F,CO
PT29196293,1982,F,RI
PT35856849,1960,F,MN
PT93458044,1978,F,VT
PT33201845,1969,M,AR
PT94278769,1974,F,AL
PT20250473,1983,F,VT
PT62379483,1961,M,MO
PT99410484,1960,M,VT
PT95670926,1988,M,TN
PT82413340,1966,M,ID
PT38243383,1974,F,MS
PT75410880,1971,M,NC
PT86870298,2000,F,MD
PT10881953,1979,F,IA
PT89259419,1978,F,AK
PT93074486,1981,F,KS
PT95523047,2001,F,WI
PT67760426,1985,F,MA
PT47409591,1986,M,NJ
PT26640972,1976,M,MS
PT10285343,1959,M,TN
PT41770746,1996,F,DC
PT26040808,1977,F,TX
PT87540555,1962,F,MS
PT18780614,1976,F,WI
PT79968960,1982,M,OK
PT85559231,1986,F,AR
PT46117933,1979,F,ID
PT49199686,1969,F,GA
PT87826345,1972,M,AR
PT39646621,1973,F,NM
PT88082444,1982,F,NY
PT37297656,1976,F,NC
PT47079242,1982,M,LA
PT80653401,1986,F,AK
PT59123724,1959,F,NC
PT39480892,1980,M,SC
PT60291341,1980,F,GA
PT26736630,2007,F,SD
PT29299580,1979,F,MS
PT34349744,1959,F,AR
PT56377881,1986,F,FL
PT33888031,1970,F,MI
PT31667615,1968,F,MI
PT60318569,1991,M,ND
PT81831613,1960,M,WA
PT89462014,1976,U,SD
PT54584416,1995,F,MA
PT15799697,1982,F,WV
PT60282392,1969,F,ND
PT61068153,1972,F,MI
PT31205148,2005,M,UT
PT65466713,1988,M,WV
PT88468272,1994,F,LA
PT37282367,1984,F,LA
PT79871416,1993,F,GA
PT65274203,1969,F,LA
PT45861387,1982,F,NJ
PT94380675,1975,M,NJ
PT55857207,1969,M,NC
PT85380929,1984,F,IL
PT50377664,1977,F,MS
PT96526995,1982,M,LA
PT51156938,1999,F,AZ
PT73010933,1974,F,CO
PT23744352,1982,F,MI
PT48784731,1982,M,MA
PT53140322,1979,F,MA
PT84455059,1983,F,WA
PT76941990,1972,F,AL
PT43795440,2004,F,OK
PT92455388,1968,M,OH
PT52997100,1964,F,VT
PT89792755,1978,F,ND
PT16654967,1962,F,MN
PT69807968,2002,F,WV
PT34258715,1971,F,WY
PT69030283,1964,F,IN
PT43816992,1965,M,WA
PT93341049,1984,F,NC
PT89090813,1960,F,
PT69351187,1994,F,NC
PT34763610,1990,F,SD
PT86449507,1970,F,LA
PT56660975,1972,F,TN
PT50822699,1970,F,TX
PT96338342,1975,F,NE
PT43722182,1988,M,AK
PT11833013,1983,M,VA
PT13239265,1976,M,LA
PT71834241,1973,F,MA
PT22031885,1989,M,MN
PT25703862,2001,M,SD
PT49665853,1989,F,NV
PT89851329,1961,M,NM
PT57143983,1987,M,NC
PT76860745,1974,F,MI
PT39264101,2000,F,CA
PT75712892,1972,F,AL
PT81257757,1959,F,MA
PT48076979,1975,M,NM
PT24633172,1979,F,MT
PT47348026,1986,F,NY
PT68823011,1991,M,DC
PT21697775,1962,M,CO
PT10015178,1972,F,DC
PT26892982,1966,F,MA
PT44067394,1977,M,OR
PT22919927,1982,M,KY
PT35618558,1955,M,MS
PT43817610,1960,F,MN
PT92170383,1961,M,MS
PT24783628,2001,F,IA
PT30402596,1979,F,IL
PT48994637,2003,M,DE
PT33491217,1995,F,RI
PT60806873,1979,F,AK
PT59668959,1959,F,OR
PT56929217,1967,F,TX
PT14538630,1984,M,IA
PT75680752,2000,F,PA
PT57262420,1977,M,CA
PT86907426,1984,F,GA
PT58269473,1995,M,DC
PT82938283,1978,F,MD
PT75977321,1984,F,KS
PT64352312,1977,M,RI
PT10051824,1967,F,HI
PT77763064,1970,F,MT
PT76438416,1985,F,MT
PT10314501,1986,M,NJ
PT24455190,1968,F,CT
PT18450697,1987,F,WY
PT67194997,1986,M,NJ
PT52336792,1969,F,IN
PT10948888,1969,F,MT
PT79195266,1989,F,GA
PT67856027,1981,F,DE
PT57322376,1987,M,FL
PT17820784,1965,F,MO
PT47560207,1995,F,IA
PT92875394,1964,M,AK
PT95665340,1975,F,MO
PT52439161,1994,F,AR
PT81091993,1974,F,DE
PT84957909,1972,F,NY
PT91792614,1984,F,IN
PT96206321,1989,F,AZ
PT44279833,1960,M,AK
PT72073144,1987,M,NY
PT27533944,1967,M,IL
PT32381418,1969,F,AR
PT24579721,1975,F,SC
PT53584624,1983,F,TN
PT60757979,1994,F,MI
PT62409002,1984,F,DC
PT24581911,1980,M,NJ
PT28335628,1995,M,TX
PT63968393,1974,M,TX
PT77707546,1979,F,AZ
PT54770545,1971,M,MO
PT94461987,1988,F,OK
PT73798981,1969,F,IA
PT83502711,1990,M,MS
PT93538856,1982,F,OR
PT69988370,1993,M,GA
PT80835867,1994,F,RI
PT72415669,1960,F,AR
PT86921983,1984,F,TX
PT69160385,1964,M,ID
PT58571229,1994,M,NC
PT32008285,1973,F,ND
PT20167688,1959,F,WI
PT10288656,1970,M,OH
PT86767360,1984,F,PA
PT14320733,1973,F,NH
PT63492029,1993,M,FL
PT35191271,1960,M,MN
PT95272147,1980,F,DC
PT39850726,1953,M,CO
PT82357955,1967,F,NJ
PT87932129,1970,F,GA
PT20547072,1969,F,MA
PT71067311,1974,F,MI
PT63893396,1996,F,
PT33213374,1977,F,WV
PT36183949,1979,M,NE
PT83573116,1975,M,SD
PT75748551,1974,F,LA
PT50952196,1976,M,TX
PT61274178,1961,M,MD
PT13306243,1972,F,MO
PT24250643,1991,F,SD
PT79853356,1973,F,KS
PT72671679,2001,M,UT
PT83155050,1984,F,LA
PT70763124,1989,M,SC
PT56800911,1972,M,WV
PT80819313,1992,F,IN
PT89378792,1989,M,DE
PT60608432,1963,F,DC
PT46750545,1963,F,WY
PT91537507,1972,F,CO
PT81268943,1995,M,GA
PT51696731,1986,F,IA
PT56670556,1989,F,OR
PT87213665,1997,F,NC
PT33741843,1985,F,MN
PT73801059,1968,F,NJ
PT26251711,1987,F,KY
PT36114213,1999,M,IL
PT39989529,1990,F,AR
PT71468038,1963,M,AR
PT34821105,1967,F,MD
PT64946127,1985,F,VT
PT33028576,1982,F,TX
PT94434131,1983,F,GA
PT44678493,1973,F,NE
PT90931143,1986,M,AK
PT57058784,1957,F,GA
PT35500597,1972,F,WA
PT42664580,1983,M,HI
PT90902466,1984,M,CA
PT91309979,1978,M,AK
PT61992448,1996,F,AK
PT84033542,1990,M,RI
PT59051196,1988,M,TX
PT90627381,2008,F,SC
PT35502812,1975,F,WY
PT61248083,2010,F,IA
PT48744756,1975,M,MT
PT43092064,1991,F,MT
PT53428793,1962,M,NV
PT81848088,1990,F,CT
PT43933337,1980,M,MD
PT97985877,1960,F,PA
PT56812731,1987,M,HI
PT65049467,1960,F,OH
PT44006430,1994,F,AR
PT56134681,1969,F,ND
PT19221048,1980,M,NM
PT54593838,1972,F,KY
PT44404899,1986,F,UT
PT83180336,1984,F,DE
PT59675070,1990,M,CA
PT74986131,1978,M,TN
PT81112433,2010,F,CO
PT33830140,1985,F,VA
PT75423329,1963,F,MA
PT95783771,1980,F,UT
PT75810741,1985,M,AK
PT98429852,1970,F,GA
PT26901802,1989,M,KS
PT54542113,1968,F,WV
PT37532964,1973,M,AK
PT11998874,1988,F,OH
PT62841276,1972,M,NE
PT22913522,1989,F,MT
PT95762214,1980,F,NJ
PT21923555,1975,F,WV
PT52144653,1973,F,AR
PT55866753,1972,M,OR
PT20380454,1975,M,KY
PT79537014,1975,F,OR
PT98979849,1963,F,AL
PT19066419,1965,M,HI
PT91911202,1974,F,WV
PT28229113,1963,F,GA
PT53885470,1976,F,AR
PT50249904,1983,M,SC
PT21597335,1966,M,PA
PT90667339,1975,F,ME
PT24805301,1969,F,TN
PT25413596,1991,M,TX
PT37659887,2013,F,VT
PT31957520,1997,F,DC
PT31848479,1974,M,ND
PT59071917,1967,M,TN
PT26865787,1956,F,TN
PT70701900,1968,M,OH
PT46061208,1970,F,NC
PT73053397,1975,F,CA
PT88387873,1967,F,PA
PT26252522,1993,F,MT
PT34354003,1993,M,WY
PT36255404,1985,F,RI
PT30064493,1975,F,DC
PT96292552,1976,F,FL
PT22405536,1983,F,NC
PT80117523,2000,M,MA
PT39263011,1978,F,ME
PT18768520,1970,M,GA
PT13300356,1986,F,WV
PT65335240,1983,M,MS
PT31220347,1972,F,AZ
PT75617992,1964,F,IN
PT43733586,1983,M,MI
PT52741907,1985,F,RI
PT59052172,1978,F,WA
PT62811814,1992,F,PA
PT18292973,1989,M,NM
PT50016537,1985,F,ME
PT36777017,1982,M,FL
PT87436659,1974,F,NY
PT44361325,1984,F,SD
PT84563275,1995,F,NV
PT76261628,1975,M,IA
PT28218160,1977,F,NM
PT76816931,1971,M,TX
PT41508886,1967,F,SD
PT36878744,1959,F,LA
PT60612953,1986,F,TN
PT58274049,1980,F,NY
PT99524030,1992,M,PA
PT41827855,1967,F,VT
PT71825362,1967,M,MD
PT55630663,1983,F,NC
PT57891018,1978,F,MD
PT11220451,1973,F,MS
PT26236341,1977,M,CT
PT39779534,1962,F,ID
PT22283353,1985,F,MO
PT24338446,1982,F,AZ
PT15824472,1979,M,MT
PT89729820,1965,F,MO
PT72584994,2011,F,VT
PT13163470,1991,F,CO
PT57729882,1977,F,UT
PT12843349,1977,F,RI
PT45961756,1987,F,CO
PT76400566,1965,F,AZ
PT37645386,1967,F,MA
PT25107212,1992,F,NV
PT71267973,1981,F,MI
PT33078629,1961,M,MD
PT45272152,1975,F,AL
PT77073911,1961,M,NH
PT25765827,1984,M,LA
PT43254669,1974,F,KS
PT42337386,1962,M,CT
PT34482359,1976,F,NJ
PT52791115,1961,F,NE
PT49204581,1961,F,TX
PT20571447,1982,M,AL
PT97286506,1979,F,SD
PT21632263,1975,F,DE
PT80568889,1983,F,IN
PT44205294,1986,F,MT
PT94996343,1969,F,TN
PT83767140,1991,F,WV
PT33975297,1988,F,AK
PT16604010,1972,F,NY
PT68960793,1969,F,OH
PT24614301,1988,F,WY
PT19900068,1954,F,ME
PT83941786,1992,M,NE
PT27755509,1979,F,DE
PT11430582,1998,F,NJ
PT67656236,1961,F,CT
PT54435722,1978,F,TX
PT78876140,1992,F,OH
PT69495299,1974,F,TN
PT34302114,1986,F,TN
PT80624511,1980,F,NM
PT19383280,1962,M,AR
PT50225368,1973,M,UT
PT62560469,1985,M,MS
PT41591297,1971,F,NC
PT41571001,1986,M,WY
PT66429304,1987,M,WV
PT42767063,1985,F,CT
PT13044968,1999,F,WV
PT33789773,1995,F,NM
PT83508798,1980,M,TN
PT82727230,1964,F,KY
PT51080458,1973,F,AR
PT63788402,2000,M,KY
PT78148633,1971,F,FL
PT43812709,1960,F,NV
PT80977964,1994,F,OK
PT93282333,1981,M,ME
PT66507672,1996,F,CT
PT54913163,1968,F,DC
PT52408744,1978,F,DE
PT82593330,1976,M,MT
PT56810718,1960,F,AZ
PT96323252,1992,F,WV
PT95088201,1990,F,AL
PT78502602,1973,M,WI
PT22003404,1989,F,GA
PT80714911,1995,F,MI
PT50775843,1987,F,TN
PT51905427,1966,M,KY
PT20899244,1974,F,RI
PT15888830,1962,M,LA
PT20558108,1968,F,IA
PT60814835,1970,M,VT
PT41410367,1993,F,IL
PT73101494,1982,F,VA
PT32084217,1961,F,FL
PT52943476,1983,F,MO
PT67487737,1973,F,CA
PT53530417,1974,M,MN
PT96363822,1975,F,IL
PT36449975,1976,F,
PT13919826,1984,F,NH
PT52496214,1985,F,DE
PT93896386,2006,F,WA
PT41243639,1971,F,GA
PT68664672,2010,F,ND
PT86662260,1988,F,MS
PT32458452,1987,F,WV
PT37827202,1968,F,NE
PT27647982,1982,M,IN
PT81852090,1983,F,IA
PT78899717,1980,M,OK
PT76574523,1964,M,NE
PT83257925,1967,F,ME
PT30564341,1965,M,MO
PT42914588,1964,F,SC
PT37276978,1987,F,UT
PT34645201,1975,F,MI
PT13760818,1960,F,OH
PT11892485,2001,M,DE
PT31652862,1960,F,NC
PT32037346,1987,M,WY
PT66904301,1995,F,WV
PT26892728,1968,M,RI
PT87987594,1974,F,IL
PT95998694,1972,M,NE
PT13451879,1971,F,VA
PT34772783,1971,F,VA
PT44581806,1997,F,VA
PT48764784,1987,F,SD
PT72867899,1963,F,DE
PT10772488,1960,M,MS
PT32333207,1978,F,GA
PT59111960,1983,F,VT
PT88308666,1973,F,RI
PT78359084,1991,F,OR
PT40182225,1983,M,SC
PT87945079,1973,M,IN
PT83078955,1966,M,RI
PT22160008,2008,M,MT
PT58261279,1970,F,MD
PT77391172,1984,F,KY
PT10172675,1982,F,GA
PT45545672,1972,F,HI
PT96561447,1974,F,CT
PT42825490,1977,F,RI
PT61416640,1971,M,CT
PT16447820,1988,M,NE
PT97410123,1973,M,IN
PT73574517,1974,F,SC
PT11727323,1981,F,DC
PT67500116,1973,F,TX
PT88020654,1970,M,ND
PT76673538,1972,F,ID
PT89605594,1967,F,AR
PT51853499,1979,F,WY
PT71596667,2010,M,HI
PT25411637,1967,F,AL
PT62303941,1976,F,DC
PT12701842,1969,F,AR
PT37392142,1986,M,NC
PT60443086,1974,F,IL
PT26895494,1980,M,AR
PT14134527,1967,F,VA
PT77478994,1992,F,KY
PT98948892,1983,F,DC
PT21447856,1968,M,MS
PT23704008,1979,M,ID
PT50759970,1971,F,NV
PT70547571,1975,F,WA
PT43798109,1981,M,UT
PT79951226,1966,M,MN
PT23221747,1965,F,DE
PT20894125,1970,M,MS
PT49730790,1972,F,DC
PT47510638,2010,F,NJ
PT32956465,1984,M,KY
PT59738962,1972,F,LA
PT72588550,1976,F,MT
PT56432131,1953,F,GA
PT91702281,1981,M,WA
PT31112944,1975,F,MO
PT19717698,1991,M,SC
PT58198340,1969,F,TX
PT24591207,1979,M,LA
PT75445817,1965,M,MD
PT47164751,1967,F,AR
PT62783097,1990,F,FL
PT39902990,1954,F,MS
PT26864558,1996,M,UT
PT46875338,1971,F,OR
PT91764067,1980,F,DC
PT43625215,1980,F,CT
PT63048861,1996,F,KY
PT37255867,1979,M,
PT52836982,1962,F,OR
PT93622246,1962,F,MD
PT57877600,1977,M,CA
PT96792261,1967,M,SC
PT48248846,1963,F,WV
PT83165907,2008,F,SC
PT62096269,1975,F,NJ
PT22592533,1965,M,MN
PT47540844,1975,F,PA
PT20295260,1977,F,ME
PT53250173,1981,M,FL
PT26490851,1968,F,WY
PT49529698,1988,F,MD
PT51730133,1982,F,RI
PT83612613,1973,M,WY
PT45449497,1956,M,VT
PT66667483,1985,F,OK
PT41819980,2002,M,IA
PT27902158,1987,F,AL
PT91804669,1998,F,KY
PT20977905,1957,F,VT
PT86647032,1988,M,DC
PT71919476,1977,F,MN
PT86340102,1982,M,OK
PT90730190,1968,M,UT
PT22177173,1979,F,MA
PT10526552,1958,F,NJ
PT35323514,1967,F,FL
PT74195433,1969,M,WV
PT68653373,1969,F,OR
PT45131587,1965,F,MD
PT24109882,1990,M,MN
PT45006278,1963,F,WY
PT13166705,1960,F,NH
PT43287566,1992,M,SC
PT71467447,1963,F,VT
PT85543616,1967,F,SD
PT41463834,1972,F,GA
PT69585311,1979,M,VA
PT42812596,1960,F,NE
PT40329439,2003,M,ME
PT11007026,1978,F,IL
PT27279035,1973,F,NC
PT36464108,1984,M,GA
PT32386541,1978,F,UT
PT25369727,1960,F,MI
PT71463451,1993,M,VT
PT57899650,1975,F,IN
PT44673690,1987,F,MN
PT87994441,1965,F,ID
PT38233928,1976,F,FL
PT99338316,1976,M,MO
PT34522589,1961,F,CA
PT29416110,1985,F,AZ
PT19904288,1982,M,AZ
PT34951934,1978,F,CT
PT43351611,2000,M,MA
PT99612530,1964,M,FL
PT10350487,1974,M,MO
PT11596284,1977,M,IL
PT58306633,1980,M,NM
PT83584848,1961,F,SC
PT76850896,1993,F,IA
PT92427460,2010,F,WI
PT59296041,1977,F,KS
PT16272790,1960,M,IN
PT15811378,1988,F,NJ
PT46594603,1973,M,IN
PT92537597,1990,F,TX
PT59027499,1991,M,LA
PT52666545,1965,F,CO
PT40168905,1971,F,DE
PT46912237,1980,M,ID
PT84041854,1987,M,GA
PT99338953,2002,F,HI
PT14189650,,M,DE
PT97587428,1980,F,ND
PT24191776,1984,F,WI
PT27511384,1982,M,MI
PT86018232,1988,F,VA
PT26819633,2004,M,MN
PT32736205,1975,M,HI
PT41008298,1975,M,UT
PT71520193,1987,F,IN
PT10776671,1951,F,MS
PT28570875,1982,M,KY
PT64480826,1994,F,SD
PT48582733,1965,F,NY
PT11469915,1975,M,OK
PT42381209,1979,F,OR
PT25589253,1970,F,CO
PT85289460,1994,F,IL
PT85008393,1973,M,CT
PT88904588,1959,F,AR
PT38958890,1984,M,ID
PT96493394,1961,F,SD
PT54516215,1987,F,LA
PT97427918,1960,M,RI
PT93597653,2002,F,GA
PT11580262,1985,M,OR
PT82993752,1988,M,WV
PT37944643,1971,F,NH
PT32558149,1983,M,RI
PT54345900,1963,F,CA
PT39844977,1976,F,NV
PT42526867,1987,M,TX
PT30035461,1973,F,TX
PT85331659,1979,F,GA
PT36416327,1992,F,IA
PT28773105,1976,F,IL
PT90080016,1970,F,MD
PT68629024,1979,M,IA
PT70920724,1983,F,ID
PT34624387,1992,F,VA
PT36393935,1979,F,MD
PT76896079,1960,M,TN
PT35034809,1997,M,OR
PT58374957,1971,F,AR
PT78512429,1970,F,KY
PT52470342,1991,F,MI
PT45545563,1984,F,NM
PT38877933,1968,F,ME
PT93507225,1966,F,FL
PT99373732,1990,M,UT
PT96351523,1958,F,MI
PT94748754,1985,F,CA
PT12775269,1959,F,WA
PT47510224,1975,F,TX
PT80411675,1996,M,KS
PT29167372,1985,F,RI
PT11372978,1982,F,ME
PT94700320,1962,F,WV
PT28902395,1978,F,AR
PT87864061,1973,F,MI
PT56066895,1972,F,MS
PT51564265,1987,F,DC
PT27587176,1989,M,PA
PT38194047,1960,F,IL
PT33256317,1959,M,NJ
PT51485939,1961,F,AL
PT80977452,2009,F,NM
PT29230554,1980,F,VT
PT74907626,1970,M,RI
PT51225501,1980,F,NJ
PT82755653,1969,M,DC
PT66979247,1962,M,IN
PT31047733,1979,F,DE
PT19707612,2004,F,SC
PT17086602,1972,M,VT
PT84369193,1974,M,LA
PT79426588,1980,M,AR
PT35166729,1976,F,ID
PT25827077,1979,M,MI
PT60720237,1961,F,FL
PT54010453,1964,F,WI
PT71677330,1972,F,VA
PT29960002,1966,M,MS
PT33799916,1953,M,MO
PT74243816,1990,F,WI
PT55078169,1989,F,FL
PT26698163,1979,M,WV
PT94689546,1960,F,AK
PT83803684,1985,M,MT
PT31400546,1985,M,MI
PT75272143,1993,F,NY
PT95982979,1990,M,LA
PT66965714,1982,F,SC
PT43347669,1981,F,ND
PT21416790,1971,F,GA
PT60602862,1993,F,MN
PT52664873,1959,F,TN
PT16802745,1978,M,NH
PT97103023,1988,M,OK
PT84019656,1977,F,GA
PT62171190,1998,F,OR
PT15583929,2000,M,SC
PT63574596,1995,M,MD
PT78825942,1976,F,UT
PT27996406,1993,F,OH
PT52202331,1954,F,NV
PT93581208,1986,F,WA
PT16094612,1984,M,WY
PT51927336,1985,M,TN
PT36894124,1973,F,UT
PT15894567,1960,F,MS
PT76315341,1990,M,TN
PT66216876,1990,F,NH
PT86439758,1956,M,NJ
PT93202049,2001,F,AK
PT63629469,1979,F,LA
PT20751978,1982,F,OH
PT60029359,1971,F,SC
PT57356686,1991,F,WA
PT15099126,1962,M,ME
PT53998256,1978,F,CO
PT54380417,1990,F,LA
PT91770408,1985,F,SC
PT86532565,1962,F,OH
PT51861958,1968,M,IA
PT11326051,1975,M,LA
PT18747848,1990,F,MD
PT27379581,1988,F,MA
PT86424979,1983,F,ME
PT20061866,1970,M,TX
PT18472976,1976,M,NV
PT73874677,1976,F,UT
PT28474910,1984,F,WY
PT54381985,1982,M,WA
PT49246293,1980,F,CT
PT97647109,1986,F,KS
PT69579015,1965,M,IN
PT66182566,1988,F,UT
PT19862121,1985,M,NY
PT81113877,1981,M,KY
PT31979844,1973,F,AZ
PT10162734,1980,F,AZ
PT51488226,1993,F,ND
PT76573448,1976,M,ID
PT71898095,1968,F,VA
PT14332735,1977,F,NV
PT26394220,2003,M,MA
PT95817077,2009,M,MS
PT59223721,1962,M,HI
PT29578953,1980,F,MD
PT56529100,1997,F,OR
PT50241971,1986,F,VA
PT65887295,1992,M,OH
PT87447849,1993,F,MO
PT38742886,1986,F,SD
PT64690569,1973,F,KY
PT21773645,1991,F,WI
PT57979723,1976,F,AR
PT58627631,1989,F,LA
PT66732520,1976,M,MD
PT27164757,1976,F,NH
PT83408450,1973,M,OK
PT37111924,1971,F,FL
PT67597469,1976,F,RI
PT36266733,1973,F,AK
PT15474684,1966,F,CT
PT34087021,1980,M,MO
PT46267670,1986,F,FL
PT64437930,1978,F,WY
PT97900217,1969,M,RI
PT24095565,1973,F,AR
PT64153784,1960,M,FL
PT30408677,1964,F,NM
PT68699418,1976,F,WA
PT45780826,1975,F,SC
PT36004541,1975,F,AL
PT52821837,1984,M,NE
PT50459647,1980,F,UT
PT56502638,1973,F,OH
PT58107496,1980,F,DE
PT41822042,1999,F,WA
PT79174184,1978,M,GA
PT52796964,1986,F,FL
PT79643230,1993,F,WI
PT26891759,1973,F,RI
PT55804967,1961,F,KS
PT60633774,1984,F,SC
PT71395566,1965,F,PA
PT51563792,2003,M,SD
PT66652273,1990,M,HI
PT19195452,1976,F,DC
PT91591927,1987,F,MS
PT36632389,1966,F,IA
PT41413067,1996,F,NJ
PT99104352,1982,M,NC
PT31383964,1974,M,WI
PT85072454,1977,F,IA
PT84985807,1964,F,CT
PT11360654,1996,M,DC
PT27164254,1980,M,TX
PT82842131,1979,M,IN
PT95550271,1971,F,AZ
PT37942223,1973,F,DE
PT68593616,1970,M,
PT52538184,1997,M,OH
PT55839236,1969,F,SD
PT61840488,2010,F,TX
PT76754320,1977,F,NV
PT22650382,2010,F,OR
PT41379172,1982,F,WV
PT77218880,1959,M,MO
PT20476717,1980,F,WA
PT55581972,1975,M,FL
PT31222816,1991,F,AR
PT93033154,1975,M,MO
PT13255745,1983,F,MD
PT96067178,1967,M,MN
PT64655131,1990,F,CT
PT64838440,1984,F,RI
PT61191755,1988,M,TN
PT63148349,1978,F,ME
PT37607413,1982,F,CT
PT28321011,1974,F,OK
PT15688037,1968,M,ME
PT20915685,1984,F,VA
PT37434748,1987,F,FL
PT53296258,1973,M,DC
PT18424645,1987,M,AL
PT80412418,1978,F,MS
PT15574588,1982,F,AR
PT85592626,1975,F,NC
PT60811189,1979,F,CA
PT89954705,1989,M,WA
PT33604494,1972,F,MT
PT77342755,1976,F,MS
PT18474619,1966,M,WY
PT82000850,1973,F,IA
PT93251500,1964,F,OK
PT92239927,1984,F,TX
PT16495585,1957,F,NE
PT42979205,1980,M,VA
PT98721667,1990,F,MN
PT20863665,1988,F,OK
PT68937529,1994,F,OR
PT97963142,1973,M,VT
PT21101116,1975,M,NH
PT66255596,1980,F,TX
PT51965868,1990,M,DC
PT82335125,1981,F,AZ
PT26858121,1986,F,CO
PT93976578,1975,M,AR
PT63032654,1961,M,WI
PT14023687,1968,M,FL
PT61518477,1966,F,TX
PT55336204,1968,F,WA
PT87583316,1987,F,LA
PT48254251,1981,F,IL
PT53151319,1978,M,TX
PT70180795,1978,F,NC
PT57835387,1996,M,WY
PT74344030,1989,F,NJ
PT44106236,1987,M,DE
PT90714125,1952,F,AZ
PT46428781,1990,F,FL
PT31741699,1973,F,CT
PT36304681,1959,F,DE
PT54636300,1966,F,KS
PT41594348,1980,F,NH
PT98549088,1975,F,TX
PT62571020,1967,F,TX
PT67094523,1969,M,MO
PT64167873,1978,F,IL
PT13280011,1972,M,FL
PT78940108,1995,F,WA
PT84661077,1982,F,CA
PT67053238,1962,F,LA
PT57567572,1975,F,OR
PT74036995,1973,M,VA
PT76401997,1986,F,OK
PT72014106,2000,F,CO
PT55196179,1977,M,OK
PT26112225,2003,M,CO
PT21838456,1973,M,GA
PT83508798,1980,M,TN
PT43595768,1975,F,IN
PT14967824,1974,M,HI
PT67053891,1993,M,DC
PT42275905,1974,F,UT
PT30475255,1975,M,IA
PT12117206,2004,M,MD
PT19235953,1971,M,ME
PT71426914,1964,M,AR
PT66002571,1970,F,OH
PT60127748,1961,F,ID
PT66876660,1972,F,VA
PT51228911,1981,M,AL
PT14100236,1987,M,NJ
PT18949232,1952,M,MA
PT65154514,1968,F,TN
PT55214408,1973,F,OH
PT75638649,1986,F,NM
PT39503889,1977,F,DC
PT64838574,1954,M,RI
PT15482233,1971,F,GA
PT31954727,1970,F,AR
PT42124790,1983,F,LA
PT26866415,1978,F,OK
PT43718784,1966,F,RI
PT44871618,1970,F,RI
PT92685685,1988,F,IA
PT26566320,1960,F,AL
PT67822468,1998,M,ID
PT23999897,1988,F,OK
PT17115187,1980,M,CO
PT61599349,1972,M,MS
PT77835571,1978,M,FL
PT91250414,1980,M,NJ
PT37515656,1968,F,IL
PT64386378,1971,F,KY
PT82370475,1979,M,VA
PT29534264,1978,M,NH
PT68795572,1962,F,CO
PT80858656,1985,M,IN
PT32441523,1967,M,ND
PT17628420,1961,M,TN
PT22703387,2001,M,IL
PT61995393,1985,F,NE
PT48220607,1996,M,PA
PT31282145,1985,F,OH
PT87183795,1965,M,AZ
PT57749282,1980,F,NM
PT72975507,1961,F,DE
PT50626296,1995,F,OR
PT84591983,1973,M,AR
PT43435382,1961,F,MT
PT32872503,1982,M,SD
PT17986985,1993,M,MD
PT57260199,1960,F,ID
PT32417776,1989,F,ID
PT46437640,1959,M,MI
PT12700208,1986,M,DE
PT47456411,1978,F,MN
PT40071286,1975,F,AR
PT98309638,1966,F,SC
PT98785319,1994,F,WY
PT13702258,1961,M,NH
PT97722186,1974,M,CT
PT19645408,1988,F,CT
PT26813071,1966,F,ME
PT30425156,1960,F,NC
PT34083208,1967,F,VT
PT20591990,1972,M,TN
PT16512437,1971,F,SC
PT71440726,1976,F,IA
PT89277644,1975,F,WI
PT29201432,1958,M,TX
PT49568850,1960,F,GA
PT93111394,1970,M,NY
PT58727060,1976,F,MS
PT33962220,1977,F,WI
PT59169723,1977,F,RI
PT42666982,1972,M,LA
PT88365484,1976,F,MI
PT87349955,1971,M,MT
PT98350828,1981,F,CA
PT50616470,2004,M,NE
PT55521926,1964,M,NJ
PT63371674,1992,M,DC
PT43948757,1990,M,NM
PT94624759,1962,F,NV
PT40644597,1986,M,KY
PT94142574,1994,M,WA
PT66894752,1991,F,LA
PT18491694,2000,F,MI
PT73860797,1967,M,WV
PT26036020,1980,F,MN
PT48999585,1970,M,OR
PT39499681,1964,F,PA
PT21892194,1989,F,AK
PT23484917,1995,F,WY
PT21362477,1984,F,ND
PT64983925,1982,F,SD
PT38424183,1974,F,DC
PT63054804,1958,F,GA
PT50966614,1974,F,NJ
PT47940479,1974,F,MT
PT88545930,1988,F,AK
PT88380610,1966,F,WI
PT86200489,1982,M,MD
PT49732767,1966,M,VA
PT33569167,1966,F,TX
PT14590044,1989,F,GA
PT85190911,1983,M,VA
PT72191867,1975,M,NC
PT58655765,1981,F,NE
PT73766860,1960,F,WI
PT97150993,1966,F,TX
PT37977572,1977,F,IL
PT53567005,2006,F,MS
PT93448807,1981,F,DC
PT83879944,1987,F,TN
PT12764420,1978,M,VT
PT82590247,1986,F,DC
PT30003910,1985,M,ND
PT34262909,1974,F,GA
PT90970892,1978,M,LA
PT56941362,1968,M,MO
PT39391931,1962,F,NE
PT10487721,2006,F,LA
PT13368865,1987,F,MD
PT72216006,1985,F,NM
PT42476043,1996,F,ME
PT56458564,2011,F,IA
PT91801184,1974,F,MS
PT97491314,1982,M,LA
PT97275330,1961,M,AK
PT39579775,1964,M,IL
PT94446910,1975,F,MD
PT18369951,1982,M,SD
PT65823524,1982,F,CT
PT67124712,1987,F,WV
PT69487335,1969,F,HI
PT85425757,1972,M,AL
PT50208542,1983,M,NM
PT56171487,1980,M,CO
PT74379662,1971,M,IL
PT37960850,1960,M,WA
PT51437116,1994,F,AK
PT66872606,1975,F,MT
PT13145683,1966,F,PA
PT33404130,1979,M,NV
PT67879890,1972,M,SD
PT17726505,1988,F,RI
PT57787686,1971,F,MD
PT78608252,1986,F,IL
PT94362190,1977,M,OK
PT38921342,1994,F,NC
PT45411299,1966,F,VA
PT40785562,1973,F,TX
PT46273293,1975,F,WA
PT21610593,1980,F,TN
PT12017623,1996,F,TX
PT25251435,1971,F,NY
PT24073228,1978,F,KS
PT89222264,1985,F,CA
PT47981366,1972,M,KY
PT50379728,1981,F,LA
PT56902415,1979,F,LA
PT45515229,1975,F,LA
PT39717638,1975,M,TX
PT27737661,1980,M,FL
PT37593059,1990,F,MN
PT80796260,1986,F,TX
PT64974221,1964,F,MO
PT16298897,1959,F,OR
PT74546908,1976,F,FL
PT87224886,1969,F,CO
PT32484774,1981,F,VA
PT66042968,1981,F,NE
PT47546018,1994,M,NV
PT52989507,1967,F,AL
PT81053156,2009,M,IA
PT35005363,1965,M,NE
PT35703718,1997,F,VA
PT96275564,1984,F,NH
PT26201887,1976,F,FL
PT81998129,1990,F,DE
PT27752187,1988,M,TN
PT37600085,1962,F,NH
PT27896284,1973,F,NJ
PT36243573,1962,F,TN
PT38391526,1980,M,UT
PT59884830,1983,M,MN
PT74158039,1988,F,IN
PT47083266,2001,F,ME
PT29762156,1973,F,NC
PT27571720,1970,F,NJ
PT73407638,1985,F,KS
PT83914711,1984,M,DC
PT39488213,1984,F,SC
PT73395090,1971,M,IA
PT98270501,1969,F,ND
PT54261761,1982,F,TN
PT95446838,1968,F,NM
PT24978125,1960,M,KY
PT89373056,1958,F,UT
PT16267896,1993,M,DC
PT27414805,1977,F,DE
PT56568818,1967,F,NY
PT16309902,1977,F,AK
PT86313479,1976,M,VT
PT59124200,1973,M,WA
PT94284549,2003,F,MA
PT33893889,1985,F,NC
PT87140572,1991,F,IL
PT72347419,1978,F,OH
PT56671444,1967,F,NJ
PT74516980,1964,F,HI
PT20596310,2002,M,RI
PT45695005,1975,M,NC
PT47544582,1989,F,MO
PT34851120,1983,M,NH
PT40454848,1979,F,SC
PT22227555,1978,F,DE
PT40663510,1961,F,NV
PT33328191,1971,F,VT
PT91648111,1963,F,NV
PT75086892,1989,M,WA
PT40987883,1982,F,NH
PT93831800,1981,F,ID
PT75244210,2009,M,SD
PT61645658,1954,F,SD
PT50923168,1986,F,TX
PT80765932,1969,F,CA
PT44791581,1972,F,OR
PT80058047,1968,M,AZ
PT99530950,1960,F,AR
PT69531853,1987,F,MA
PT91230521,1960,F,AL
PT99562459,1961,F,IL
PT34076562,1983,M,MA
PT90752486,1997,F,MN
PT84681549,1978,M,WV
PT45885524,1977,F,MT
PT60317922,1974,M,WY
PT90326196,1986,M,IA
PT99857013,1974,M,MA
PT26553639,1969,F,VT
PT27549074,2001,M,MI
PT25707839,1968,F,SC
PT88003251,1974,M,NV
PT44056446,1975,F,DE
PT88957024,1964,M,SC
PT35163080,1960,F,MA
PT49922033,1978,M,CT
PT40041182,1969,F,AZ
PT35853659,1992,F,MD
PT76949136,1985,F,MT
PT46705847,1986,F,IN
PT34989547,1977,F,MN
PT80314734,1972,M,CO
PT92688790,1974,F,TX
PT40733600,1975,F,NC
PT97046576,1981,F,MO
PT32758948,1986,F,SD
PT90080932,1970,M,CO
PT77252083,1975,F,MT
PT40294529,1973,M,KY
PT55465314,1988,M,WV
PT12107723,1983,F,HI
PT79075749,1974,F,MO
PT18313584,1972,M,OH
PT48756446,1975,F,CO
PT27251310,1988,F,UT
PT78904823,1987,M,WV
PT39202931,1969,M,DC
PT61111707,2006,F,MT
PT80843321,1988,F,AR
PT62883961,1981,F,AR
PT21735397,1998,F,NE
PT25040418,1952,M,AK
PT23790859,1975,F,WY
PT93185447,1974,M,ND
PT70119160,2002,F,NV
PT76746084,1964,F,ND
PT36212903,1972,F,MD
PT80098982,1977,M,CO
PT71699947,1959,F,UT
PT86921033,1982,F,MD
PT45411512,1965,M,ME
PT45791920,1983,M,PA
PT67967740,1972,F,GA
PT50392170,1967,F,IA
PT53044359,1989,F,KY
PT89472330,1977,M,AR
PT89944586,1969,M,NJ
PT70956993,1961,F,NV
PT36287506,1978,F,MI
PT93846471,1968,F,VT
PT84798771,1978,M,TX
PT28939249,1960,F,RI
PT74974038,1962,F,MS
PT73265471,1981,M,SD
PT88796197,1985,F,ID
PT71769796,1970,F,CT
PT81106623,1976,M,ME
PT30453773,1972,F,ME
PT46826127,1962,M,HI
PT16465615,1991,F,TX
PT57764394,1989,F,WI
PT44469611,1991,F,AK
PT76801847,1974,F,ID
PT45388215,1971,F,WV
PT65694736,1977,M,MN
PT81388113,1974,F,DE
PT80513731,1954,F,NE
PT88979342,1983,M,OK
PT38997467,1963,F,MA
PT35613562,1977,F,OR
PT97351386,1973,F,HI
PT65271468,1991,F,AL
PT66714714,1975,F,CA
PT12550871,1956,M,WI
PT82633865,1963,F,NE
PT77781130,1996,F,NE
PT71409825,1968,M,CT
PT99890882,1955,F,VA
PT31059301,1992,M,MI
PT14480812,1980,F,DE
PT19995898,1971,F,AL
PT65358301,2009,F,LA
PT53789044,1964,M,WV
PT86848141,1980,M,FL
PT35036740,1990,M,MN
PT42883169,1989,F,WI
PT64774077,1971,F,IL
PT51794259,1966,F,NV
PT32343305,1975,F,NJ
PT23619695,1968,F,WA
PT28958107,1989,F,NH
PT61351408,1975,F,ND
PT97700556,1978,F,SD
PT17847829,1984,F,CO
PT38303853,1978,F,AK
PT90374125,2011,F,CO
PT99870177,1970,F,NC
PT72500887,1978,F,IN
PT68076609,1967,F,HI
PT92424989,1980,F,AR
PT58965593,1981,M,WI
PT24353889,1966,M,VT
PT91792758,1992,M,WY
PT37897481,1988,M,NJ
PT21010629,1973,M,GA
PT40207148,1969,F,WI
PT61577681,1983,M,LA
PT18136821,1986,F,NC
PT87901135,1992,F,MS
PT61563934,1999,M,DE
PT21540648,1981,F,NM
PT52512786,1979,M,ND
PT21652639,1995,M,IN
PT25087708,1966,F,WA
PT50142204,1963,M,ID
PT98444684,1955,F,MS
PT65558946,1964,F,MD
PT78271762,1977,F,AZ
PT85531247,2003,F,TN
PT23039995,1967,M,PA
PT13620404,1973,M,MS
PT94555377,1961,F,NC
PT93051714,1980,M,WY
PT99956515,1995,F,CT
PT10517147,2000,F,IA
PT55510905,2005,F,DC
PT79627958,1967,M,DC
PT90088806,1976,M,VA
PT37109928,2005,F,NY
PT48919983,1982,F,FL
PT84821662,1973,M,ND
PT85847197,1995,F,WV
PT68359086,1960,F,NV
PT51201295,1987,F,AL
PT48822925,1982,F,MD
PT91035997,1983,F,ME
PT58644907,1966,M,HI
PT50580371,1967,F,MN
PT33834889,1970,M,FL
PT98507317,1984,F,NM
PT20967418,1980,F,ME
PT48068631,1962,F,NV
PT94702243,1960,M,VA
PT59326619,1969,M,NH
PT89109865,1987,F,TX
PT23877821,1988,F,NY
PT24210785,1973,M,LA
PT28719299,1981,F,AL
PT89476745,1993,F,NE
PT11078725,1975,F,IA
PT20362297,1990,F,IA
PT90038802,1992,F,SC
PT75699823,1969,M,WI
PT71267609,1986,M,KS
PT67325956,1964,F,DE
PT97477173,1966,M,VA
PT58931406,1986,F,MA
PT78924158,1988,M,MS
PT74498336,1977,M,ND
PT35683545,1985,F,ID
PT69764251,1964,M,MS
PT48438310,1992,F,WY
PT47697429,1981,M,SC
PT85369894,1982,M,FL
PT43175531,1976,F,IN
PT87100787,1983,F,AZ
PT72504788,1990,M,NY
PT68617795,1972,M,NM
PT27749143,1994,F,TN
PT94051090,1994,F,MI
PT38428084,1980,F,DC
PT57531969,1987,F,GA
PT81773878,1960,M,IN
PT68839258,1971,F,MO
PT29420475,1982,F,NE
PT93773615,1979,F,TN
PT71036889,1995,M,CT
PT92465764,1976,F,MS
PT70875640,1975,F,OH
PT96955550,1983,M,FL
PT68515013,1960,M,TN
PT57966438,1973,F,PA
PT80584880,1983,F,IN
PT60213759,1982,F,NC
PT32032127,1983,F,NY
PT92263724,1986,F,AK
PT70713525,1986,F,TN
PT52486105,1970,F,CT
PT63601246,1990,M,ND
PT34722191,1997,M,FL
PT62789411,1983,F,AL
PT99600776,1993,F,AL
PT20167617,1975,M,ME
PT85157647,1988,F,LA
PT27486983,1982,F,
PT95767006,1977,M,DE
PT58809745,1979,F,IA
PT53761889,1966,F,MO
PT19341564,1960,M,PA
PT64525062,1990,F,SC
PT82233168,1983,F,WI
PT95125069,1988,M,WI
PT61674229,1981,M,UT
PT81628040,1968,F,SC
PT50085182,1981,F,ND
PT77688439,1998,F,MN
PT50410964,1971,M,VT
PT78286984,1989,M,MI
PT48296560,1975,F,RI
PT55435461,1979,F,DC
PT18649612,1996,F,CA
PT49231535,1961,F,SC
PT37393523,1959,F,CT
PT22445300,1962,M,SC
PT98520483,2003,F,PA
PT79284413,1971,F,MA
PT17245865,1969,F,IN
PT35706331,1983,F,WI
PT16503973,1994,M,HI
PT39395650,1976,F,MN
PT25363781,1992,F,VT
PT32036445,1986,M,DE
PT91340951,1980,F,VA
PT34675997,1983,F,NM
PT45824285,1964,F,NY
PT92706534,1963,M,VA
PT40495702,1984,F,LA
PT47060270,1982,F,MA
PT96917761,1983,F,TX
PT19911473,2010,F,CO
PT47864292,1975,M,IL
PT31693635,1984,M,MN
PT37822591,1985,F,KY
PT94664864,1997,M,DE
PT73652730,1974,F,AK
PT92364784,1968,F,NE
PT62638547,2003,M,CA
PT55278127,1967,M,KY
PT29676726,1986,M,SD
PT64334561,1968,M,AR
PT83904870,1986,F,KS
PT64735850,1988,F,PA
PT57267657,1996,M,MS
PT50130622,1972,F,IL
PT79928412,1978,U,HI
PT53130403,1980,F,ME
PT12330933,1994,F,SC
PT75706531,1975,F,AL
PT43482050,1984,F,NC
PT60862803,1981,F,MI
PT64416724,1994,F,ME
PT73034848,1963,M,WV
PT72302866,1979,M,MS
PT35296099,1970,F,VA
PT74190682,1972,M,SC
PT29147368,1975,M,NY
PT80197947,1964,F,LA
PT63515957,1981,F,ID
PT10961413,1965,F,TX
PT31485212,1978,F,MS
PT10638314,1990,F,MI
PT32291913,1978,M,VT
PT96598383,1970,M,NE
PT36073768,1965,F,WV
PT28160827,1965,F,VA
PT34970424,1959,M,NY
PT70509825,1961,M,IL
PT52795719,1985,F,MS
PT93426564,1970,M,OK
PT16591923,1980,M,NY
PT64041870,1969,M,MD
PT36649648,1960,F,SD
PT31696237,1971,M,WY
PT16209746,1972,F,ID
PT44870270,1988,F,FL
PT43481604,1973,F,KY
PT53350007,1996,M,AL
PT30298620,1967,F,DE
PT55308772,1961,F,ME
PT97932635,1971,M,NH
PT55710638,1988,F,MA
PT38802948,1967,F,ME
PT64532982,1983,F,IA
PT57726314,1969,F,ND
PT62821681,1969,M,TX
PT65379881,1981,F,KS
PT48253045,2008,F,SD
PT95988535,1984,F,ND
PT79001390,1982,M,MS
PT84081325,1986,F,OH
PT30012790,1983,F,CO
PT56643950,1992,F,MA
PT19713255,2000,F,DE
PT41403852,1994,M,OH
PT77643004,1972,F,FL
PT27807292,1979,F,MD
PT99991954,1981,M,VA
PT95706569,1977,F,NV
PT59616982,1976,F,WI
PT79948152,1986,F,CT
PT41517012,1999,F,NE
PT95819546,1973,F,AL
PT90914982,1976,U,VT
PT62684191,1990,F,NC
PT48801993,1978,F,MS
PT28634054,1957,F,WV
PT39930701,1975,F,DC
PT16423730,1981,M,AL
PT95751901,1977,M,MS
PT57847523,1960,F,MD
PT61778057,1963,F,CT
PT96310736,1971,F,NJ
PT42643485,1963,F,MA
PT95134704,1986,F,AK
PT98039051,1961,M,NH
PT86277839,1966,F,AR
PT96202937,1967,F,WI
PT58485716,1980,M,CO
PT98919945,1974,F,WV
PT27900096,1994,M,LA
PT68843638,1996,F,RI
PT32293631,1994,F,NC
PT97050016,1962,M,AZ
PT14361419,1984,F,FL
PT89981060,1981,F,GA
PT37828465,1971,M,OK
PT96219438,1954,F,NM
PT44125891,1972,M,NM
PT78326270,1989,M,VT
PT78932810,1971,M,WI
PT10512861,1995,F,MN
PT34526431,1962,M,CO
PT20598345,2006,F,IN
PT24886638,1978,M,MN
PT77805307,1979,F,OH
PT73022987,1961,M,WV
PT38873963,1966,F,LA
PT87766877,1959,F,CT
PT71131664,1989,M,DE
PT68732158,1984,F,KY
PT66894019,1977,F,AR
PT26863718,1974,F,DC
PT32398362,2005,F,CO
PT50953657,1968,F,KY
PT35326333,1972,M,FL
PT52417564,1988,F,NE
PT83512148,1975,M,NV
PT62439601,1982,F,DE
PT29226527,1960,M,WY
PT80293932,1981,M,IA
PT30662085,1988,M,NC
PT35852342,1986,F,AK
PT95377235,1982,F,MA
PT17797310,1975,F,NH
PT97754028,1973,F,OH
PT52965023,1958,F,KS
PT83420140,1966,F,IA
PT32158166,1964,F,NE
PT64654820,1992,F,TX
PT19890728,1990,F,KS
PT73915869,1990,F,NV
PT51994708,1973,F,RI
PT85434881,1987,M,VA
PT28001395,2001,F,MO
PT36546555,1991,M,RI
PT87388821,1989,F,WI
PT68422947,1996,M,LA
PT48417324,2000,F,AR
PT62317170,1986,F,NY
PT89243216,1969,F,NM
PT70000674,2002,M,MA
PT20224805,1986,F,VT
PT23478919,1991,M,NC
PT30083719,1986,F,OK
PT65626127,1990,F,VA
PT23913085,1981,M,MA
PT54503244,1988,F,TN
PT26807938,1992,M,WA
PT83929759,1976,M,SC
PT42605113,1967,M,VA
PT84037432,1968,F,SD
PT26309249,1978,F,MD
PT61831139,1989,F,WV
PT19352611,1963,F,OR
PT86303390,1975,M,CT
PT33474519,1966,F,MT
PT80977964,1994,M,OK
PT76998440,1991,F,NC
PT77257112,1960,F,RI
PT85379457,1974,F,MO
PT83467610,1974,M,DE
PT85551389,1982,F,ND
PT98188307,1959,M,OH
PT47036399,1990,F,CO
PT98648518,1978,F,TX
PT81378574,1968,M,CO
PT67554028,1992,F,MS
PT24209513,1986,M,MO
PT94511443,2006,F,OH
PT59917571,1972,M,OK
PT81360073,1975,F,WA
PT52952299,1959,F,OK
PT29406708,1994,F,IN
PT86063767,1978,M,TN
PT17381228,1997,F,NV
PT53928133,1988,M,NJ
PT61486768,1960,M,AL
PT44013827,1994,M,NV
PT88096877,1969,F,UT
PT17659826,1992,M,MA
PT54801613,2005,M,WI
PT90193808,1987,F,MI
PT34721995,1964,F,VT
PT80828693,1982,F,PA
PT80157049,1970,F,UT
PT83833087,1985,F,TN
PT92681499,1960,F,MS
PT19253949,2002,F,GA
PT13095108,1988,F,GA
PT76849334,1985,M,VT
PT55332510,1983,F,VA
PT53465726,1988,M,LA
PT14116104,1966,F,ND
PT22513292,1969,F,WA
PT68626184,1988,M,OK
PT89690525,1969,M,LA
PT76812954,1962,M,DE
PT20201526,2006,F,IN
PT29382853,1975,M,HI
PT20887395,1978,M,MI
PT30834767,1968,F,FL
PT96913546,1976,F,GA
PT56501911,1982,M,FL
PT62007570,1972,F,MI
PT92888306,1998,F,NM
PT29942509,1960,F,WA
PT17030701,1993,M,MA
PT55699940,1970,F,DE
PT62920221,1970,F,MN
PT61076516,1983,F,RI
PT30659012,1987,F,HI
PT74536992,1967,M,CT
PT95479703,1981,F,WA
PT27767138,1996,M,IN
PT89332040,1969,F,KS
PT75960076,1978,F,IL
PT64314515,1984,F,GA
PT76466471,1988,F,OK
PT74844092,1968,F,NM
PT55794926,1980,F,MD
PT61121373,1994,F,VA
PT83232696,1986,F,NV
PT79551405,1978,F,GA
PT96635043,1991,M,DE
PT25869556,1997,M,IA
PT56355257,1980,M,KS
PT85937032,1992,F,MI
PT16017268,1976,F,WI
PT40917913,1982,F,MS
PT41535337,1982,F,NV
PT16830993,1976,F,NV
PT32251211,1981,F,WA
PT11288678,1960,F,KY
PT29302088,1978,M,RI
PT91709029,1972,F,GA
PT47613484,1974,U,VT
PT21734447,1979,F,NM
PT90098655,1987,M,NM
PT59895115,1969,M,MD
PT39826971,1965,M,UT
PT45641852,1988,F,AR
PT96482726,1980,F,HI
PT72438340,1976,M,VA
PT92404517,1986,M,DE
PT25902885,1970,F,MD
PT21488023,1989,U,WI
PT60830305,1966,M,NE
PT89998042,1981,F,NC
PT80829078,1982,M,CT
PT76994686,,M,MO
PT19963010,1965,F,MA
PT31931305,1983,F,KY
PT43224960,1996,F,SC
PT57545467,1965,M,NE
PT39506720,1997,M,NC
PT30437746,1973,M,NC
PT85086576,1966,M,SC
PT36572529,1990,F,FL
PT25264583,1969,F,OK
PT22219537,1987,F,KY
PT70945288,1983,F,MD
PT70214289,1968,M,GA
PT35949814,2011,F,GA
PT81996027,1990,M,LA
PT69116830,1972,F,AL
PT86549455,1979,F,MI
PT94821341,1982,F,MS
PT17932151,1980,F,AR
PT37248314,1981,M,AL
PT65586606,2009,F,ME
PT35048496,1985,M,MI
PT70120032,1979,M,AZ
PT17007536,2004,F,MS
PT54462840,1977,F,MA
PT72011603,1972,M,MS
PT23136500,1978,F,MI
PT18142645,1988,F,NH
PT24388746,1983,F,NC
PT28873685,1963,F,ND
PT92571860,1979,M,MO
PT42874358,1970,F,WA
PT11200428,1988,F,MD
PT51349286,1985,M,KS
PT40997856,1990,F,WI
PT68013472,1974,F,VT
PT50893041,1986,M,
PT37984205,1967,F,OR
PT30903354,1970,M,MO
PT13708769,1996,F,LA
PT37889468,1983,M,MN
PT86796700,1979,F,VA
PT77216374,1977,F,SD
PT87378645,1965,M,WY
PT15491522,1994,M,MI
PT23421362,1960,F,IA
PT31931871,1966,M,LA
PT41219579,1989,M,CT
PT11921144,1983,M,OH
PT11069515,1984,M,ME
PT19167519,1979,M,IL
PT43081747,1981,F,CT
PT57601609,1978,F,HI
PT60919435,1955,F,AR
PT24067398,1991,F,GA
PT66225921,1984,M,TX
PT23092900,1984,F,IA
PT77070339,1991,F,FL
PT81897124,1966,M,NE
PT77657721,1969,F,NH
PT47356475,1990,M,AZ
PT45389086,1960,F,SD
PT24572782,1971,F,MN
PT46758468,1978,F,CO
PT41026281,1985,F,TX
PT72366197,1980,F,CA
PT13365526,1962,M,DE
PT93252575,1977,F,WA
PT41263958,1966,M,KY
PT90275380,1992,F,IL
PT74643695,1993,F,TN
PT67956447,1969,F,CA
PT62868715,1983,M,WV
PT85919364,1960,M,AL
PT81424183,1967,M,TN
PT52663938,1975,F,CT
PT99723404,1979,F,MO
PT61300978,1995,F,DC
PT13971674,1991,F,TX
PT61004346,1951,M,MD
PT50300177,1980,M,CO
PT19845414,1954,M,KY
PT99177146,1978,F,AK
PT73403677,1985,M,IA
PT69775573,1977,M,OR
PT64880073,1980,F,MA
PT90183877,1962,M,NH
PT89341137,1963,F,NV
PT20048014,1992,M,ME
PT69645205,1968,F,ID
PT76699995,1961,F,OH
PT65350225,1966,F,AK
PT47526141,1979,M,TN
PT94061983,1975,F,WI
PT94270589,1977,F,KY
PT43448336,1977,M,MI
PT28482242,1964,M,KS
PT37915106,1978,M,SC
PT91159548,1977,M,SD
PT83528433,1981,M,IL
PT95883771,1972,M,KS
PT75900974,1980,M,LA
PT15344440,1986,M,CT
PT56546873,1980,F,DE
PT14323300,1987,F,WY
PT17290497,1970,F,NC
PT15375023,1994,F,MD
PT52315890,1966,M,RI
PT87636914,1985,F,MA
PT57266292,1971,F,MT
PT19246409,1968,F,NM
PT69498232,1977,F,IA
PT54145781,1979,F,AK
PT50716735,1979,F,FL
PT26630941,1977,F,VA
PT26311324,1995,F,WV
PT43373123,1960,F,NM
PT27566279,1982,F,OR
PT86015461,1962,F,HI
PT96772810,1969,F,OH
PT73195001,2002,F,GA
PT56052712,1974,F,AZ
PT75394930,1962,F,AK
PT88142923,1972,F,OK
PT16810104,1999,F,VA
PT85293859,1974,F,KY
PT30239421,1964,M,KS
PT60986605,1972,F,TX
PT80637907,1981,F,ID
PT40315413,1972,F,CT
PT64844388,1998,M,CA
PT83040221,1974,F,MS
PT22181925,1980,F,FL
PT69786383,1959,M,RI
PT41166385,1981,M,NJ
PT80999516,1986,M,UT
PT16018026,1971,F,NH
PT85436622,1990,M,TX
PT97545704,1975,M,IL
PT81936773,1966,M,NH
PT42166619,1973,M,OR
PT80210611,1981,M,MO
PT97021766,1989,M,NY
PT49576523,1973,M,ND
PT98743344,1960,M,RI
PT70887673,1977,M,WI
PT26201900,1978,M,AZ
PT99385622,1995,M,TX
PT88538392,1982,F,FL
PT72004780,1985,F,DE
PT48887815,1979,F,MI
PT17927945,1968,F,IL
PT80943940,1977,F,MT
PT70800856,1987,F,VT
PT76785338,2011,F,LA
PT71652204,1991,F,OK
PT20306063,1976,M,ND
PT98865860,1965,F,TN
PT22266425,1971,M,WV
PT24953596,1979,M,CO
PT66615161,1979,M,KS
PT21860619,1981,F,MI
PT58262675,1957,F,OR
PT85362261,1972,F,OR
PT97792315,1981,M,MA
PT58062136,1991,M,OR
PT62785450,1986,M,OK
PT29181907,1980,F,SC
PT83007922,1993,M,NJ
PT41597492,1974,M,ID
PT76387942,1988,F,OR
PT77295806,1960,F,AZ
PT96281092,1971,F,MI
PT68828050,1966,F,MN
PT72235304,1962,F,WV
PT29109627,1964,M,IA
PT15848556,1986,F,NH
PT92806581,2006,F,IN
PT73229058,1985,F,NM
PT95182204,1979,M,FL
PT75400832,1972,F,AK
PT71549645,1975,F,CT
PT27913186,1978,F,CT
PT96267940,1980,M,NY
PT87329195,1968,M,WI
PT39639070,1963,F,MI
PT53299835,1989,F,PA
PT97547948,1986,F,NC
PT60758247,1974,F,AL
PT27159766,1950,F,DC
PT25357385,1986,M,SD
PT71063476,1982,M,SC
PT82546080,1958,F,FL
PT21450488,1988,F,KS
PT97403625,2009,F,HI
PT41114799,1975,M,MD
PT24166159,1963,U,WY
PT37416580,1974,F,MI
PT86647651,1973,M,TN
PT70125001,1966,M,AK
PT52516464,2006,F,GA
PT93027583,1953,M,OH
PT54239053,1983,F,TX
PT54775878,1982,F,TN
PT26040074,1996,F,NV
PT80029749,1977,M,WA
PT14698216,1961,F,IL
PT61082563,1987,F,ND
PT38357324,1981,F,NJ
PT81591110,1962,M,ID
PT85222247,1967,M,MO
PT85067853,1962,F,NH
PT99604157,1959,F,MA
PT76819417,1968,M,OR
PT68708272,1981,F,HI
PT25678635,1986,F,ND
PT41663093,1969,F,ND
PT98693943,1980,M,MA
PT30413436,1982,F,VT
PT51562645,1995,F,WA
PT10261103,1969,F,AZ
PT32017586,1982,F,NV
PT70755127,1981,M,WV
PT50206062,1982,F,WI
PT16426322,1986,F,NH
PT60594654,1959,F,OH
PT65326712,1968,F,NH
PT28811414,1982,F,LA
PT87009439,1989,M,VA
PT44190762,1984,F,NC
PT51641898,1987,F,NY
PT14652707,1960,F,MS
PT65676278,1973,F,MT
PT43434413,1983,F,CO
PT59176737,1984,F,FL
PT22104049,1987,F,TX
PT64202093,1978,F,VA
PT34229668,1965,F,OH
PT65770241,1982,F,TN
PT14590331,1982,F,WY
PT49480754,1986,F,DE
PT38701911,2011,F,DC
PT45406719,1974,F,MD
PT52484024,1972,F,PA
PT57811021,1989,F,ND
PT82904609,1988,F,CT
PT83091588,1955,F,NH
PT90999778,1993,F,SC
PT15554581,1985,F,OH
PT91273145,1979,F,SC
PT65407513,1987,M,AK
PT86607956,1980,M,MT
PT89724741,1959,F,MA
PT46417052,2011,M,IN
PT64348263,1967,M,CO
PT81878992,1987,F,GA
PT53797015,1959,F,ME
PT68968579,1976,F,SC
PT68043238,1990,F,MO
PT37952057,1970,F,ME
PT95986697,1979,M,DE
PT66288656,1993,F,MA
PT97724077,1958,F,IA
PT94809665,1987,F,RI
PT40015136,1983,M,NH
PT83095052,1984,M,OK
PT33988478,1972,F,OH
PT30578285,1988,F,SD
PT23591488,1978,M,ME
PT41173763,1987,M,AR
PT96245586,1987,F,NE
PT43955670,1986,F,NJ
PT10409390,1967,M,MI
PT78863550,1976,M,MI
PT38166651,1996,F,AK
PT96616064,1963,F,RI
PT80433260,1979,F,CO
PT18297857,1985,F,MI
PT15573893,1972,F,
PT58790553,1987,F,AZ
PT10688360,1977,M,FL
PT15220932,1983,M,WI
PT19344413,1985,M,KS
PT85292498,1979,F,ND
PT38370816,1974,M,WV
PT54050880,1998,F,NJ
PT73004459,1972,M,SD
PT63984165,1983,F,OR
PT50846625,1975,F,WV
PT74576339,2011,M,MD
PT55679002,1994,M,MS
PT39857143,1975,M,NV
PT71757593,2011,F,IL
PT23493000,1983,M,CA
PT17642904,1992,F,DC
PT79228616,1993,M,NJ
PT80424785,1988,M,VA
PT39445954,1986,M,PA
PT78954911,2002,M,WY
PT67325764,1968,F,DE
PT48489568,1987,F,DE
PT15837386,1981,U,IA
PT51602363,2008,F,GA
PT82584146,1983,F,MD
PT42227564,2001,F,OR
PT12692918,1997,F,GA
PT82429361,1991,F,IL
PT96760342,1995,M,PA
PT55708222,1987,M,ND
PT50959648,1977,M,AK
PT12668127,1988,F,TX
PT67663407,2001,F,DE
PT82264718,1979,F,MD
PT33135897,1974,F,NM
PT70846761,2010,M,TN
PT84099481,1975,M,NC
PT29999282,1979,F,WV
PT77336226,1985,F,KS
PT74903233,1977,F,MD
PT77667981,1989,F,SD
PT38660720,1960,F,CT
PT34717546,1977,M,AZ
PT63891560,1973,M,WI
PT37536993,2010,F,GA
PT63870794,1986,F,MO
PT85214448,2005,F,AR
PT26242264,1970,F,ID
PT70434427,1981,F,NV
PT23396340,1962,F,LA
PT70633179,1983,M,CT
PT97686897,1961,M,MS
PT63424933,1961,F,GA
PT42612682,1977,M,MD
PT65950854,1984,F,DE
PT52977301,1970,M,NJ
PT81381898,1966,F,NC
PT36170400,1970,F,AK
PT85581285,1961,F,HI
PT12061462,1983,F,MD
PT27201185,1973,F,LA
PT46612987,1953,F,DC
PT22590492,1987,F,NY
PT69903722,1984,F,TX
PT42695146,2000,F,WV
PT22525437,1972,M,WY
PT79216995,1989,F,OK
PT70104490,1982,F,MT
PT90540576,1983,F,GA
PT27351302,1987,F,FL
PT61458263,1998,F,DE
PT58473551,1985,M,VT
PT99925490,1974,M,UT
PT24638300,1998,F,MN
PT17112146,1980,M,DE
PT56721381,1994,F,IL
PT65565064,1971,M,AR
PT65899175,1986,F,DC
PT45952579,1961,F,NM
PT96854078,1982,F,SC
PT53291979,1970,F,OH
PT21049393,1969,F,NJ
PT71832784,1978,F,IA
PT27694503,1974,M,CA
PT79284512,2000,F,KY
PT70423647,1964,F,GA
PT63841638,1970,F,KY
PT43788848,1979,F,DE
PT82318559,1986,F,NC
PT76163263,1962,M,KS
PT72424614,1989,F,AK
PT86206008,1986,F,UT
PT71793989,1999,M,ID
PT57404795,1972,M,WA
PT23084951,1980,F,RI
PT10827551,1986,M,NV
PT64236633,1965,F,AZ
PT91775539,1996,F,IA
PT73995511,1987,F,CT
PT25353353,1973,M,IL
PT45687094,1964,M,AZ
PT41243795,1981,F,ME
PT86230368,1975,F,CO
PT12150105,1978,U,VT
PT99991409,1985,M,VA
PT46812465,1974,F,SC
PT80916819,1986,F,RI
PT61711187,1978,M,PA
PT24021121,1976,F,LA
PT41487604,1976,F,VT
PT65506120,1992,M,FL
PT50998320,1970,F,MO
PT68777877,1977,F,NY
PT16735725,1976,M,ND
PT36549480,1992,M,PA
PT63518145,1993,F,WV
PT72148424,1981,M,AK
PT71693087,1970,F,CA
PT94025190,1990,F,AL
PT68004561,1990,F,KY
PT91097086,1957,M,CA
PT50163674,1987,F,IL
PT65026965,1986,M,DE
PT41330255,1972,F,FL
PT13006736,1984,F,NH
PT77888996,1978,M,PA
PT20675805,2005,M,GA
PT72752876,1980,M,HI
PT58676893,1961,F,AR
PT10577643,1963,M,AK
PT18016916,1992,M,NJ
PT98828368,1982,M,DC
PT62137462,1992,F,CT
PT82557874,1979,F,MN
PT73424309,1975,F,UT
PT22137571,1983,M,IN
PT32228030,2005,M,OH
PT81525229,1979,M,NY
PT96771064,1961,M,MO
PT26564532,1978,F,CO
PT59424093,1980,M,CO
PT22238725,1980,F,CA
PT97578543,1971,F,GA
PT41798442,1978,M,NY
PT70651336,1987,F,IL
PT14503266,1970,F,ME
PT88886450,1972,F,WV
PT62121209,2007,M,PA
PT60742561,1982,M,KY
PT79950577,1984,M,IL
PT29742986,1982,M,KY
PT97155401,1998,M,MD
PT58378255,1988,M,LA
PT95097972,1961,F,ID
PT83989928,1973,F,HI
PT36653905,1988,F,WV
PT10292377,1965,F,OH
PT14607103,1979,M,NV
PT50237454,1989,F,KS
PT56854372,1979,F,VT
PT21616858,1977,F,KY
PT90605315,1970,F,IN
PT75078123,1951,M,MI
PT31464834,1990,F,VA
PT13004418,1981,F,OK
PT55461529,1963,F,NH
PT74434689,1990,F,NM
PT65254842,1981,F,NE
PT68538748,1982,M,KY
PT37271291,1974,F,WY
PT82382768,1961,M,MI
PT48324876,1999,F,WV
PT40485000,1969,F,DC
PT16667592,1970,F,OK
PT42034789,1967,M,OK
PT85999008,1990,M,MS
PT71986574,1970,F,AK
PT81007181,1977,F,TX
PT93359538,1963,F,IN
PT87798583,1965,F,ME
PT19208160,1984,F,MA
PT78811736,1972,M,OH
PT15414443,1980,F,ME
PT14844698,1968,F,HI
PT98274275,1983,F,CT
PT84651920,1969,F,AZ
PT27828254,1977,F,SC
PT32918572,1984,F,FL
PT92560133,1982,F,OR
PT71150126,1977,F,FL
PT61471192,1979,F,OH
PT80938772,1980,F,VA
PT55774106,1971,F,WA
PT20645640,1975,F,AL
PT44806618,2008,F,ID
PT93718222,1974,M,MD
PT15255900,1980,F,TX
PT77095997,2003,M,NJ
PT19766531,1972,F,IN
PT76033763,1960,F,ID
PT63634459,1992,F,MO
PT84974819,1973,M,ND
PT33093758,1977,F,NY
PT61639318,1982,M,NY
PT99867118,1974,F,OK
PT37339820,1979,M,NY
PT67901140,1974,M,VA
PT78429088,1968,F,IN
PT91170926,1987,M,TN
PT20231455,1981,M,CT
PT98999890,1985,M,SC
PT18806257,1983,F,VA
PT32240849,1967,M,AK
PT92519803,1980,M,WA
PT17651188,1970,F,CA
PT47508485,1975,F,AL
PT13356602,1973,M,FL
PT67016179,1963,F,VT
PT73826564,1972,F,MD
PT52446955,1985,F,MT
PT58493756,1975,F,VT
PT46251511,1977,M,MA
PT25157660,1987,F,ID
PT21787165,1970,M,MO
PT87953158,1972,F,MD
PT51250158,2004,F,NM
PT81719434,1975,F,DE
PT43513146,1965,M,ME
PT86219306,1960,F,MD
PT55280582,1973,F,SD
PT53629825,1978,F,KY
PT11528249,1971,M,MN
PT19188884,1971,F,MA
PT27014310,1976,M,NE
PT25855198,1998,F,FL
PT69737293,1976,F,MI
PT83877768,1982,M,MD
PT13077400,1993,F,UT
PT93805220,1983,F,IA
PT88683813,1960,M,SC
PT72503633,2009,F,NH
PT49514774,1966,M,DC
PT72131798,1969,F,LA
PT91438593,1984,F,IL
PT96834411,1961,M,HI
PT93354440,1974,F,KS
PT42217420,1977,F,VA
PT19525657,1980,M,ID
PT33724288,1973,F,AZ
PT37880555,1973,F,OR
PT99593868,1987,F,KY
PT70424725,1979,M,NC
PT36511568,1968,F,OR
PT94191978,1974,F,SC
PT76516851,1978,F,NE
PT42075619,1961,F,AL
PT97515915,1974,M,AZ
PT84584325,1986,F,SC
PT13084497,1995,M,MA
PT82599319,1987,F,NJ
PT17697835,1973,F,ND
PT38158815,1980,F,TX
PT20383782,1976,F,SC
PT34068565,1960,F,MO
PT43104000,1987,F,AR
PT88373606,1982,F,ID
PT18381092,1961,M,MI
PT32815061,1982,M,OK
PT29697865,1960,F,AZ
PT29452012,1986,M,TN
PT35350686,1970,F,NV
PT88196884,1976,M,VT
PT42749980,1968,M,MT
PT71665786,1971,M,NY
PT24426303,1979,M,RI
PT53203091,1976,M,MS
PT58389203,1980,F,KS
PT71617538,1978,F,DE
PT89370730,1961,F,NJ
PT64568026,1982,M,CT
PT20723626,1974,F,MI
PT29701003,1973,F,OR
PT46642296,1969,M,NH
PT59952454,1989,M,PA
PT69663635,1992,F,TN
PT49877219,1980,F,OK
PT42237360,1989,F,TN
PT22646416,1976,M,NV
PT22125034,1975,F,CT
PT19838949,1963,F,NJ
PT65911643,1964,F,VA
PT81087131,1983,M,NV
PT15813027,1975,F,VT
PT63914060,1977,F,ME
PT31366090,1993,F,OR
PT84697112,1987,F,OR
PT51230174,1972,F,AZ
PT91000228,1960,M,TX
PT44138861,1974,F,NV
PT26762864,1993,F,NV
PT10073997,1960,M,MS
PT10965260,1994,F,NM
PT40218765,1979,F,AL
PT32173638,1985,F,NJ
PT41602242,1981,F,CO
PT47770120,1985,F,ME
PT33760861,1979,F,SC
PT65705720,1975,F,RI
PT31113817,1973,F,RI
PT35241494,1977,M,MT
PT59842475,1990,M,MI
PT19575289,1956,F,SC
PT30406036,1968,F,LA
PT50736235,1978,F,MD
PT56760984,1960,M,NH
PT27850148,1974,F,OH
PT99854730,1976,F,OK
PT74101852,1976,M,MS
PT38858369,1978,F,DE
PT70087023,1969,M,MO
PT67433653,1988,F,OR
PT67247655,1961,F,MI
PT37011773,1985,F,ND
PT96447507,2004,M,MO
PT81377093,1989,F,FL
PT58753038,1957,F,NJ
PT59164552,1986,M,NE
PT67388252,1987,F,RI
PT32921904,1988,F,LA
PT46178681,1982,M,UT
PT33438757,1974,F,CO
PT75284481,1971,M,NH
PT22884204,1974,M,SD
PT92821553,1969,F,NY
PT29366742,1974,M,MS
PT77767964,1967,F,MO
PT30183434,1981,M,MN
PT45223824,1976,M,OK
PT80046335,1971,F,PA
PT39318889,1980,F,GA
PT52367171,1955,M,IA
PT77716546,1988,F,VT
PT27316489,1975,F,TX
PT67830877,2000,F,AZ
PT38113154,1973,F,KS
PT22771664,1967,U,HI
PT48406227,1966,M,AK
PT56775572,1985,M,OR
PT63940456,1981,F,KY
PT99857460,1964,F,AR
PT33897095,1967,F,CO
PT16636211,1960,M,IL
PT53787552,1987,F,TX
PT21467774,1963,F,CO
PT20715193,1976,F,NY
PT74315861,1971,F,OK
PT59730240,1960,F,IL
PT21040381,1991,F,NY
PT43616144,1953,F,PA
PT46310506,1972,F,KS
PT45202826,1985,F,SC
PT84668313,1989,M,AR
PT36723688,1972,F,AR
PT30403321,1968,M,OK
PT82182000,1978,F,CO
PT76571156,1989,F,MT
PT54599488,1989,M,IA
PT42041265,1969,F,CO
PT56836883,1972,M,VA
PT53008380,1997,M,DC
PT97947848,1978,M,MO
PT15594371,1959,M,GA
PT50994138,1966,M,LA
PT15616888,1985,M,UT
PT89101895,1988,M,WI
PT48899013,1976,F,DE
PT34536905,1972,M,DC
PT54517042,1989,M,OH
PT14403315,1980,F,RI
PT82844798,1974,F,MI
PT53066979,1961,F,MD
PT27048367,1975,M,AK
PT51783561,2000,F,NH
PT48408727,1968,M,ND
PT61913659,1975,M,OH
PT41574323,1962,F,AR
PT67752196,1969,M,RI
PT91479043,1963,M,MI
PT90888143,1976,F,MA
PT92228659,1974,M,GA
PT22063186,1974,F,TX
PT96602584,1973,F,NY
PT59422796,1983,M,SC
PT39190460,1988,F,UT
PT18775849,1973,F,IL
PT40979975,1977,F,MN
PT71313831,1981,F,DC
PT61007267,1963,F,SC
PT21446912,1960,F,NJ
PT36431141,1981,F,WI
PT80906468,1972,F,FL
PT58968210,1967,M,WI
PT76716719,1986,M,IL
PT37763984,1974,M,DE
PT47730453,1964,M,KS
PT84533133,1992,M,MO
PT54091378,1978,F,MN
PT37511533,1984,M,AR
PT42970201,1962,F,CO
PT86017398,1988,M,OK
PT93945262,1980,M,CO
PT56729575,1983,F,AK
PT98573855,1975,F,GA
PT81890993,1993,M,WY
PT23084114,1994,F,RI
PT40782803,1996,M,KS
PT86902404,1965,F,SD
PT81308381,1978,F,IN
PT87787505,1978,M,GA
PT32310787,1964,M,PA
PT27567547,1981,F,RI
PT62597388,1961,F,GA
PT13006476,1969,M,CT
PT27843259,1955,F,OH
PT87478521,1997,M,KS
PT89424930,1976,F,MT
PT48132075,1991,F,WA
PT59246539,1960,F,NV
PT40293327,1989,F,DC
PT32118355,1960,M,AZ
PT65395081,1971,M,PA
PT53755937,1961,F,NY
PT30419061,1973,F,DC
PT94214561,1971,M,ME
PT32121082,1997,F,ME
PT78562679,1957,F,OH
PT69867138,1960,F,NE
PT22513679,1972,M,LA
PT51953922,1974,F,NV
PT72069430,1982,M,DE
PT24361439,1963,F,KS
PT75287330,1989,F,VT
PT43474806,1968,F,NE
PT11517360,1985,M,HI
PT91242471,1974,M,OR
PT96675363,1982,F,KY
PT93902642,1985,M,FL
PT24482245,1969,F,AZ
PT39312600,1986,F,MI
PT66309260,1964,F,NM
PT74440814,1961,F,KS
PT30206612,1988,F,GA
PT95652264,1980,F,AL
PT27111391,1977,F,FL
PT36202688,1998,F,DC
PT19440692,1983,M,MT
PT69290084,1990,F,MA
PT28417738,1966,F,VA
PT99471518,1973,F,NM
PT13586173,1999,M,CA
PT43730146,1961,F,IL
PT74969291,1975,F,TX
PT83976628,1998,F,NH
PT89152902,1954,M,TX
PT63910063,1968,F,ME
PT22091451,1971,M,WV
PT67800545,1966,M,OK
PT43751934,2002,M,KY
PT96224132,1985,M,DE
PT94112112,1968,F,TN
PT45455208,1996,F,SC
PT49975344,2005,F,FL
PT88227980,1958,F,TN
PT67655351,1983,F,AR
PT11754620,1967,F,AZ
PT43091020,1976,F,NY
PT43024979,1971,M,IA
PT33431663,1974,F,NC
PT53336618,1988,F,AL
PT68695237,1977,F,DC
PT73891802,1955,F,OH
PT64954903,1998,M,VA
PT37770957,1961,F,ID
PT32643195,1978,M,GA
PT60627472,1979,M,KS
PT51116200,1981,F,DC
PT84150776,1974,F,VA
PT61412025,1974,F,FL
PT86341766,1968,F,OK
PT14497381,1985,F,TX
PT31514811,1965,F,MS
PT70366173,1977,F,WY
PT99331891,1993,F,KY
PT69222910,1959,M,NJ
PT22573383,1976,F,MN
PT91139709,1959,F,MD
PT41743350,1983,F,KS
PT74253966,1962,M,NC
PT69678912,1975,M,PA
PT19976883,1973,F,NM
PT57140148,2000,F,WI
PT83703420,1982,F,IA
PT38807548,1962,F,NC
PT75468806,1981,M,NJ
PT10266447,1997,F,VA
PT63345981,1996,M,ID
PT31641366,1989,F,GA
PT88978623,1983,M,ND
PT27800331,1976,F,WV
PT81623438,1970,F,MD
PT99416811,1988,F,NM
PT15365974,1984,F,DE
PT47006740,1983,M,MA
PT62119203,1986,F,WA
PT28004346,1965,M,SD
PT12045491,1979,M,SD
PT99265083,1965,F,OH
PT73204312,1973,M,NH
PT63421829,1985,F,NM
PT83556861,1964,M,MT
PT46409879,1988,F,AK
PT81668424,1993,F,IL
PT14118677,1972,F,KS
PT47525788,1975,F,CT
PT19529628,1961,F,KS
PT54014665,1983,F,NE
PT36963788,1973,F,GA
PT40329640,1973,F,VA
PT16917394,1990,M,OR
PT16968716,1983,F,MN
PT21050989,1975,F,SC
PT23532533,1960,F,TN
PT40410700,1989,M,VA
PT21028719,1986,F,MS
PT77297441,1977,M,NH
PT50593995,1960,M,IL
PT19602277,1970,F,MS
PT27123300,1985,M,SD
PT28414583,1984,F,AR
PT57727815,1969,F,VA
PT41461885,1977,M,AR
PT98897279,1981,M,MI
PT44163488,1964,F,PA
PT70952467,1952,F,NJ
PT22152179,1980,F,NH
PT51469154,1988,F,NC
PT89899975,1990,F,CO
PT43204276,1990,M,DC
PT30547737,1968,M,AR
PT83580622,1989,M,IL
PT59891035,2006,F,SC
PT68145856,1984,F,LA
PT71935346,1978,F,DE
PT22907224,1984,F,FL
PT89174903,1987,F,AR
PT53709306,1972,F,OR
PT68599375,1961,F,IL
PT48823978,1986,F,TN
PT63714807,1980,M,WA
PT75959989,1964,F,PA
PT54986824,1975,F,NC
PT36131253,1968,F,MD
PT74739408,1986,F,TN
PT33332399,1980,M,SD
PT15038149,1985,F,MS
PT78829623,1981,F,NY
PT38462724,1956,M,GA
PT46511557,1976,M,MA
PT50206528,1973,M,MT
PT97467882,1964,M,MD
PT27396916,1979,M,SD
PT15183124,1986,F,TX
PT91233930,1977,M,CT
PT39155922,1963,F,DE
PT48571405,1980,M,MO
PT75921711,1974,F,AZ
PT85274391,1960,F,NM
PT37001616,1976,M,AL
PT48504505,1995,M,SD
PT27724192,1985,F,OR
PT21092494,1971,F,AK
PT15817658,1969,F,CT
PT38046295,1961,F,IN
PT96670974,1987,F,NC
PT28544240,1983,F,OK
PT53944913,1991,U,NV
PT44990315,1975,M,DE
PT61545702,1989,F,PA
PT87779819,1980,F,NY
PT95684022,2000,M,IL
PT16246713,1994,M,MT
PT76607310,2002,F,TX
PT15978173,1964,M,NY
PT75292964,1987,M,OR
PT87724238,1960,M,MT
PT49386542,1984,F,WA
PT57954589,1969,M,NE
PT53253532,1987,F,FL
PT82607118,1968,M,AZ
PT96969858,1970,F,OK
PT94541144,1978,M,WI
PT86703312,1971,M,PA
PT38613085,1956,M,MI
PT31868096,1986,F,AK
PT37709360,1960,M,NH
PT32468812,1988,F,CO
PT30874171,1997,F,WI
PT33600455,1994,F,NY
PT13387772,1979,F,OH
PT53211818,1983,F,AK
PT99634045,1987,F,AR
PT47430369,1986,M,VT
PT66890172,1988,F,AZ
PT52404379,1992,F,TN
PT43225123,1985,M,KY
PT61672075,1999,F,ME
PT97768736,1985,M,IL
PT39857677,1988,F,NV
PT72929148,1972,F,NC
PT97762746,1968,M,TX
PT17034383,1975,M,DE
PT15063715,1974,F,MN
PT42730523,1963,F,TX
PT47000739,1982,F,MI
PT73845638,1990,M,MN
PT99173991,1986,F,IN
PT66088474,2000,F,AK
PT26604589,1970,M,MN
PT81355885,1977,F,MS
PT12296776,1988,F,MO
PT66280719,1962,F,NJ
PT70444674,1977,M,TN
PT15294073,1964,F,WY
PT51384281,1982,F,KY
PT78722607,1979,F,DC
PT74757137,1976,F,ME
PT39925899,1977,M,NE
PT69580385,1983,F,
PT15371169,1976,M,KY
PT54307092,1982,F,NE
PT66992104,1973,F,NC
PT50419912,1976,F,KY
PT67598129,1978,M,AL
PT92879002,1983,F,ME
PT50008819,1982,M,TX
PT35658683,1990,F,WV
PT68069389,1983,F,SD
PT47949737,1988,F,HI
PT55264584,1984,M,OK
PT48475062,1990,F,KS
PT97272345,1981,M,GA
PT79220888,1970,F,AR
PT42204173,1966,M,MT
PT59986570,1978,F,CA
PT39813100,1962,F,PA
PT87258082,1998,M,TX
PT46351469,1968,F,NE
PT36088311,1981,F,FL
PT87316002,1975,F,ID
PT94035586,1987,F,TX
PT86799414,1966,F,MI
PT80900264,1987,F,DE
PT87984919,1974,F,MO
PT73676166,2009,M,CO
PT77696488,1990,M,UT
PT43882104,1985,F,WI
PT33540630,1984,M,LA
PT74740201,1954,F,CA
PT99097454,1961,M,NH
PT86451220,1962,M,KS
PT42310537,1995,M,FL
PT57459151,1992,F,SD
PT16593056,1990,M,HI
PT58135794,1967,M,OH
PT68775913,1960,F,NM
PT93822115,1964,M,AZ
PT60679225,1975,F,KY
PT40177305,2007,M,
PT67645968,1971,F,MD
PT92656485,1968,F,NM
PT14670725,1997,F,WY
PT77618644,1973,F,GA
PT14258885,1975,F,NV
PT54492096,1969,F,VA
PT32830355,1970,F,MD
PT92274758,1989,F,AL
PT79016830,1958,F,WY
PT70530447,1973,M,RI
PT64803108,1980,F,NV
PT24753338,1988,F,OK
PT78811303,1975,M,MD
PT75881069,1981,F,ME
PT52615958,1993,F,MT
PT42488198,1984,F,KY
PT46922124,1959,F,WI
PT13084831,1965,F,SC
PT15785809,1988,F,IA
PT91846600,1960,F,WA
PT73064549,1978,F,OH
PT16667711,1966,F,VA
PT27751684,1974,F,AZ
PT85766570,1960,F,OK
PT29359381,1986,F,SD
PT91917026,2011,F,VT
PT12516249,1983,M,KS
PT37280631,1987,F,OH
PT80931320,1961,F,FL
PT40922258,1967,F,WV
PT19607329,1964,M,FL
PT45939663,1976,F,MI
PT90688004,1993,F,TN
PT17744615,1978,F,OK
PT71974600,1991,F,GA
PT87032049,1980,F,MS
PT25226127,1982,M,MT
PT82545013,1995,F,WY
PT14939440,1992,F,NE
PT15315645,1984,F,MI
PT48146560,1995,F,LA
PT77611594,1990,F,AZ
PT68198199,1971,F,NM
PT95651270,1972,F,MI
PT15470687,1969,M,SC
PT15240147,1991,M,MA
PT45605213,1961,F,NM
PT65967539,1982,F,KS
PT95311912,1971,F,NC
PT29591770,2000,F,NC
PT42935991,1975,M,IL
PT37821980,1979,F,TN
PT72459102,1981,F,MS
PT44483582,1974,F,SD
PT35716988,1960,F,MI
PT19518211,1972,M,DC
PT71208074,1976,F,OK
PT21599031,1973,F,DE
PT62241466,1953,F,NC
PT47041868,1974,M,WV
PT30312052,1982,F,OH
PT33218654,1954,F,MS
PT41745890,1981,M,CT
PT64800545,1988,F,HI
PT97426234,1961,M,ND
PT76258666,1964,M,FL
PT89607840,1980,F,OH
PT79415046,1997,F,OK
PT19412374,1969,M,KY
PT35622688,1978,M,SD
PT48781862,1973,F,SC
PT65172921,1983,F,HI
PT74766696,1975,F,VA
PT70784730,1960,F,AZ
PT64812605,1986,F,NJ
PT69282010,1994,F,ID
PT57355034,1977,F,GA
PT24354263,1971,F,SC
PT87766619,1966,M,WV
PT17913159,1967,F,PA
PT87138193,1966,F,MO
PT83627054,1973,F,ID
PT60985789,1971,M,MN
PT32561858,1970,M,WI
PT64096991,1983,F,DC
PT76532431,1981,F,OH
PT72957027,1982,M,NE
PT20330484,1960,M,CA
PT61127406,1973,M,LA
PT66919131,1973,F,IN
PT80137564,1956,F,WI
PT97925804,1980,F,TX
PT12805188,1977,F,NC
PT56003718,1975,M,GA
PT31632205,1955,F,DE
PT34615971,1978,F,VT
PT69038163,1971,M,MA
PT26225246,1989,F,AK
PT18457356,1982,M,AL
PT22961256,1983,M,MO
PT74508088,1984,F,AL
PT68148582,1971,F,AZ
PT94167718,1970,F,MI
PT63957895,1981,F,AL
PT80481705,1965,M,AK
PT40248189,1966,M,AK
PT93642790,1980,F,WV
PT86520733,1968,F,CO
PT88354569,1979,F,DC
PT13959730,1962,F,MD
PT56300395,1960,F,FL
PT69606096,1963,F,MS
PT25559811,1979,F,CT
PT23697102,1994,F,OR
PT15008849,1979,F,WY
PT58773911,1981,M,IL
PT33780132,1962,M,NE
PT60350676,1971,F,MS
PT61332973,1963,F,VT
PT24175070,1999,F,LA
PT34227069,1987,F,NJ
PT86088731,1971,M,AZ
PT61482495,1996,M,AR
PT92092744,1976,F,MD
PT72097795,1993,F,NE
PT18916851,1961,F,MD
PT77930090,1977,F,TX
PT33428150,1960,F,AR
PT34636690,1979,M,CA
PT63427226,1967,M,LA
PT40745109,1996,F,CO
PT89150078,1972,F,NH
PT14720532,1997,F,IL
PT94144518,1973,F,MS
PT55665123,1974,F,KY
PT86505071,1980,F,KS
PT88881714,1960,M,IL
PT51933785,1979,M,GA
PT98722244,1975,M,CO
PT96340157,1960,F,MD
PT13353472,1959,F,WI
PT28507340,1954,M,ND
PT32790981,1960,M,ME
PT64715728,1983,F,TN
PT90746281,1985,F,AR
PT45501267,1995,M,NJ
PT93730710,1979,M,WY
PT27089075,1991,F,TX
PT97937853,1981,F,NJ
PT50145433,1985,M,MN
PT91505991,1990,F,TX
PT96309351,1964,M,AL
PT53411178,1968,F,HI
PT51453416,1977,M,OK
PT76053313,1969,M,DE
PT20317298,1988,M,ME
PT47244382,2005,M,FL
PT63274660,1979,F,OK
PT21486771,1974,M,IL
PT96348229,1982,F,MO
PT55497864,1973,M,DE
PT42395582,1977,M,AK
PT13323220,1984,F,TN
PT20243902,2004,M,NC
PT60688462,1967,M,GA
PT29320622,1967,M,ID
PT42604587,1970,M,NH
PT21393914,1987,F,NH
PT80918653,1996,F,IN
PT55264674,1998,F,NE
PT38484179,1988,F,AL
PT92089716,1981,F,LA
PT42125630,1965,F,OK
PT56309264,1978,F,VT
PT66461613,1973,F,IL
PT23419878,1960,M,VA
PT27449810,1989,M,IA
PT97104654,2009,F,IN
PT40154783,1997,F,CO
PT70216101,1976,F,AR
PT33561456,1972,F,NH
PT54929358,1987,M,ND
PT11984466,,M,ND
PT72989198,1985,F,AL
PT48240973,1955,M,NJ
PT17235075,1992,F,PA
PT28873026,1994,M,NJ
PT53542589,1960,M,AL
PT32182211,1970,F,DE
PT88589061,1969,M,MO
PT59598697,1976,M,AZ
PT28207712,1978,F,AL
PT42074199,1965,M,MD
PT29339563,2005,M,AK
PT77925585,1965,F,NH
PT17054057,1984,F,HI
PT96225142,1986,F,NY
PT74611030,1989,F,VA
PT77817974,1979,F,TN
PT30685321,1966,F,MS
PT61254740,1991,F,TN
PT32865341,1998,M,KS
PT56612188,1976,F,LA
PT48903465,1973,M,DE
PT88042449,1987,M,RI
PT78401010,1971,F,CO
PT53803819,1973,F,WA
PT45147113,1977,M,IA
PT56629576,1969,F,SC
PT57777081,1961,M,DE
PT13012767,1957,F,MN
PT86581723,1972,F,WY
PT75760615,1979,M,ID
PT72907752,1976,M,KY
PT89158155,2001,M,MD
PT58407247,1981,F,WY
PT41610324,1980,M,TX
PT99791540,1989,F,MN
PT78211759,1967,F,MS
PT13275284,1961,M,MD
PT79421596,1973,F,CO
PT41562445,1970,M,NJ
PT27908763,1984,F,MO
PT93941290,1964,F,MD
PT75357579,1967,F,NE
PT20510323,1960,F,NC
PT62137459,1981,F,RI
PT50623186,1992,F,AR
PT31635268,1960,F,KY
PT14319954,1969,F,AL
PT49356635,1966,M,ID
PT59144630,1978,M,SC
PT41760293,1967,F,OH
PT68967607,1968,M,ID
PT29368480,1965,F,IL
PT94425626,1986,F,UT
PT13497380,1959,F,SC
PT62463647,1966,M,MO
PT19383762,1969,F,NY
PT59429148,1970,M,MN
PT51136300,1973,F,WY
PT32259894,1973,M,SD
PT77332788,1985,M,KY
PT75427885,1978,F,SD
PT54148719,1984,F,IA
PT97242362,1953,F,AR
PT68193030,1985,M,IN
PT68270533,1974,M,VA
PT92846028,2001,F,CA
PT57559529,1978,M,VA
PT52948662,1966,F,TN
PT59742719,1979,M,OH
PT23598687,1978,F,AL
PT56194978,1965,M,RI
PT87635268,2000,F,PA
PT41580607,1972,F,CO
PT82493942,1983,F,KS
PT88965047,1979,F,MD
PT59280074,1972,M,SC
PT41872862,1981,F,TX
PT21385985,1991,F,VT
PT68709852,1990,F,TX
PT23809346,1980,F,MS
PT53361810,1971,F,MO
PT41669423,1987,F,WA
PT28674878,1974,F,TX
PT70607468,1987,M,TN
PT23924995,1990,F,NV
PT77661986,1986,M,AK
PT85839866,1985,F,VA
PT14917339,1974,F,LA
PT24963995,1974,F,DC
PT32034601,1973,F,WY
PT99322894,1961,F,MO
PT37435548,1976,F,MI
PT98171757,1979,F,NJ
PT69761685,1960,F,AL
PT42840243,1960,F,NV
PT18885529,1986,F,KY
PT24827907,2002,F,NH
PT93585702,1973,F,TN
PT31910991,1960,M,MI
PT46799787,1975,U,MD
PT19665183,1992,F,LA
PT97176278,1978,F,SD
PT50085711,1958,F,WA
PT69868868,1985,F,TN
PT94755294,1997,M,MI
PT74562754,1984,F,WV
PT45184439,2001,F,KY
PT88753962,1989,F,TN
PT64764169,1968,F,FL
PT61465088,1989,F,WV
PT61856234,1997,F,MD
PT73524970,1977,F,AK
PT88679144,1974,F,GA
PT92176668,1994,M,NC
PT61844929,2002,M,GA
PT75240407,1993,F,ME
PT94476311,1985,F,NY
PT83818231,1971,M,CT
PT33650850,1972,M,MT
PT10357002,1959,M,WV
PT94988812,1991,M,MD
PT59569736,1989,F,CA
PT81773632,1984,M,CO
PT83112310,1994,F,NM
PT69378905,1973,M,MI
PT36554154,1983,M,MN
PT34319780,1974,F,WI
PT95095705,1973,F,MT
PT95357207,1971,F,AZ
PT70287837,1984,F,NC
PT96177515,1992,F,LA
PT81689787,1979,F,AL
PT68993411,1969,F,VA
PT11374116,1960,M,PA
PT41276223,1977,F,IA
PT82211478,1997,F,NM
PT18231938,1956,F,AR
PT46265580,1972,F,HI
PT23201524,2005,M,MI
PT39567135,1971,F,HI
PT51390232,1985,F,DC
PT16901419,1977,F,DE
PT77540339,1960,M,CA
PT76696738,1954,F,MA
PT44423933,1995,F,IA
PT33558234,1973,F,OK
PT29494683,1988,F,ID
PT14477394,1987,F,UT
PT73705555,1984,F,NH
PT81366482,1986,M,NM
PT56498744,1997,F,MS
PT75599816,1952,F,AL
PT53491372,1963,F,NY
PT55677058,1969,M,DC
PT81306634,1991,M,DE
PT84432480,1996,M,ME
PT38121746,1966,M,FL
PT42147334,1975,F,GA
PT68473287,2003,F,VA
PT10899488,1976,F,VA
PT92674266,1992,F,TN
PT25755395,2001,F,HI
PT81156735,1992,F,AR
PT26670275,1971,F,OK
PT78263803,1964,F,IA
PT57252609,1973,M,WY
PT45521883,1975,F,SC
PT51845762,1974,F,RI
PT36096590,1965,F,RI
PT46196044,1971,M,TN
PT89076101,1975,F,IN
PT15599987,1985,F,NV
PT35671068,1961,F,OR
PT91368475,1994,F,CT
PT14304941,2000,F,IL
PT86100651,1989,F,UT
PT71580665,1978,F,NM
PT27502687,1966,F,CA
PT15974224,1984,M,NY
PT81538802,1979,M,AZ
PT22359891,2004,F,MO
PT80795116,1973,M,KS
PT40944648,1980,F,TN
PT92779669,1974,M,AR
PT33865254,1976,M,OK
PT68885086,1972,F,IN
PT20190202,2008,F,IN
PT87101670,1980,M,VT
PT75120800,1974,F,MI
PT23164191,1979,F,KY
PT55051905,1978,F,OR
PT78311426,1975,F,FL
PT87651587,1965,F,TX
PT26849867,1964,F,IN
PT68101680,1972,F,NY
PT29662058,1976,M,IN
PT28362385,1994,M,AL
PT96718649,1980,M,RI
PT72246341,1980,F,VA
PT94023036,1959,F,KY
PT62924826,1954,M,ME
PT74754679,1984,F,DE
PT63539433,1980,F,MN
PT67903598,1985,F,MT
PT69667869,1984,F,NC
PT99487260,1950,M,SC
PT12452914,1967,F,VT
PT95316842,1986,M,RI
PT29667271,1994,M,NM
PT78239785,1986,F,KY
PT34197229,1992,F,AL
PT90817598,1983,F,CA
PT88155958,1961,F,PA
PT47238858,1986,F,AL
PT99309586,1995,F,NJ
PT17662884,1969,F,OH
PT93044255,1975,F,OH
PT78994341,1975,F,FL
PT13925507,1960,F,CT
PT25620090,1974,F,AK
PT71543016,1985,F,WI
PT48100570,1963,F,AK
PT70976192,1998,M,DC
PT58466839,1984,F,CO
PT93555961,1976,F,WI
PT94533782,1970,F,AL
PT33979859,1990,F,AL
PT10653964,1963,M,MA
PT79935723,1959,M,LA
PT53719538,1980,F,AR
PT52485844,1968,M,VA
PT55067725,1976,M,WI
PT36775967,1976,F,SD
PT38782380,1966,M,GA
PT68963832,1974,F,NH
PT30750582,1992,F,MD
PT18745887,1974,F,VT
PT21833526,1987,F,AZ
PT93089861,1988,F,MS
PT46677982,1970,M,NV
PT92444971,1980,F,ID
PT87194550,1974,F,NJ
PT90699330,1974,F,CA
PT91938002,1980,F,NH
PT51518899,1968,F,NM
PT75428541,1973,F,ID
PT66507291,2001,M,NY
PT54654869,1989,M,AR
PT42160949,1981,F,GA
PT45902224,1981,M,AZ
PT54775706,1979,F,OK
PT47472828,1962,F,HI
PT59789887,1977,F,AL
PT29366930,1986,M,IN
PT90851353,1978,M,FL
PT52713247,1982,F,WI
PT81904077,1966,M,UT
PT42896134,1973,M,FL
PT12365174,1975,M,CT
PT41791800,1993,F,MD
PT45240708,1986,F,MN
PT14797128,1977,F,TX
PT75811586,1956,M,CA
PT29228664,1989,F,ME
PT49183685,1993,F,AZ
PT96909364,1965,M,CA
PT31506136,1975,M,FL
PT84740027,1992,M,MA
PT28238057,1967,F,MO
PT41044368,1987,M,LA
PT75616547,1972,F,DC
PT13082215,1985,F,DC
PT54975584,1971,F,DE
PT74933007,1959,M,MS
PT75655902,1993,F,DC
PT25419288,1986,M,WI
PT24130148,1995,F,NC
PT34013802,1984,F,OH
PT20814659,1981,F,OH
PT98043053,1979,F,IL
PT72004780,1985,F,DE
PT16091518,1971,M,DE
PT48103607,1982,F,MT
PT25089501,1984,M,FL
PT49087255,1966,F,AL
PT46435341,1983,M,WV
PT69124527,1965,F,NE
PT48123504,1980,F,WY
PT94515250,1962,F,NE
PT71862782,1980,F,OR
PT38475573,1961,M,AR
PT76197481,1968,M,MD
PT29988572,1993,F,AL
PT74517299,1983,M,LA
PT65546912,1967,F,MO
PT56594858,1981,M,KS
PT97102122,1986,F,TN
PT23129572,1980,F,CT
PT40457195,1998,F,NJ
PT72358523,1972,M,TX
PT44050384,1988,M,AR
PT82334496,1956,F,RI
PT23721912,2003,U,PA
PT97175310,1989,F,OR
PT54633588,1952,M,SC
PT42598500,2000,F,AR
PT11547619,2006,M,UT
PT20413073,1959,M,AK
PT70697516,1988,F,HI
PT65307518,1983,F,OH
PT87920066,1964,F,MA
PT58344180,1967,F,MT
PT37195070,1978,F,NM
PT17346508,1970,M,KS
PT39159387,1979,F,OK
PT13702930,1973,M,DC
PT85310378,1967,F,GA
PT44086499,1982,M,LA
PT38517252,1967,M,CO
PT34363642,1976,M,PA
PT85573153,1960,M,MT
PT54254047,1976,M,DC
PT38900819,1978,F,MD
PT36853583,1954,F,CA
PT58974042,1977,M,OK
PT40440388,1986,F,CA
PT15036119,1967,F,AK
PT32863971,1999,F,MO
PT26110177,1997,F,MI
PT48190511,1973,M,GA
PT97422419,1972,M,TN
PT63272859,1993,F,ME
PT64895912,1994,F,MD
PT31665300,1981,F,SD
PT31600346,2009,M,AR
PT56306740,1961,M,SD
PT66051886,1966,M,WV
PT77243774,1979,M,OK
PT83347090,1990,F,WY
PT40852348,1968,F,MA
PT47022036,1966,F,WY
PT96434114,1968,F,VT
PT45948975,1971,F,NY
PT97403218,1987,M,WA
PT23947176,1962,M,DE
PT26136898,1973,F,NY
PT80102728,1979,M,SC
PT73110436,1982,F,MT
PT84836885,1978,M,WA
PT22933953,1969,F,DE
PT41595989,1953,F,PA
PT95602668,1983,M,NC
PT56920533,1985,F,OK
PT63118859,1996,F,NV
PT11359291,1956,F,DE
PT58171171,1983,F,NJ
PT63083547,1984,F,WY
PT17846337,1957,M,OH
PT81317235,1988,F,WV
PT73040564,1980,M,GA
PT62323423,1974,M,NV
PT72505843,1986,M,AZ
PT51824784,1975,M,AR
PT31007247,1977,F,FL
PT36093567,1990,F,AZ
PT54933298,1970,M,AZ
PT64486621,1978,F,OH
PT13739968,1992,M,DE
PT36688338,1987,F,FL
PT64197434,1969,F,ME
PT25742048,1970,M,LA
PT84490730,1985,F,DC
PT50004574,1980,F,HI
PT12030866,1980,F,IL
PT44184355,1973,F,TX
PT14652383,1975,M,AL
PT71529470,1992,F,UT
PT47703130,1996,M,HI
PT93387856,1973,F,TX
PT67568495,1972,F,DE
PT78267370,1989,M,RI
PT89857960,1956,F,WY
PT87775581,1997,F,UT
PT40165655,1977,F,PA
PT72978010,1987,M,LA
PT36529949,1961,F,MI
PT77472094,2007,F,IA
PT28685395,1976,F,RI
PT24411879,1965,F,KY
PT86010490,1965,M,SC
PT30933065,1989,F,MI
PT73773213,1977,F,CT
PT59238824,1980,M,MD
PT88495658,2004,M,AR
PT22586637,1990,F,AK
PT66115151,1974,F,GA
PT55889219,1976,M,MN
PT88284394,1982,F,OK
PT51032031,1972,M,OK
PT82032031,1992,F,MS
PT55349959,1967,F,VT
PT75816454,1983,M,DC
PT87106194,1990,M,DE
PT98149830,1967,M,OH
PT92317311,1967,F,DE
PT71944770,1965,M,NH
PT35284123,1983,F,MI
PT43095049,1978,F,SC
PT64693120,1981,F,AL
PT98247871,1969,M,CO
PT90923341,1991,F,MD
PT69820370,2000,F,WI
PT40844287,1985,F,ID
PT97852913,1985,F,ID
PT66298457,1960,F,AL
PT98529950,1988,F,SD
PT85619728,1963,M,KS
PT29706076,1986,F,OK
PT68427217,1969,F,KS
PT30235702,1976,M,NV
PT28663764,1976,M,NY
PT72504539,1967,M,IN
PT61245519,1969,F,IL
PT61834629,1960,F,OK
PT40430571,1980,F,AR
PT15783664,1970,M,RI
PT71524827,1980,F,AR
PT29301777,1974,F,ID
PT66829036,1979,M,WV
PT96727426,1962,F,SD
PT16243106,1961,F,KS
PT67485205,1980,F,PA
PT53823736,1992,F,CO
PT90771609,1969,F,OK
PT92163271,1995,F,WI
PT87196055,1977,M,FL
PT62902663,1961,F,TX
PT11444974,1979,M,FL
PT11321830,1974,F,MO
PT55643196,1975,F,AZ
PT92534103,1961,M,MS
PT53206678,1969,M,DC
PT12940298,1984,F,WY
PT32233172,1975,F,LA
PT34255916,1989,F,VT
PT63888017,1984,F,IL
PT72422488,1974,F,SC
PT72617289,1985,F,MD
PT12033299,1967,F,DE
PT30711277,1952,F,TN
PT23356408,1986,M,MS
PT68246532,1970,F,SC
PT73363979,1989,F,VT
PT70832181,2003,M,MD
PT89563617,1987,F,SD
PT99053718,1970,M,LA
PT82816246,1960,M,AZ
PT29476396,2000,M,MS
PT63197203,1982,F,LA
PT37386757,1960,M,AZ
PT27029171,1969,F,DC
PT70887259,1982,F,PA
PT84303197,1980,F,KY
PT99465368,1991,M,IL
PT85393887,1979,M,DC
PT69609497,1974,F,MI
PT63360312,1989,F,DC
PT83997918,1992,F,NJ
PT82855878,1989,M,LA
PT52919682,1985,F,ND
PT43962561,1991,F,VA
PT57679297,1993,F,WI
PT19385602,1982,F,AK
PT95170153,1966,F,VT
PT94749532,1978,F,WY
PT34862702,1982,F,MO
PT59599311,1972,M,AL
PT12922247,1987,M,DC
PT91400204,1989,F,WV
PT69136393,1980,F,NM
PT60139894,1991,F,NH
PT27729729,1974,F,NJ
PT32540322,1972,M,LA
PT86155197,1968,F,OH
PT32451577,1980,M,SC
PT40782705,1999,F,MT
PT22087645,1963,F,KY
PT92841452,1984,F,FL
PT52361733,1976,F,GA
PT38643695,1982,M,ME
PT30746139,1982,M,GA
PT10997220,1968,F,TN
PT23468999,1980,F,WY
PT39375845,1976,F,TN
PT43197392,1963,M,OK
PT75243711,1995,F,MS
PT54069896,1961,F,WI
PT57967947,1977,M,AL
PT42247745,1978,F,VA
PT61169160,2002,M,KS
PT87586695,1990,F,SD
PT49091660,1961,M,SC
PT45309800,1982,M,NY
PT48934453,1966,M,WY
PT39872110,1981,M,NM
PT14332921,1971,F,NJ
PT87454654,1971,M,SC
PT43737045,1980,M,IL
PT27682621,1998,F,TN
PT31680557,1975,F,IN
PT44198036,1977,M,ME
PT63710553,1975,M,MS
PT42421604,1961,F,CT
PT46612987,1953,M,DC
PT81727593,1998,F,ME
PT91474232,2003,F,AZ
PT76221722,1982,F,GA
PT34400739,1981,M,NM
PT60266070,1976,M,VT
PT50304828,1960,F,DE
PT12784856,1975,F,IL
PT96977226,1974,M,ME
PT64245155,1975,M,SC
PT13155585,1971,M,CO
PT72297418,1983,F,MO
PT65132608,1978,F,AR
PT83637318,1994,F,SD
PT44696045,1979,F,NV
PT65573205,1961,M,IA
PT21306856,1976,F,NM
PT31084812,1992,M,NH
PT38428363,1979,F,IN
PT63458970,1989,F,WV
PT95656120,1960,F,GA
PT83852086,1981,M,DC
PT87043303,1973,M,MS
PT17088892,1975,F,MI
PT11906882,1980,F,CT
PT48071771,1961,F,NE
PT30352013,1978,M,KS
PT92093175,1953,M,TX
PT34944036,1998,M,LA
PT70850130,1994,M,MO
PT30939661,1974,F,AZ
PT90050146,1988,M,WA
PT75208086,1978,F,IA
PT38888908,1979,F,FL
PT67059549,1988,F,OR
PT75486671,1976,F,SC
PT48375145,1999,F,NE
PT57395161,1974,M,WA
PT47492179,1970,F,MN
PT28605711,1956,M,
PT46651068,1984,F,OR
PT63901644,1978,F,MD
PT59657266,1969,M,MI
PT29354439,1974,F,MA
PT73023330,1991,F,TX
PT13249607,1967,M,GA
PT42920097,1991,F,MA
PT18680137,1985,F,KS
PT29022723,1970,M,OK
PT60387447,1989,F,DE
PT10579529,1968,M,MI
PT69546614,1982,F,LA
PT83909316,1971,F,MI
PT82069481,1980,F,NH
PT84040940,1968,F,CA
PT18808702,2008,F,NY
PT26829883,1964,F,DC
PT93454427,2000,F,ND
PT54119208,1975,F,DE
PT64202894,1976,F,AR
PT92877712,2011,M,NJ
PT92775805,1989,M,FL
PT36975682,1960,F,AL
PT94895271,1960,M,MD
PT30615620,1976,F,OR
PT61982665,1958,F,WA
PT62554250,1973,F,NV
PT76637111,1988,F,ID
PT84532692,1973,F,CO
PT40572469,1960,M,DE
PT74575140,1963,F,PA
PT24858455,1993,F,DE
PT88129390,1991,F,NJ
PT26110715,1970,M,MN
PT66615729,1970,F,AL
PT32322871,1999,M,KY
PT97126626,1996,F,MI
PT68934787,1993,F,FL
PT86993936,1997,F,IN
PT38435552,2001,F,ID
PT73465059,1979,F,ND
PT83043198,1964,M,WV
PT94038539,1992,M,NY
PT65440287,1982,M,KS
PT78939370,1984,F,IN
PT22379697,1985,F,NY
PT71876981,1970,F,ME
PT85019971,1975,M,CA
PT17513107,1982,M,VA
PT88083886,1968,F,VA
PT20850990,1978,M,AK
PT88944511,1992,F,OK
PT39980188,1989,F,ND
PT15126783,1990,M,MA
PT31953959,1971,F,MN
PT45560170,1959,M,MI
PT84401805,1971,F,OR
PT28689926,1975,F,KS
PT35604932,1976,F,MS
PT85995551,1976,M,HI
PT76098636,1985,M,VT
PT59995891,1965,F,IL
PT36991566,1985,M,NY
PT91516277,1976,F,MO
PT79918794,1983,F,MS
PT18063292,1989,F,MS
PT96355702,1950,F,NC
PT28059856,2011,F,ME
PT22895830,1975,F,LA
PT31250930,1988,F,DC
PT60863152,1976,F,CT
PT28326228,1996,F,VT
PT56893983,1970,F,NM
PT99586678,1981,M,NH
PT80703266,1988,M,WY
PT53875946,1977,F,IA
PT69955397,1980,F,VA
PT46716994,1965,F,MO
PT12932134,1993,F,AK
PT98294924,2000,F,OK
PT89588637,1973,M,WI
PT89880226,1979,M,UT
PT97304972,1974,F,NJ
PT42514498,1975,M,
PT49556294,1963,F,ME
PT82603761,1987,F,NM
PT37043142,1960,M,NJ
PT38934188,1987,F,ME
PT27781927,1998,F,FL
PT13312909,1980,F,MI
PT50129973,1972,M,OR
PT76537639,1969,F,IA
PT30247227,1991,F,GA
PT13095892,1983,F,MS
PT23227703,1986,F,MD
PT89312107,1970,F,NH
PT79082801,1956,M,OR
PT79609245,1985,F,AL
PT94551664,1983,F,DC
PT90643455,1964,M,MS
PT13554003,1970,F,NC
PT35159188,1997,M,FL
PT90787465,1977,M,WA
PT36685814,1966,F,PA
PT63613683,1981,F,CT
PT30132071,1984,F,TN
PT74414359,1966,F,MD
PT76911202,1954,F,HI
PT80039675,1968,M,AL
PT61874529,1998,M,WA
PT67156290,1985,F,CA
PT27145571,1960,M,WY
PT87156711,1995,F,MS
PT36482927,1991,F,HI
PT18783780,1994,F,IN
PT35412208,1990,F,UT
PT63406709,1978,F,
PT61641933,1976,F,SC
PT75889748,1988,M,PA
PT98991405,1977,F,ME
PT16855236,1993,M,UT
PT62756884,1992,M,HI
PT39195483,1986,F,GA
PT52046647,1976,M,MA
PT81474415,1992,F,MO
PT35507476,1986,M,AL
PT71308877,1987,F,CT
PT65983106,1966,F,FL
PT30986464,1995,M,FL
PT42020803,1978,M,SC
PT60406432,1995,F,NH
PT11541454,1975,F,DC
PT55872001,1956,F,NY
PT63169622,1965,F,AR
PT95309608,1959,F,OR
PT53711991,1984,F,SD
PT67676434,1973,F,PA
PT64568434,1954,F,KY
PT39628124,2005,F,OH
PT86823713,1961,F,GA
PT20180881,1960,M,OH
PT26503220,1981,M,DE
PT27875747,1983,F,IA
PT16815566,1969,F,AK
PT26189031,1965,F,FL
PT76188571,1973,F,OK
PT40448969,1973,M,AZ
PT70494725,1975,F,WV
PT76783026,1964,F,MI
PT40186662,1968,F,KY
PT18184941,1977,F,SD
PT26043121,1963,M,KY
PT84383693,1976,F,AR
PT60363558,1968,F,OK
PT81248139,2001,F,SC
PT64019553,2008,F,AR
PT58085114,1961,F,AL
PT18711894,1993,F,IN
PT38693113,1974,F,VT
PT71280013,1983,F,KY
PT17158672,1982,F,WV
PT44604898,1996,M,ID
PT79614520,1991,M,DC
PT37295054,1968,F,NV
PT76661102,1976,F,WI
PT38437481,1983,M,NM
PT55087123,1980,M,WV
PT67916120,1983,F,IL
PT64144867,1992,F,IA
PT23484651,1970,F,LA
PT85150767,1970,F,KY
PT92591714,1981,F,CO
PT53038707,1956,M,OK
PT24422824,2008,F,AZ
PT76716384,1990,F,NH
PT58259563,1969,F,ND
PT45900438,1961,F,WV
PT88271448,1969,F,MN
PT51587945,1988,M,NJ
PT12578277,1969,F,TX
PT74907681,1970,F,CT
PT29868936,1974,M,DE
PT59559610,1963,M,KS
PT68152623,1986,M,DE
PT95151643,1987,F,VT
PT24229977,1985,F,WY
PT11395037,1990,F,ND
PT95296448,1995,F,FL
PT31823821,1996,F,GA
PT96027252,1960,F,FL
PT56545466,1997,F,WV
PT10053973,1991,F,MD
PT15407144,1980,F,SC
PT82641811,1966,F,IA
PT29289958,1990,F,ME
PT10205389,1980,M,DC
PT29191873,1975,M,TN
PT11268481,1995,F,NE
PT65281593,1970,M,KY
PT89657125,1999,F,IL
PT80399739,1976,F,TN
PT53920501,1969,F,RI
PT70716643,1971,F,OK
PT81288898,1986,M,IN
PT17214065,1973,M,CO
PT57034274,1992,F,MD
PT68410775,1963,M,RI
PT25004461,1972,F,UT
PT47279365,1988,M,NM
PT93413072,1981,F,MO
PT66932173,1970,M,TN
PT90600903,1988,F,DE
PT51305757,1982,F,AZ
PT82815907,1989,F,LA
PT19529852,1981,F,PA
PT17605633,1970,F,KY
PT91351485,1983,F,MD
PT12951002,1987,F,ME
PT93773245,1983,F,NC
PT85162649,1990,F,CO
PT62277906,1983,F,NE
PT35104967,1979,F,NY
PT92443454,1976,M,NC
PT10830533,1985,F,ME
PT15180592,1960,F,GA
PT56864335,1976,F,AZ
PT51816805,1979,F,OK
PT83326056,1955,F,AK
PT55855793,1996,F,DC
PT54275508,1954,F,OH
PT16014873,1969,F,MI
PT79295310,1969,M,RI
PT83867160,1960,M,MT
PT34213947,1977,F,IA
PT47031240,1960,F,CA
PT71497862,1965,F,NC
PT77861188,1960,F,VA
PT84940421,1977,F,MS
PT48568172,2005,M,IA
PT64449128,1997,F,VT
PT73907090,1963,F,GA
PT26870132,1982,F,NJ
PT88073489,1974,M,IL
PT77382193,1981,F,PA
PT83302710,1985,F,VA
PT60376983,1982,M,WV
PT37457054,1992,F,IA
PT67595182,1984,F,NM
PT91472597,1972,F,NV
PT31328745,1989,F,NV
PT74083019,1994,F,MT
PT34288278,1963,F,MA
PT75135867,1963,F,UT
PT88883755,1977,F,WY
PT48777556,1971,M,OR
PT15385520,1972,M,DE
PT56102619,1987,F,AL
PT18454541,1985,M,TN
PT14422367,1985,F,NE
PT91096257,1993,F,SC
PT17653034,1989,F,LA
PT70103320,1967,F,ND
PT30333913,1974,F,ME
PT48156568,1966,F,LA
PT29812261,1990,F,NE
PT38712369,1987,F,IN
PT45396995,1971,M,MS
PT88712992,1988,M,SD
PT35229878,1987,F,NM
PT70742378,1988,M,NE
PT16594290,1989,F,ME
PT34676105,1978,M,SC
PT40860476,1978,F,IA
PT60724650,1972,F,SC
PT46069405,1989,M,OK
PT64146484,1990,F,NH
PT35594807,1994,F,SD
PT27551589,1968,F,OH
PT18641862,1994,M,DC
PT11074207,1993,F,KY
PT24980918,1966,F,KS
PT75346774,1978,F,NE
PT68730324,1973,M,NV
PT25278503,1988,F,AR
PT87712632,1984,M,DE
PT95080993,1996,F,KY
PT61595077,1984,M,TN
PT12251168,1977,F,MA
PT45801235,1960,F,FL
PT56865165,1996,M,AK
PT49731056,1986,F,DE
PT86678394,1979,M,TX
PT91564343,1980,M,HI
PT99537073,1993,M,WY
PT43131670,1968,F,FL
PT88971276,1969,M,AZ
PT89550633,1952,F,NJ
PT17821509,1997,U,NY
PT25099193,1959,F,IN
PT58870023,1973,F,NE
PT87115675,1971,F,KY
PT92711418,1961,F,SC
PT31372165,1998,F,FL
PT73160322,1984,F,MI
PT75654479,1988,M,CO
PT36082924,1967,F,AR
PT18107963,1961,M,SC
PT86929362,1959,F,VT
PT98893846,1979,F,VA
PT55649149,1961,M,PA
PT25559505,1975,M,MD
PT99567176,1970,F,NE
PT30090478,1971,F,CT
PT61495893,1969,F,TN
PT13230386,1966,F,IN
PT12737108,1976,F,WA
PT85030993,1972,F,ME
PT93066483,1975,M,CO
PT10546826,1961,F,TN
PT16959402,1991,F,LA
PT54003953,1985,F,VA
PT48783298,1992,F,IL
PT22360305,1962,F,NE
PT86270555,1975,M,NV
PT64125919,1980,M,NY
PT79530792,1954,F,OK
PT13508822,1977,F,WY
PT73454971,1965,F,ME
PT94701797,1969,F,IN
PT17535420,1983,F,NE
PT97549966,1992,M,WV
PT25143937,1973,F,TN
PT13048318,1962,M,AZ
PT88332841,1995,F,DE
PT70384503,1977,F,CT
PT26608246,1980,F,WV
PT50926354,1985,M,OK
PT86571697,1993,F,CO
PT26561926,1972,F,OK
PT41592866,1956,F,IA
PT60669102,1966,F,VA
PT61216759,1965,F,OH
PT64527653,1968,F,MI
PT47266373,1988,M,KY
PT23095502,1976,F,GA
PT89905434,,F,NM
PT29802833,1954,M,KY
PT82517909,1957,F,VT
PT78036574,1974,F,RI
PT60025669,1982,M,WV
PT62849301,1960,F,AR
PT92441565,1965,M,NC
PT30471317,1973,M,CO
PT15067873,,M,WI
PT18819673,1990,F,VA
PT40131450,1976,F,OK
PT64403682,1974,M,ME
PT30059101,1969,M,DC
PT81313468,1984,M,CT
PT54997059,1976,F,NY
PT79989495,2007,F,PA
PT71499342,1983,F,IL
PT54580488,1989,F,HI
PT96837760,1978,M,KY
PT86570569,1988,F,AK
PT60345739,1991,F,CT
PT52353288,1981,M,RI
PT43076567,1976,F,IA
PT81624402,1960,F,MI
PT41441134,1966,F,ND
PT79244139,1962,M,DC
PT87420165,1981,M,DC
PT97558388,1982,M,MD
PT53792639,1980,F,OK
PT65886539,1973,F,PA
PT98350639,1997,F,OR
PT18800307,1981,F,IN
PT12240925,2001,F,CO
PT70902145,1978,F,CA
PT25030521,1967,M,MD
PT40674984,1962,F,TX
PT18660861,1990,F,OR
PT47914666,1963,F,TN
PT83244548,1979,F,CT
PT12540019,1975,F,IN
PT10356649,1980,F,ID
PT15310053,1976,M,IL
PT42712928,1983,F,WA
PT34565465,1985,M,WI
PT95292279,1967,M,SD
PT36384133,1990,F,IN
PT97968572,1989,F,TN
PT92885583,1977,F,UT
PT97485423,1977,F,RI
PT94307565,2007,F,KS
PT37058506,1977,M,KY
PT76317907,1980,M,WI
PT13105617,1984,F,ME
PT67570127,1975,F,AK
PT67889263,1976,F,LA
PT12402079,1994,F,TX
PT42637087,1965,F,CA
PT81566335,1959,M,AZ
PT95457497,1983,F,CT
PT65053905,1971,F,DC
PT88382677,2005,F,CO
PT51037916,1993,F,VA
PT64595213,1972,F,RI
PT34320472,1978,F,LA
PT25147003,1981,F,DC
PT50220136,1983,F,WA
PT47668380,1973,M,HI
PT94119416,1974,F,CA
PT35823536,1969,F,HI
PT81017722,1961,F,WI
PT36834655,1963,F,NY
PT46921638,1977,M,IA
PT71265388,1972,F,MT
PT46961244,1994,M,WI
PT79770524,1962,M,IA
PT18409846,1984,M,WY
PT15806495,1981,F,NH
PT82139823,1971,F,MT
PT33631179,1981,M,VA
PT11857233,1985,F,AR
PT51829178,1977,F,MT
PT53898553,1962,M,SC
PT28942855,1979,F,WA
PT42469366,1964,M,AR
PT28874055,1965,M,WA
PT29686196,1983,F,CO
PT41357547,1982,M,LA
PT97560776,1983,F,AR
PT99537227,1983,F,GA
PT39339214,1983,F,MN
PT12019063,1973,M,VT
PT33769134,1991,F,MO
PT24787051,1971,F,WV
PT48045971,1989,F,MI
PT76931990,1970,M,WV
PT53047506,1989,F,TX
PT66265655,1988,F,KS
PT88658196,1979,M,VA
PT73928081,1973,F,MN
PT68684761,1996,F,MS
PT81193394,1978,M,KY
PT70978544,1971,M,PA
PT66119640,1985,F,AZ
PT96040199,1985,M,AL
PT56200810,1970,F,CT
PT89880369,1996,F,OR
PT45757424,1999,M,ID
PT36188343,1971,F,SD
PT19566960,1959,F,MD
PT30591575,1991,F,WV
PT52302357,1999,M,IL
PT62365126,1992,M,KY
PT26102178,1981,F,TX
PT53889614,1960,F,MI
PT23949818,1960,F,AK
PT69429937,1981,M,PA
PT31495631,1993,M,CA
PT95434414,1973,F,ME
PT26932483,1973,F,AZ
PT13150078,1983,F,SC
PT20545588,1971,M,KS
PT63168626,2009,F,NV
PT78371364,1989,F,VT
PT91938868,1982,M,IN
PT75689173,1962,F,NY
PT63675191,1996,F,DC
PT23279988,1976,F,IA
PT60899417,1982,F,CA
PT70241692,1970,F,TN
PT58169031,1960,F,TN
PT22025006,1965,F,MT
PT87544188,1980,M,SC
PT83395820,1976,M,IN
PT50185305,1961,F,FL
PT30076736,1960,F,WV
PT90137265,1987,F,DC
PT29088220,1973,F,OH
PT15175619,1986,F,HI
PT97761687,1973,U,TN
PT94975659,1968,F,WI
PT75142698,1954,F,MA
PT82854756,1962,M,AL
PT98273938,1968,F,WV
PT91472584,1980,F,ND
PT13128635,1969,M,KS
PT58958204,1988,F,TN
PT27125755,1965,M,PA
PT70085118,1970,F,IN
PT10206957,1982,M,IN
PT76595003,1991,M,MT
PT51625640,1976,F,ID
PT21547299,1972,F,KS
PT69711301,1976,F,AR
PT23053639,1978,F,OR
PT23808847,1992,M,IL
PT15284117,1970,F,IN
PT76939856,1990,F,IL
PT91839544,1988,M,AL
PT52717231,1974,F,NC
PT36676906,1984,F,GA
PT43144458,1985,F,ND
PT79536283,1972,F,MS
PT85300428,1978,F,ME
PT37988375,1984,F,RI
PT87763533,1977,F,IL
PT32116893,1984,F,DE
PT46169684,1977,M,MI
PT54725167,1994,F,AK
PT20628183,1992,F,KY
PT94615787,1997,F,NH
PT56214548,1960,M,NV
PT85780731,1978,F,ND
PT74772635,1979,F,RI
PT13828956,1964,U,KS
PT95532345,1964,F,CT
PT17513619,1963,F,OR
PT80880415,1968,M,OH
PT71492473,1992,F,HI
PT78898221,1978,M,SC
PT92276186,1979,F,NY
PT81321719,1970,F,LA
PT52818774,1966,F,OK
PT49810665,2003,F,OH
PT13467097,1966,F,IL
PT51367751,1992,F,NE
PT86534784,1966,F,GA
PT65550933,1967,M,NJ
PT45326546,1980,M,OH
PT77296246,1981,F,UT
PT70628676,1980,M,NC
PT14725716,1992,F,MO
PT93451666,1971,F,GA
PT29387175,2011,F,CO
PT57102518,1972,M,MS
PT17116051,1970,F,OH
PT71670144,1998,F,GA
PT76669448,1999,M,DE
PT61428184,1980,F,LA
PT73888541,1960,F,CA
PT18270292,1979,M,FL
PT85175213,1975,M,MO
PT22421479,1977,M,CO
PT49361343,2010,F,SC
PT96916631,1981,F,HI
PT78936439,1967,M,OH
PT49905297,1979,F,MS
PT68078156,1957,M,CO
PT40783204,1974,M,NE
PT67267923,1965,F,SD
PT94521777,1976,F,IL
PT20593870,1953,M,NY
PT56124436,1980,F,NY
PT90208799,1982,F,NM
PT72042257,1989,M,DE
PT67663829,1982,F,ND
PT49071132,1982,F,AK
PT16225651,1966,M,AK
PT49516681,1982,F,CO
PT75919403,1983,M,WY
PT68484325,1974,F,MT
PT57514931,1986,F,GA
PT28832680,1974,M,DC
PT95198609,1968,M,WI
PT74268058,1971,F,MN
PT19933656,1994,M,SC
PT17227189,1981,F,MT
PT69936406,1995,F,MD
PT77453506,1994,M,HI
PT85899791,1977,F,KY
PT76798942,1978,F,WV
PT85845369,1983,F,HI
PT66635901,1984,M,NE
PT33040092,1964,F,HI
PT88984323,1979,F,NJ
PT96268481,1965,F,TN
PT46722347,1975,F,CO
PT19612677,1965,F,TX
PT49653804,1991,F,OK
PT85194537,1974,M,MA
PT88069816,1989,F,DC
PT68488586,1976,M,MN
PT65214177,1979,F,DC
PT29109798,1963,F,ME
PT72876539,1976,F,VA
PT44352336,1979,F,TN
PT81613627,1990,M,MS
PT11136827,1992,F,KY
PT22776032,1962,F,NH
PT53467072,1973,F,SD
PT96729825,1969,M,ME
PT56287919,1989,M,DC
PT53431403,1978,M,DC
PT71313730,1985,F,NM
PT80836799,1978,F,WA
PT27126254,1988,U,MS
PT83477798,1972,F,NV
PT30459932,1961,F,TX
PT27539212,1983,M,FL
PT47533686,1965,F,AK
PT63575032,1984,F,FL
PT93238593,1977,F,NY
PT50097738,1984,F,WV
PT78352935,1964,M,IN
PT65612184,1991,M,SD
PT50294639,1984,F,DE
PT23469693,1980,M,NM
PT81681334,1992,F,LA
PT46452518,1982,F,ME
PT48371699,1983,F,RI
PT27040331,1997,F,AL
PT71655104,1991,F,CO
PT93750985,1954,F,NY
PT54679558,1962,M,ND
PT80156361,1995,F,TN
PT47136153,1984,F,AZ
PT63168027,1987,M,VA
PT95533454,1994,F,ND
PT51860810,1963,M,WV
PT48036384,1980,F,AL
PT34105451,1970,F,AL
PT68080483,1973,F,WV
PT43783246,1992,F,DC
PT82361481,1987,M,GA
PT12316444,1975,M,NC
PT82374944,1993,F,OH
PT76260203,1993,F,NV
PT60161273,1960,M,DC
PT72148847,1967,F,CA
PT76794112,1986,F,AL
PT61874214,1967,F,MN
PT26067238,1954,F,MN
PT61311088,1953,F,NY
PT13803181,1999,F,TN
PT56223761,1961,F,AZ
PT48362693,1964,F,MD
PT44253959,1964,F,AK
PT28808115,1975,F,CO
PT17530747,1992,M,ND
PT27456256,1993,M,IL
PT83087962,1994,F,NH
PT93218892,1988,M,SD
PT20675261,1959,F,FL
PT73236031,1995,F,CO
PT56632981,1967,M,NM
PT11640127,1974,F,MA
PT93919070,1996,F,VA
PT15731371,1978,M,FL
PT36432736,1982,F,AL
PT63657491,1974,M,FL
PT93381924,1970,F,SC
PT92040009,1963,F,MD
PT13872664,1973,M,DC
PT55356410,1961,F,DC
PT93551853,1984,M,TN
PT55703667,1967,M,ID
PT38390590,1990,F,ND
PT93362204,1991,M,AL
PT68524526,1976,F,IN
PT17582949,1977,F,NY
PT30358280,1966,F,WI
PT69929482,1984,F,ME
PT18703955,1977,F,OH
PT56382609,1986,F,LA
PT32592080,1981,M,TN
PT98709337,1975,M,KY
PT93602868,1994,M,HI
PT73243567,1999,F,KY
PT20731611,1978,F,DC
PT88990015,1970,F,SD
PT99928917,1968,F,WV
PT91602598,1961,F,TN
PT24520051,1970,M,WV
PT43222454,1960,F,ND
PT80667475,1972,M,CO
PT94094529,1972,M,ND
PT20778528,1985,M,ME
PT88476831,1979,M,KS
PT65231674,1958,F,MD
PT47896450,1989,M,ND
PT49863339,1975,F,HI
PT64940012,1971,F,CT
PT92195628,1972,F,CT
PT35473206,1961,M,MD
PT96280075,1982,F,LA
PT69343617,1976,F,ID
PT82960336,1960,F,CT
PT85450294,1991,F,WV
PT36767522,1985,M,VT
PT43754422,1972,F,LA
PT94483380,1960,F,LA
PT54376229,1971,F,NH
PT51292763,1976,M,KY
PT99903156,1981,F,VA
PT86975595,1983,F,OK
PT95702665,1981,M,MO
PT48245945,1962,F,KS
PT99346162,1977,F,VT
PT68524223,2005,F,ME
PT32226219,1960,F,NV
PT56271871,1962,M,TX
PT39081418,1988,F,HI
PT63611040,1959,F,ND
PT85889119,1967,F,OH
PT36589516,1973,M,MA
PT99578708,1970,F,IN
PT68260116,1977,F,WY
PT50743013,1980,F,KS
PT11353614,1970,F,KS
PT79885930,2002,F,TN
PT45291293,1961,M,SC
PT63192407,1964,F,OR
PT14016218,1986,M,KS
PT74463018,1979,F,WY
PT29436006,1973,F,NE
PT47979091,1976,M,TN
PT62630880,1977,F,NY
PT86498627,1999,M,OK
PT47616480,1994,F,MN
PT95687148,1992,F,ID
PT86114197,1977,F,OH
PT64971430,1997,M,WV
PT51398128,1986,F,TX
PT13163563,1991,F,MA
PT35260673,1983,M,WI
PT43266890,1965,M,RI
PT36092490,1978,F,MI
PT53095895,1963,F,DE
PT81942119,1982,M,MI
PT72601605,1961,M,NH
PT96023070,1975,M,NY
PT17300422,2005,F,GA
PT61069859,1986,F,MT
PT39420662,2011,F,IA
PT98919084,1982,F,PA
PT82226160,1994,F,NY
PT46892627,1983,F,KY
PT48377874,1998,F,IL
PT63297845,1993,F,AR
PT13413827,1993,M,ND
PT22556929,,F,CA
PT59632722,1979,M,TX
PT53094828,1976,F,VT
PT86138790,1975,M,IN
PT82545737,1987,M,MD
PT35323700,1971,F,AZ
PT16764708,1980,F,MD
PT98431297,2002,F,WV
PT50069176,1990,M,KY
PT82834273,1980,F,GA
PT22907614,1997,M,MD
PT22791310,1986,M,OR
PT52755157,1980,F,AL
PT96386555,1961,F,WI
PT41044630,1983,M,GA
PT91078908,1976,F,AZ
PT55909251,1982,F,DE
PT58074580,1984,M,DC
PT38122616,1977,F,UT
PT61268005,1980,M,HI
PT32097216,1989,F,UT
PT73311437,1994,M,MD
PT95740082,1981,F,MS
PT32408924,1970,F,VA
PT70099431,1987,F,NM
PT17019242,1973,F,NY
PT40544432,1960,M,
PT53555583,1978,F,DE
PT23732273,1973,F,NJ
PT57051792,1980,F,IA
PT97722350,2007,F,IA
PT51897490,1988,M,DE
PT11429925,1979,F,OK
PT18439710,1979,F,NE
PT54414282,1972,F,WI
PT76887482,1978,F,SD
PT91121259,1960,F,MI
PT22443340,1978,F,AZ
PT36956673,1976,F,AZ
PT80200563,1960,F,NJ
PT31628295,1978,M,TN
PT17979419,1958,M,OK
PT35171345,1974,F,TX
PT53357948,1989,F,IL
PT13187725,1991,F,SD
PT71454121,1984,F,VT
PT74655726,1981,F,NE
PT31684912,1978,M,RI
PT64020118,1982,M,NJ
PT29221060,1973,F,AL
PT15123013,1979,F,MD
PT18041233,1979,M,WV
PT82851387,1981,F,IL
PT29448307,1960,F,MD
PT97554058,1982,M,SC
PT19937374,1974,M,IN
PT91704028,1965,M,IA
PT88229415,1983,F,OK
PT61247011,2011,F,NE
PT79721121,1978,M,NC
PT16035397,1969,F,WV
PT82342149,1978,F,NH
PT44048445,1982,F,ND
PT47001210,1963,F,NM
PT58963041,1973,F,NY
PT54814867,1963,M,ME
PT34514686,1989,M,MD
PT27789124,1976,M,MA
PT18984154,1981,F,ND
PT94490415,1984,F,VA
PT41658113,1962,F,NV
PT37762087,1971,M,NH
PT27378166,1993,M,FL
PT94500803,1965,F,FL
PT80672105,1985,F,NE
PT71205343,1965,F,KY
PT27747308,1971,M,MA
PT38216722,2000,F,NV
PT52212394,1998,M,WY
PT87205064,1963,F,AR
PT73627589,1992,F,LA
PT57506680,1959,M,
PT64712513,1985,M,ME
PT44974328,1985,F,NH
PT73697386,1983,F,OH
PT54587807,1965,F,IA
PT64148774,1960,F,RI
PT97909105,1978,F,DE
PT22014074,1978,F,GA
PT75332513,1982,F,MA
PT97145346,1983,M,DE
PT84815889,1976,F,ME
PT50269075,1992,M,KS
PT69826070,1961,F,ID
PT74170318,1973,M,WA
PT53490141,1986,M,UT
PT48869936,1970,F,IL
PT72408256,1960,M,MI
PT76214315,1976,M,SD
PT45871643,1970,M,DC
PT78736616,1968,M,MD
PT54569427,1962,F,OH
PT75452372,1982,F,NJ
PT28387297,1967,F,OK
PT66400254,1987,M,KS
PT86319045,1970,M,MO
PT62874233,1983,F,KS
PT74663938,1982,F,NE
PT19153874,1963,M,LA
PT44518236,1971,F,IA
PT31844121,1994,M,CT
PT80309132,1990,F,MD
PT83351179,1971,F,KS
PT77057309,1971,M,NJ
PT84993260,1989,F,OH
PT58018094,2005,F,CT
PT23078889,1982,M,MD
PT60153517,1995,M,WA
PT15379999,1985,F,AK
PT64123815,1971,F,WV
PT22111557,1956,M,TX
PT23033775,1986,F,DE
PT68795269,1975,F,UT
PT43509195,1963,F,AK
PT43034431,1960,M,ME
PT37617175,1986,F,MS
PT56653175,1973,F,WA
PT98670094,1979,F,MI
PT33594003,1968,M,TN
PT81884283,1991,F,NH
PT42742536,1976,M,AK
PT95523401,1987,F,NH
PT75695327,1977,F,NC
PT86851360,1965,F,ID
PT88130254,1981,F,IA
PT12770558,1972,M,MS
PT52457615,1954,F,KY
PT17033176,1976,M,DE
PT16891718,1982,M,NY
PT54556558,1967,M,NC
PT29229040,1967,M,ID
PT52460537,1974,M,NC
PT85054980,1990,F,OH
PT91600874,1980,F,OK
PT75822459,1994,F,PA
PT32352897,1972,F,WI
PT35939679,1964,M,MT
PT89742814,1981,F,CT
PT99256226,1970,F,OH
PT40774609,1963,F,HI
PT57099783,1979,F,IA
PT47828897,1960,M,WA
PT10598452,1993,F,DC
PT14418040,2005,M,WY
PT86075717,1973,F,MD
PT53629740,1968,M,CT
PT88166851,1981,F,AR
PT57406517,1986,F,AL
PT83719728,1958,F,NC
PT41134726,1990,F,NC
PT15259197,1990,F,FL
PT86366357,2004,M,DE
PT35187411,1978,F,MD
PT48478804,1993,F,RI
PT66612403,1982,F,ME
PT79461005,1972,F,NM
PT15090469,1986,M,NJ
PT18910217,1971,F,ID
PT55288894,1992,M,AR
PT30144435,1956,M,ME
PT51107101,1958,F,WV
PT61995590,1986,M,WI
PT87616014,1982,F,HI
PT42259780,1981,M,AK
PT95610296,1965,F,WY
PT83224565,1973,F,IA
PT12503139,1971,M,KY
PT65578268,1974,M,NH
PT18006801,1977,F,WI
PT63821804,1986,M,DE
PT14275887,1978,F,ND
PT79532498,1974,M,LA
PT69389630,1988,F,SC
PT75424591,1956,F,OH
PT14330729,1975,F,IN
PT24594691,1961,M,NJ
PT26017977,1986,M,IL
PT49894826,1974,F,WA
PT86970669,2007,F,UT
PT42010865,1982,F,DE
PT65390076,1985,F,TN
PT25114724,1989,F,AR
PT41260457,1967,F,NE
PT88071141,1960,F,ND
PT71450716,1964,M,AZ
PT26587125,1985,F,ME
PT67448193,1956,F,ID
PT20356915,1960,M,MO
PT18100285,1971,F,GA
PT31010520,1982,F,VA
PT94148830,1972,F,IN
PT19135232,1994,M,MD
PT76683215,1969,F,KS
PT91302501,1955,F,VA
PT57508401,1970,M,CT
PT39839581,1990,F,DE
PT79358227,1961,F,VA
PT84304096,1975,M,IL
PT12334084,1980,M,NE
PT24232043,1997,M,CO
PT30696914,1981,F,PA
PT70223693,1979,F,AK
PT60326663,1971,M,WV
PT67037514,1987,F,KS
PT91869721,1983,F,UT
PT82833635,1967,F,MD
PT48394152,1981,F,MI
PT95227784,1982,M,ND
PT19418713,1976,F,HI
PT50854706,1967,F,AL
PT98575367,1994,M,CA
PT17428479,1959,F,MN
PT39411027,1974,F,OK
PT60609173,1982,F,IL
PT85737365,1972,F,OR
PT19483490,2001,F,KS
PT15120242,1981,F,OR
PT12258349,1978,M,NH
PT27948207,1988,M,OR
PT70104055,1993,F,DC
PT90969849,2011,F,MT
PT71365337,1958,F,MN
PT27299689,1983,F,AK
PT83021016,1983,F,NH
PT82041673,1979,F,SC
PT94689290,1986,M,MS
PT49541024,1975,F,GA
PT82881195,2003,M,MS
PT53407996,1968,F,OK
PT77851519,1960,M,IA
PT39099827,1968,F,MO
PT31965812,1987,F,OR
PT68550415,1984,F,TN
PT33481014,1952,M,TN
PT34032635,1964,M,DC
PT82196485,2004,F,CT
PT58909255,1964,F,IL
PT91429042,1980,M,ID
PT79315258,1994,F,NH
PT87226808,1976,F,AL
PT73857655,1960,F,SD
PT74214560,1980,F,WA
PT69418752,1973,M,NM
PT83526088,1962,M,NJ
PT24896010,1968,F,VA
PT54730695,1963,M,VA
PT15020093,1981,F,NV
PT86323657,1987,F,IL
PT65636632,1986,F,SD
PT82850128,1970,F,MI
PT16579233,1999,F,IN
PT56593795,1960,F,NE
PT56253546,1975,M,ME
PT38973021,1973,F,SC
PT44088349,1957,M,SD
PT17072773,1970,M,RI
PT42760160,1973,F,TX
PT97542618,1990,F,RI
PT35139214,1973,M,AR
PT19783218,2009,F,NV
PT97475480,1989,F,WV
PT70466496,1976,F,WY
PT66689849,2001,F,IL
PT35686086,1985,M,IL
PT82190271,1962,M,TX
PT11425115,1983,F,AK
PT12184324,1992,F,VA
PT81897248,1985,M,OR
PT22966442,1966,F,KY
PT78863857,1988,F,VT
PT30134258,1974,M,WY
PT43889895,1987,M,IN
PT77099871,1996,F,WV
PT18668077,2008,F,KY
PT60465913,1992,F,VA
PT43778302,1989,F,RI
PT18815387,1972,F,DC
PT98040638,1979,M,ID
PT74891900,1989,F,VA
PT91644146,1969,F,CO
PT15878882,1989,M,NJ
PT96920253,1972,F,NE
PT15723939,1975,M,NH
PT83678379,1988,M,CO
PT90236126,1984,F,VA
PT79882679,1995,F,SD
PT59392161,1985,F,MS
PT16126487,1990,M,UT
PT39591597,1999,F,IA
PT13215635,2003,F,MO
PT44400143,1965,F,WV
PT94670081,1986,F,GA
PT26905227,1977,M,NH
PT21193452,1970,F,ID
PT83605223,1980,F,DC
PT36557155,1980,M,NE
PT25582654,1982,F,OK
PT65894874,1976,F,OH
PT54403244,1978,F,MS
PT56406447,1993,F,ND
PT32493815,1983,M,AZ
PT32937596,1976,F,MA
PT65795352,1980,F,MO
PT73510900,1982,F,ME
PT43971504,1989,M,MS
PT88650770,1985,F,OK
PT44446424,1973,F,DC
PT80607511,1992,F,WV
PT22109782,1987,M,DE
PT43508135,1983,M,OR
PT54763455,1986,M,MS
PT75689173,1962,M,NY
PT82536315,1986,M,NY
PT10491634,1969,M,TN
PT53750612,1979,F,KS
PT92167397,1979,F,MO
PT47254867,1993,F,OK
PT65613811,1980,F,NV
PT41786535,1982,F,AL
PT90631517,1971,F,AK
PT75620588,1963,F,KY
PT51813766,1980,F,DC
PT34109355,1983,M,NC
PT32721516,1964,M,CA
PT62495819,1989,F,MO
PT72216492,1966,F,IN
PT36005588,2011,M,FL
PT78190271,1981,M,WA
PT98513223,1986,F,DE
PT54294864,1971,M,MA
PT57057594,1968,F,SC
PT45869180,1990,F,NV
PT20175474,1990,M,VT
PT83149883,1971,M,NM
PT22320094,1987,M,OR
PT74273924,1976,F,NV
PT44367700,1966,M,IL
PT66984984,1977,M,LA
PT48130100,1960,M,WA
PT83229588,1969,F,SC
PT83672418,1961,F,IA
PT72416779,1963,F,NC
PT15004177,1990,M,KY
PT33733425,1976,M,WV
PT66498849,2009,F,IL
PT78632133,1988,F,MD
PT10004704,1988,F,MT
PT68561256,1960,F,HI
PT63720111,1969,F,MN
PT74664783,1976,M,DE
PT10948214,1964,F,DE
PT52280908,1978,M,WI
PT31211116,1973,F,CT
PT68740174,1981,M,KY
PT16209433,1992,F,MT
PT19117126,1978,M,WI
PT19649622,1992,F,GA
PT95544303,1967,F,ND
PT91357990,1979,F,
PT52508365,1990,F,OR
PT82812473,1980,M,AZ
PT87067530,1991,F,IL
PT34723796,1978,F,OR
PT71250733,1981,M,AL
PT12204563,1963,F,GA
PT24077758,1977,M,MA
PT36627819,1964,F,IN
PT12360365,1975,F,CO
PT34323001,1965,M,MO
PT10011787,1979,M,OH
PT62965100,1983,M,GA
PT62756274,1971,M,ID
PT78337039,2004,M,TX
PT86939737,1959,M,SC
PT29272196,1990,F,AR
PT15644257,1979,F,SC
PT51465059,1968,M,RI
PT49013010,1981,M,SC
PT85273923,2002,M,DC
PT70898989,1986,F,AR
PT49569408,1983,F,NE
PT39501125,1979,F,MN
PT59462846,1961,M,MA
PT44786479,1983,F,SD
PT99965493,1973,F,NE
PT60516395,1973,M,NY
PT66879489,1988,M,WY
PT85388271,1976,F,VA
PT61994714,1997,F,SC
PT57073472,1973,F,KY
PT48767522,1966,M,ND
PT76428103,1964,F,NE
PT86113167,1969,M,OR
PT74152499,1965,M,WV
PT11655577,1962,M,PA
PT31634431,2005,F,ME
PT93962474,1980,F,PA
PT78086896,1970,F,HI
PT99140522,1969,M,WV
PT91201356,1961,M,KY
PT92771825,1982,F,AR
PT64085993,1974,F,CA
PT86845442,1975,F,AL
PT45387195,1984,M,IA
PT61621451,1960,F,NE
PT84666130,1979,F,KY
PT29727869,1984,M,FL
PT63905242,1982,M,VT
PT10246594,1979,M,RI
PT95520476,1979,F,MN
PT92646389,1971,M,IA
PT80649523,1968,F,CA
PT19772299,2000,F,DC
PT68066240,1972,F,OH
PT84748484,1976,F,MA
PT94711238,1998,F,IA
PT31822144,1983,F,IN
PT55180697,1992,F,NC
PT73342428,1981,M,MD
PT47980078,1951,F,IA
PT43046441,1993,F,ID
PT24279502,1985,M,NM
PT60433771,1986,F,PA
PT24267879,1981,F,NM
PT37318747,1955,F,NV
PT30941396,1963,F,TX
PT33478464,1994,M,HI
PT25051023,1997,F,NE
PT57349436,1990,M,DC
PT39054530,1981,F,IN
PT88842306,1970,F,PA
PT90834061,1990,F,TN
PT26661551,1966,M,ME
PT50542935,1969,M,FL
PT27129460,1976,F,HI
PT62851477,1973,F,CO
PT11820335,1996,F,AZ
PT17810821,1982,F,OK
PT67029048,1964,F,KS
PT62566933,1970,F,MD
PT92307018,1993,M,VT
PT12611813,1969,F,WI
PT56259958,1975,M,RI
PT11432774,1980,F,TN
PT98540424,1979,F,IL
PT65662600,1979,F,WY
PT91705764,1971,M,NC
PT15159904,1971,F,NJ
PT29324720,1979,F,FL
PT51714474,1990,M,VA
PT20762557,1970,M,MD
PT27617842,1974,F,OK
PT97489311,1980,F,AL
PT70615498,1992,F,CT
PT60145140,1973,F,FL
PT59249143,1977,M,SC
PT33467315,1981,M,WV
PT95905465,1970,M,SD
PT44248346,1992,F,NM
PT88313320,1978,M,LA
PT89134685,2003,M,RI
PT63713279,1966,F,KY
PT72124320,1971,F,FL
PT30014501,1971,F,VT
PT36540537,1992,M,AK
PT18392447,1977,F,SC
PT68510763,1985,F,AR
PT33730513,1979,F,ME
PT60617244,1974,F,AZ
PT13151164,1964,F,WA
PT18648526,1967,F,VT
PT14405083,1974,F,DE
PT87407979,1991,F,CA
PT19245149,1974,F,SC
PT42976689,1970,F,NJ
PT71434638,1979,F,OR
PT85690545,1983,F,NY
PT77317959,1995,F,MA
PT60880115,1974,F,VT
PT25472847,1961,F,WI
PT90082058,1979,F,HI
PT25147045,1978,F,LA
PT26926338,1970,F,MD
PT87539565,1957,F,AL
PT94632866,1959,M,DC
PT26254725,1980,F,MN
PT54733483,1964,F,NM
PT83994354,1994,M,IL
PT72906858,1967,F,LA
PT11901156,2003,M,AL
PT92192964,1982,F,AK
PT31411981,1981,F,GA
PT41496421,1987,F,UT
PT65575296,1986,F,WV
PT75211197,1986,M,AR
PT88020872,1978,M,SD
PT83038329,1960,M,AR
PT36280955,1979,M,AZ
PT60631630,2002,M,VA
PT26499655,1976,M,MD
PT58667267,2008,F,AK
PT60890595,1962,F,IL
PT25265830,1969,F,DE
PT48623147,1988,F,NJ
PT88266186,1976,F,NJ
PT85699063,1983,F,MI
PT44291603,1983,F,WI
PT90603196,1984,F,AK
PT59726393,1974,F,NM
PT48218436,1976,M,PA
PT98789693,1987,M,WI
PT18523594,1981,F,PA
PT43354643,1985,M,DE
PT68886106,1989,M,VT
PT37918222,1987,F,TX
PT86120478,1970,M,AZ
PT94954680,1975,M,OK
PT93550850,1980,M,CO
PT42129050,1973,M,CT
PT53602650,1967,F,MN
PT69064008,1970,F,KS
PT48554136,1991,M,MA
PT67323251,1985,M,MO
PT80455956,1979,F,CO
PT27838955,1979,F,OK
PT87256621,1967,M,ME
PT60145118,1973,F,AK
PT83750999,1987,F,AR
PT26599519,1978,F,IL
PT62615693,1960,F,WV
PT68061345,1951,F,CO
PT90659901,1977,M,WV
PT27876047,1975,M,KS
PT64554341,2001,F,NV
PT21688186,1953,F,TX
PT62162441,1973,F,TX
PT56030296,1966,M,OR
PT88682488,1973,F,OK
PT73355100,1973,M,OH
PT81933007,1979,M,AL
PT95685443,2001,F,WA
PT95760922,1995,M,KY
PT68799047,1990,M,ID
PT30220970,1979,F,IN
PT39665118,1993,F,IL
PT92084666,1969,F,AK
PT43935916,1969,F,ME
PT81144925,1998,F,PA
PT31822343,1988,M,ME
PT71227355,1985,F,MT
PT87001358,1963,M,OK
PT57715157,1967,F,IN
PT97345427,1974,M,OH
PT63015317,1994,M,ND
PT63212261,1968,M,MD
PT49770875,1976,F,SD
PT33936287,1960,F,TX
PT57308503,1974,F,OK
PT88628618,1963,F,NE
PT50272303,1977,M,PA
PT28926646,1989,F,OR
PT60162851,1989,F,MT
PT99052205,1971,M,VT
PT95086391,1974,M,OH
PT93655840,1982,M,VT
PT34169873,1976,M,ID
PT57268840,1990,F,MD
PT79925421,1985,F,ID
PT46416181,1984,F,MT
PT95551615,1968,M,UT
PT53234051,1987,F,MS
PT41570524,2000,M,WI
PT68612424,1966,F,AK
PT71649865,1969,F,IL
PT71759400,1953,M,CO
PT44712074,1985,M,KS
PT28376596,1972,F,SD
PT79588273,1975,M,MN
PT48927955,1963,F,IA
PT99917014,1972,F,TX
PT86706529,1965,M,VA
PT58416012,1978,F,RI
PT65039804,1978,F,WV
PT38530190,1991,F,NE
PT98852792,1977,M,NE
PT48454877,1983,F,NC
PT31970005,1977,F,SC
PT11288194,1982,F,NH
PT19787715,1974,M,TN
PT88110837,1986,F,KS
PT82094043,2008,M,RI
PT88829642,2002,F,DC
PT89116659,2002,F,MS
PT26154513,1971,F,OK
PT69887204,1993,F,NV
PT10712487,1979,F,AR
PT77079411,1968,F,AL
PT25251162,1985,F,IA
PT96770501,1982,M,LA
PT47955419,1977,F,VT
PT26054914,1992,M,DE
PT96123003,1980,F,GA
PT45685071,1996,F,MS
PT33747954,1979,F,OK
PT20826855,1979,F,IL
PT24186511,1992,M,WY
PT38534030,1959,M,ME
PT69628571,1968,M,MD
PT29793720,1962,M,NC
PT71610621,1980,F,NC
PT24416932,1962,F,VA
PT87761921,1967,F,NY
PT41802446,1972,M,MD
PT88238360,1980,M,NJ
PT42371039,1991,F,MT
PT76629890,1984,F,GA
PT44853135,1987,F,GA
PT88950019,1972,F,NH
PT52238490,1949,F,MA
PT34001269,1992,F,ND
PT79531686,1976,F,DC
PT31465975,1973,F,FL
PT53076399,1974,F,HI
PT58830980,1961,F,GA
PT21134429,1992,F,IN
PT95068439,1997,M,AK
PT78348880,1978,F,MI
PT19872194,1979,F,MT
PT19538892,1969,M,GA
PT63691537,1978,F,NJ
PT35097080,1964,F,MS
PT44792476,1984,M,RI
PT15211327,1969,F,FL
PT69143373,1954,F,WV
PT24721206,1963,F,AZ
PT31707244,1986,F,KS
PT87266263,1969,F,NH
PT60121427,1971,F,NM
PT36015671,1992,F,ND
PT48110202,1972,M,PA
PT79462702,1974,F,OH
PT13952187,1976,M,MD
PT36193293,1963,M,PA
PT42371714,1974,F,ME
PT13070289,1959,F,SD
PT53821435,1977,F,WV
PT24075605,1981,M,NH
PT22280368,1994,F,DC
PT73420412,1983,F,AR
PT17020091,1959,M,TN
PT40659795,1976,F,ME
PT58836105,1985,M,FL
PT22907022,1963,F,KS
PT86793319,1999,F,TX
PT69113806,1992,F,LA
PT84505807,2005,F,ID
PT81588777,1983,M,AR
PT16712280,1955,F,NE
PT11012305,1991,F,RI
PT94205013,1994,M,TX
PT45078794,1966,F,MD
PT71340276,1979,M,GA
PT80939230,1961,M,GA
PT85801011,1960,M,FL
PT18877198,1969,F,AR
PT13808777,1987,M,HI
PT35105052,1970,F,SD
PT62537503,1980,M,MO
PT60772078,1968,F,DE
PT40581905,1987,F,NV
PT79458771,1988,F,AR
PT67484007,1965,M,MN
PT61800929,1959,F,SD
PT14925309,1979,M,TX
PT65690758,1996,F,MI
PT89355405,1994,F,MN
PT23721894,1963,M,KY
PT89778453,1967,M,DC
PT31529939,1995,F,CA
PT75581156,1995,F,NH
PT12599774,1977,F,RI
PT87527560,1980,F,MT
PT24596558,1979,F,ME
PT10012744,1970,F,DC
PT61560005,1977,M,VA
PT86986331,1977,F,MA
PT41525259,1978,F,SD
PT75579045,1957,M,IN
PT30462581,1968,F,IL
PT75643703,1969,F,SC
PT34298381,2012,F,CA
PT24505597,1971,F,SC
PT92524238,1960,M,ME
PT68151881,1989,F,LA
PT31472662,1963,F,WI
PT65682655,1982,F,KY
PT91051936,1967,F,GA
PT42283394,1974,F,MA
PT77156354,1991,F,MI
PT67713720,1979,F,WA
PT91334761,1961,F,ND
PT79603377,1973,M,MA
PT24653825,1982,M,KY
PT88271948,1990,F,OK
PT65857790,1976,M,AK
PT65147892,1974,M,OK
PT51205846,1999,F,OK
PT41217602,1991,F,AZ
PT93869386,1966,M,TN
PT87651505,1973,F,GA
PT15333099,1989,M,AR
PT76094388,1969,M,CT
PT80138761,1968,F,NV
PT24340075,1984,F,WV
PT60893115,1978,M,AZ
PT58614542,1992,F,KY
PT22852360,1981,M,LA
PT24823457,1987,F,VT
PT39985504,1985,M,MI
PT43970296,1976,M,AL
PT12700669,1978,M,OK
PT13225793,1975,M,DE
PT93204076,1978,F,IL
PT30925462,1978,F,NC
PT49446000,1984,F,ND
PT99374135,1983,M,IN
PT82360708,1985,F,AL
PT28961907,1967,F,WA
PT53494740,1987,F,OK
PT41336949,1955,M,KY
PT34697875,1979,F,NC
PT55406924,1975,F,FL
PT31641588,1984,F,NJ
PT16583987,1982,M,NC
PT55945350,1994,F,DE
PT13819641,1956,F,KY
PT92753083,1971,M,AR
PT88523684,1980,F,TN
PT55166517,1979,M,NY
PT21138707,1985,F,HI
PT35311744,1980,M,
PT37883452,1981,F,TN
PT67928101,1966,F,OK
PT70690263,1970,M,MI
PT82677131,1990,M,MO
PT62350772,1982,M,ID
PT52970324,1973,F,VT
PT92951172,1977,F,LA
PT39994598,1981,F,WY
PT42256314,1982,F,VA
PT70225292,1984,F,NJ
PT30355159,1951,M,MN
PT52705331,1989,M,MN
PT44080190,1983,M,CO
PT89553389,1981,F,NY
PT38297304,1966,M,ND
PT34963942,2006,F,TN
PT35477508,1973,F,RI
PT27780092,1987,M,RI
PT39889382,1965,F,DC
PT24928037,1994,F,AL
PT87749383,1986,M,ID
PT53973564,1986,F,MA
PT80809068,1987,F,VT
PT75081767,1963,M,WY
PT65450049,1968,F,FL
PT76056950,1963,M,MT
PT48104992,1983,F,NE
PT66385732,1960,F,IA
PT17811718,1974,F,TN
PT77654756,1971,F,CT
PT24346821,1975,M,NE
PT25031935,1985,F,UT
PT64509332,1967,F,MS
PT56891678,1974,F,DC
PT27779989,1982,F,GA
PT21816365,1972,F,AL
PT85366005,1975,F,MI
PT46852517,1992,F,AR
PT40428839,1990,M,AZ
PT35421542,1993,F,DC
PT71943884,1990,F,MA
PT40854551,1987,F,NH
PT67895813,1986,M,NC
PT95526961,1984,F,OR
PT91908059,1983,F,FL
PT63134121,2003,U,MA
PT64278605,1964,F,TN
PT40691964,1978,F,PA
PT82433530,1981,M,OH
PT36825030,1988,F,NY
PT87317142,2011,M,DC
PT99105519,1974,F,SC
PT51461747,1991,F,WV
PT85177365,1960,M,NC
PT89805495,1978,M,WA
PT58238684,1965,F,RI
PT68653584,1969,M,NC
PT32619340,1985,F,UT
PT87150790,1961,M,NC
PT95070989,1986,M,PA
PT96717797,1963,F,AR
PT82252651,1971,F,AK
PT50705826,1966,F,NJ
PT57304897,1965,M,AZ
PT29172437,1969,M,WA
PT40501275,1976,F,MI
PT45136530,1975,M,IL
PT48144098,1988,M,FL
PT66982690,1975,M,SD
PT16835306,1983,M,MT
PT48347985,1983,M,WI
PT72370977,1976,F,OK
PT56607576,1972,F,MN
PT27585647,1975,M,GA
PT95747820,1969,F,RI
PT14075477,1960,M,ID
PT18108506,1953,F,CT
PT19789192,1981,F,RI
PT23081143,1982,F,ID
PT96939254,1989,M,FL
PT22551011,1998,F,TN
PT19302996,1977,F,IL
PT10571643,1969,M,ME
PT80236865,1971,M,NH
PT23063607,1971,F,MS
PT70334968,1977,M,AR
PT56173583,1977,F,ME
PT62953451,1973,M,ID
PT99933496,1973,F,DE
PT99532153,1974,M,NC
PT54991799,1992,F,WA
PT95288082,1988,M,UT
PT71878190,1975,F,GA
PT27345014,1980,M,OK
PT77577175,1974,F,SC
PT37963015,1960,F,KS
PT17524774,1980,M,OR
PT37905371,1960,F,KY
PT19431251,1969,M,CT
PT83227573,1985,F,WY
PT57729405,1967,M,VA
PT70609649,1961,F,WV
PT11202948,1960,F,SC
PT61532092,1998,M,MD
PT65747767,1966,M,AL
PT39223114,1982,F,TN
PT79838122,1974,F,NM
PT28304869,1983,F,MD
PT81381262,2008,M,WY
PT25692190,1982,F,CT
PT61554013,1966,F,HI
PT19603265,1991,M,VA
PT75437246,1976,M,IL
PT97957199,1960,M,CT
PT47831480,1976,F,NJ
PT81091003,1968,F,SC
PT85130606,1979,M,TN
PT32854557,1975,F,MN
PT82091735,1990,F,MI
PT86013067,1982,M,IN
PT63973436,1973,F,LA
PT82529357,1960,M,DE
PT52796717,1969,F,AR
PT27189267,1972,M,PA
PT48159482,1985,F,WI
PT16695451,1991,F,KS
PT36366677,1978,F,NM
PT13529718,1974,M,NC
PT52233872,1982,M,GA
PT26262825,1968,M,FL
PT45933805,1961,F,AL
PT43445419,1982,M,NE
PT98032270,1989,F,ME
PT83649385,1972,M,TX
PT93703163,1970,F,ND
PT15925673,1976,F,GA
PT82291437,1979,F,FL
PT29930856,1961,M,KY
PT87746996,1953,F,NV
PT44920619,1985,F,VA
PT40520206,1988,F,FL
PT98809136,1971,M,AR
PT42558693,1964,M,AL
PT33338028,1982,F,MI
PT45856583,1981,F,NV
PT94420538,1990,F,IN
PT93957259,1971,F,PA
PT65536293,1986,F,IN
PT57356361,1975,F,TX
PT65823267,1965,M,NV
PT50838728,1997,M,KY
PT26605199,1960,F,IA
PT26755072,1960,F,DC
PT84330270,1982,F,NC
PT62743137,1978,M,DC
PT89452056,,F,AR
PT98077942,1979,F,SC
PT27994533,1999,F,NE
PT92374991,1960,M,DC
PT17796939,1999,F,FL
PT89255183,1970,F,MS
PT58164253,1973,F,MO
PT19644318,1980,F,OH
PT87847805,1988,M,SC
PT19831869,1968,F,WI
PT57226377,1974,F,FL
PT48099414,1980,F,CO
PT94315906,1967,F,MI
PT68256759,1970,F,OR
PT91828122,1979,F,CO
PT48550887,1982,F,MS
PT34240460,1991,M,ME
PT46473925,1967,F,NV
PT39948502,2009,F,MO
PT43151340,1990,F,SC
PT96449329,1971,F,OH
PT72653626,1977,F,CT
PT88021918,2003,F,GA
PT27772757,1966,F,MN
PT90431913,1961,F,NE
PT79700571,1978,M,WA
PT14788422,1962,F,KY
PT21657823,1982,F,MA
PT57804394,1980,F,MS
PT60840609,1960,F,AZ
PT83955044,1984,F,MI
PT71408019,1987,M,TX
PT42189746,1986,F,NC
PT24505316,1986,M,FL
PT69079037,1966,M,NH
PT20947004,2010,F,AR
PT29649607,1969,F,AK
PT63122944,1973,M,MD
PT41945535,2000,F,NH
PT38638651,1990,F,SD
PT26026540,1962,F,CO
PT23688579,1960,F,MT
PT48645298,1974,F,CO
PT76180045,1986,F,FL
PT97744830,1977,M,NV
PT93214586,1978,F,RI
PT75055157,1985,F,ID
PT54977215,1984,F,LA
PT56678374,2005,M,CO
PT56663784,1960,M,NM
PT63687707,1976,F,NY
PT92615685,1966,F,GA
PT33324141,1984,F,PA
PT68883432,1972,F,MA
PT74008598,1995,F,UT
PT86301790,1974,M,ND
PT81982682,1992,M,MS
PT94988655,1968,M,KS
PT56977558,1977,F,RI
PT14239171,1986,M,MD
PT15502267,1965,F,CA
PT73546118,1967,F,CA
PT66439833,1977,F,AR
PT28644035,1955,F,ND
PT24371673,2004,F,NV
PT47963727,1955,F,WY
PT67904285,1986,M,MN
PT18325018,1996,F,KY
PT51388508,1984,F,DE
PT92776921,1972,F,UT
PT48954636,1977,F,AL
PT32192285,1989,M,DC
PT90603977,1981,F,NV
PT41975158,1977,F,AL
PT36934369,1967,F,PA
PT78411397,1983,M,NC
PT12445469,1982,F,NE
PT73012336,1964,M,CO
PT84399036,1979,F,MS
PT33016478,1998,F,GA
PT25087173,1975,F,CT
PT79344066,1975,M,AK
PT70591539,1994,F,TN
PT17964372,2000,F,NV
PT36588457,1993,F,AZ
PT55990831,1985,F,RI
PT29619811,1971,M,CT
PT35527083,1995,F,KS
PT62709952,1965,F,HI
PT89849119,1982,F,WV
PT34835382,1972,F,AL
PT72260063,1968,M,MT
PT67111440,1989,F,SC
PT25409744,1967,M,NM
PT11644589,1990,F,RI
PT32464907,1993,F,MS
PT27115888,1980,M,CT
PT93265281,1970,F,MS
PT46128290,1980,M,NJ
PT49701150,1975,F,KY
PT63570111,1960,M,MN
PT42278884,1967,F,IN
PT99384864,1975,F,NC
PT19645201,1974,F,VA
PT22635055,1970,F,OH
PT92475914,1996,F,TX
PT13774197,1983,F,PA
PT55223350,1972,F,ID
PT98198178,1982,F,CO
PT36150176,1982,F,VT
PT84269234,1988,F,SC
PT82788290,1970,M,DC
PT75620950,1981,M,VT
PT28664196,1980,F,MO
PT71292060,1968,M,ME
PT39729210,1970,F,LA
PT74062338,1969,F,MO
PT14591056,2001,M,ID
PT52003178,1982,F,TN
PT42654580,1969,F,MD
PT23750165,1973,F,SD
PT92962553,1973,F,NJ
PT13062939,1972,F,MS
PT70806034,1984,M,PA
PT47598905,1971,M,ID
PT31920305,1980,F,MA
PT29841160,1981,F,WI
PT72465409,1966,F,CO
PT99104098,1959,F,IN
PT82532067,1983,M,ID
PT38804183,2010,F,MA
PT38214210,1960,F,CA
PT35536883,1973,M,OH
PT96173352,1958,F,SD
PT50298781,1990,F,KY
PT35581523,1973,F,NE
PT75853515,1993,M,IL
PT79258987,1979,F,CT
PT87420808,1983,F,TN
PT81413145,1967,M,TX
PT28799524,1965,F,MA
PT70254939,1997,F,MD
PT35016674,1993,F,NY
PT65589858,1985,M,NV
PT47180303,1964,F,AL
PT10958451,1971,F,AK
PT95159430,1977,F,AR
PT41792480,1999,M,PA
PT70235930,1970,F,TX
PT14328546,2002,F,CT
PT72848136,1993,M,SD
PT63730816,1971,F,TN
PT31539091,1964,F,VA
PT16624840,1970,F,ME
PT42941190,1979,F,IN
PT76596407,1966,F,NE
PT70680167,1993,M,TN
PT44674048,2008,F,GA
PT62729120,1961,M,AR
PT63189512,1988,M,NY
PT68427937,1969,F,DE
PT48599367,1973,M,WI
PT59244810,1997,F,NY
PT79331024,1995,M,MO
PT54572555,1978,F,
PT88297778,1978,F,MT
PT75473933,1979,F,RI
PT37903653,1967,F,NC
PT22211197,1993,F,NE
PT89585682,1961,M,OH
PT62753398,1963,F,WA
PT40435436,1965,M,IA
PT73712631,1974,M,CT
PT46010118,1973,F,UT
PT34999198,2000,F,ME
PT76185958,1978,M,MN
PT30401832,1979,F,NY
PT69411992,1996,F,HI
PT11911582,1961,F,GA
PT85415285,1961,M,WA
PT10089752,1982,M,CT
PT91135577,1968,M,SC
PT74282396,1976,M,CA
PT75961018,1987,M,AR
PT98872275,1977,F,GA
PT20995965,1986,F,NC
PT73747996,1994,M,UT
PT45488124,1965,F,AL
PT97503705,1990,F,KS
PT80306617,1994,F,ID
PT32084217,1961,U,FL
PT41980010,1974,M,FL
PT82068009,1978,M,VT
PT82441094,1988,M,AL
PT61464084,1986,F,NY
PT36678116,1984,F,OR
PT54789803,1982,M,MN
PT73739026,1960,M,MS
PT65343164,1981,M,CO
PT76276044,1961,F,GA
PT89000085,1975,M,MN
PT86967842,1981,F,NH
PT63295217,1979,F,SC
PT16123787,1968,F,RI
PT51277912,2002,F,OR
PT92785767,1997,F,ND
PT34122700,1975,F,AL
PT57866351,1975,M,NV
PT66358099,1973,M,MD
PT42665622,1984,F,IN
PT45182677,1983,M,OR
PT82691568,1961,F,IN
PT44737506,1971,M,TX
PT62321407,1979,M,MA
PT25312799,1965,F,ME
PT46547412,1985,M,KY
PT78483700,1989,F,NV
PT28167941,1993,F,IL
PT21212873,1989,M,ME
PT50501899,1982,F,MN
PT95146740,1958,F,NJ
PT78809912,1983,M,TN
PT81857166,1978,F,CO
PT11176614,1976,F,GA
PT92692027,1986,M,AR
PT86467754,1987,F,KS
PT90013129,1981,F,AZ
PT39818562,1959,F,MI
PT17639076,1975,M,HI
PT30326891,1981,M,NC
PT67454048,1972,F,TN
PT71218506,1972,F,KS
PT78144106,1983,M,WV
PT21350475,1983,M,MN
PT35511524,1992,F,FL
PT57436399,1971,M,WV
PT11750931,1979,F,MD
PT17197883,1977,F,WV
PT57519357,1981,F,AK
PT33617428,1992,F,NM
PT21339746,1973,F,AR
PT72460982,1982,M,PA
PT58851550,1964,F,NE
PT25083311,1980,F,CO
PT70257896,1972,M,MN
PT33563684,1973,F,WA
PT40198698,1969,F,AZ
PT59408121,1988,F,LA
PT10830378,1983,M,GA
PT66515548,1969,M,FL
PT90162649,1976,F,RI
PT49958099,1975,F,WY
PT46848145,1975,M,PA
PT20388716,1977,F,DC
PT22471579,1990,F,AZ
PT23829818,1977,M,AZ
PT21261469,1961,F,DE
PT46565168,1998,F,AR
PT90047823,1985,M,MS
PT88461735,1977,F,DC
PT79143184,1977,F,WY
PT48899086,1975,F,ME
PT18735282,1981,F,IN
PT41850198,1988,M,DE
PT89918913,1991,M,RI
PT70949215,1974,M,NV
PT73775222,1966,M,OH
PT70577703,1977,F,GA
PT29983971,1966,F,TX
PT63149630,1987,F,WV
PT46514375,1976,M,NE
PT45014957,1965,M,ND
PT95308976,1958,F,IN
PT93417509,1975,F,MA
PT60379450,1980,M,NC
PT54095020,1961,M,RI
PT67720539,1996,F,SC
PT93652830,1980,M,MO
PT29803502,1980,F,GA
PT50318676,1979,M,MN
PT99195117,1983,F,SC
PT95723997,1984,M,MO
PT61135005,1992,F,KY
PT39308772,1975,M,WV
PT37242303,1967,F,VT
PT28532977,1975,F,MI
PT11146281,1973,F,UT
PT19236726,1971,M,RI
PT86169275,1980,F,NC
PT38931915,1963,F,KY
PT48855592,1979,M,NC
PT19764971,1956,F,OH
PT53761980,1975,M,PA
PT21056190,1983,F,DE
PT53227508,1965,F,CA
PT54387158,1967,F,OK
PT76013741,1977,F,WY
PT98043124,1977,M,UT
PT23591169,1970,F,MA
PT39925588,1969,M,SD
PT20035952,1990,F,RI
PT42651386,1984,F,WI
PT83616945,1969,M,NV
PT72833458,1998,F,AR
PT22191312,1986,M,WI
PT99025689,1979,F,VA
PT32368828,1979,F,TX
PT38661259,1980,F,NH
PT35491570,1978,F,AR
PT66220772,1966,F,WV
PT76618958,1990,M,RI
PT53629938,1992,M,MT
PT99722663,1960,F,MN
PT45606552,1984,M,IN
PT15412816,1973,F,MI
PT93185329,1978,F,KS
PT56506026,1985,U,DC
PT41759403,1965,F,ND
PT41729737,1975,F,RI
PT27469711,1965,F,FL
PT40171946,1966,F,VT
PT64704610,1973,F,NH
PT59634070,1986,F,KS
PT98061866,1968,F,OH
PT26786273,1978,M,AR
PT27133059,1995,F,CT
PT19370507,1967,F,WY
PT75738271,1995,F,CA
PT51594686,1994,M,CA
PT87096586,1960,F,OK
PT39053128,1996,M,OK
PT78723301,1982,M,OH
PT88138507,1982,F,NC
PT23486681,1980,F,NV
PT66697322,1959,M,KY
PT54000666,1984,F,KY
PT62097050,1986,F,NH
PT65910589,1986,F,VA
PT25426774,1967,M,ME
PT89891666,1976,F,GA
PT85871656,1965,F,WY
PT44354429,1994,F,TN
PT21064898,1990,M,CT
PT59410961,1966,F,DE
PT62017554,1962,F,MT
PT49543892,1974,M,DE
PT41339657,1971,M,MS
PT22614166,1974,M,AK
PT83985500,1974,F,UT
PT35956420,1975,F,WI
PT66126081,1973,M,MN
PT78534987,1964,M,AL
PT68931948,1958,F,MD
PT62714948,1984,F,NM
PT45923582,1978,M,IL
PT73127234,1997,M,NJ
PT39267449,1982,F,NJ
PT94740388,1982,F,DE
PT13894529,1980,M,PA
PT87059487,1982,M,VA
PT70304252,1994,F,VA
PT14772138,1977,F,TN
PT31567422,2003,F,MS
PT79688391,1984,M,MI
PT94893044,1952,M,UT
PT22132725,1973,M,ID
PT99615408,1969,F,VA
PT64362623,1953,F,NM
PT35022566,1967,F,NV
PT96861754,1992,M,DC
PT63192317,1997,F,VT
PT60161412,1979,F,OH
PT45327695,1989,M,LA
PT68149887,1960,M,WV
PT81143845,1972,F,NE
PT76482093,1970,M,DE
PT74747108,1989,F,MD
PT30806303,1973,F,OK
PT29376604,1965,F,FL
PT93232597,1984,F,AL
PT74294248,1977,F,LA
PT61677726,1989,F,NY
PT49914271,1987,F,AK
PT52197385,1984,F,RI
PT33570666,1960,M,TX
PT62470725,1987,F,KS
PT92037686,1973,F,TN
PT61506173,1963,M,UT
PT44631949,1985,F,TN
PT98632173,1990,M,AL
PT98492114,1991,F,MI
PT27881170,1991,F,SD
PT69294360,1984,M,ME
PT66721400,1971,M,MA
PT58155397,1996,F,OH
PT60734649,1962,F,LA
PT85905649,1992,F,GA
PT80221986,1974,F,CT
PT53778745,1976,M,DE
PT78291300,1967,F,NE
PT22560980,1967,M,ID
PT26900565,1962,F,OK
PT45829360,1978,F,VA
PT30457327,1983,M,NY
PT45466718,1969,F,ME
PT71931881,1983,F,WV
PT61024385,1990,F,WY
PT70718779,1973,F,CA
PT98395686,1982,M,AK
PT82781915,1962,F,TN
PT14495990,1966,M,MD
PT42390678,1997,M,WV
PT10619094,1982,M,MA
PT50175375,1978,M,VT
PT14134153,1981,M,FL
PT65900244,1950,M,ND
PT27231484,1978,F,IA
PT68965858,1991,M,IN
PT38808516,1996,F,NV
PT86566056,1965,F,LA
PT39012319,1954,F,FL
PT45506408,1975,F,FL
PT56912828,1983,F,FL
PT83941219,1983,M,WY
PT44061612,1980,M,OK
PT24797182,1963,F,AR
PT18176889,1986,F,WV
PT77998476,1993,F,VA
PT53693888,1981,F,NJ
PT82459668,1955,F,NV
PT75900757,1960,F,VA
PT54022402,1980,U,FL
PT59536468,1988,F,CT
PT64610370,1977,M,NH
PT92408635,1988,M,NJ
PT33552046,1969,F,KY
PT67769624,1991,F,OR
PT40492261,1981,M,WA
PT82107988,1960,F,KS
PT17540670,1987,M,AL
PT33035503,1971,F,MD
PT65216067,1986,F,IA
PT19442176,1975,F,UT
PT35663261,1985,F,MA
PT24001134,1960,M,KS
PT49681659,1970,F,AL
PT24539599,1981,F,ME
PT92955697,1978,F,VA
PT23601820,1977,F,UT
PT97719249,1981,U,WI
PT54027695,1966,F,TN
PT67124754,1967,M,CA
PT43345138,1979,F,ME
PT56125228,1973,F,PA
PT68245786,1997,F,VT
PT21517956,1953,M,FL
PT57570956,1976,F,MI
PT59612738,1978,M,TN
PT24710259,1990,M,MD
PT43333615,1967,F,NH
PT28582394,1961,F,WI
PT14519848,1963,M,ND
PT97863388,1982,F,IN
PT87018482,1979,F,NE
PT88958012,1975,F,OH
PT87270471,1977,F,AK
PT39565315,1970,M,NY
PT76154455,1972,M,GA
PT62849945,1981,F,AL
PT69797101,1983,F,HI
PT24842015,1983,F,ID
PT40295401,1974,F,IA
PT97873835,1960,F,WY
PT42781384,2009,M,TX
PT51057462,1992,F,MT
PT54452382,1961,M,WV
PT79595416,1955,F,RI
PT23953517,1982,M,NJ
PT40316276,1984,F,MA
PT79067992,1991,F,ME
PT60025429,1965,F,RI
PT73628192,1992,M,DC
PT85049064,1977,F,MD
PT64763650,1987,F,VT
PT86764609,1981,F,AZ
PT77733545,1988,F,MD
PT87265734,1967,M,IN
PT41949490,1985,F,WY
PT76698476,1990,M,IN
PT44454997,1974,F,MD
PT42388253,2000,M,ND
PT49232900,1981,F,IN
PT26210403,1988,F,LA
PT36193401,1960,F,VT
PT79701283,1969,F,SD
PT35482331,1980,F,OK
PT22377620,1992,M,OR
PT41985254,1967,M,MI
PT67101088,1966,F,MO
PT12697263,1997,F,OK
PT49010458,1972,F,LA
PT88107162,1979,M,AK
PT32602423,1975,M,IL
PT31901234,1969,F,AZ
PT58153224,1992,F,MO
PT82988832,1963,M,GA
PT43889895,1987,M,IN
PT67230911,1986,F,HI
PT51288516,1956,F,NM
PT56531309,1964,F,VA
PT84716368,1985,F,CO
PT73260378,1976,F,LA
PT28454891,1984,F,WV
PT56236112,1960,M,LA
PT80219772,1961,F,IN
PT68404995,1983,M,AK
PT36460260,1970,M,RI
PT90598841,1973,F,RI
PT43167809,2010,F,CA
PT61242940,1979,F,MD
PT96563365,1994,M,KS
PT53237086,1974,F,RI
PT18898372,1976,M,OR
PT92760278,1983,F,NH
PT90482049,1965,M,WI
PT80405050,1992,F,FL
PT91024472,1969,F,KY
PT89987896,1967,F,AL
PT92436521,1980,M,CA
PT98422797,1989,M,NY
PT37998000,1963,M,OH
PT96875531,1976,F,OH
PT19318818,2001,F,RI
PT49577397,1987,M,CA
PT47569116,1976,F,OK
PT46022718,1966,F,IA
PT78871586,1980,M,CO
PT77016621,1980,F,DC
PT30802444,1974,F,FL
PT71068442,1969,F,AL
PT91135950,1980,F,OK
PT97369240,1980,F,OK
PT76269861,1998,M,DE
PT76301996,1989,F,UT
PT90876513,1977,F,NJ
PT40503469,1982,M,CA
PT86256751,1993,F,WI
PT52034389,1984,F,MI
PT27337597,1981,F,SD
PT37683720,1997,F,MI
PT12739119,1992,F,MD
PT41332448,1996,F,IL
PT20192809,1974,F,MO
PT52345640,1978,M,NM
PT22411847,1998,M,NV
PT81561446,1982,F,WA
PT42675319,1991,F,ME
PT85136003,1986,F,ND
PT83161157,1971,M,NM
PT22716856,1971,F,DC
PT48970396,1983,M,NY
PT46853767,1969,M,SD
PT45084354,1964,M,RI
PT47063642,1958,M,RI
PT95641532,1992,F,CA
PT21098004,1998,F,MS
PT69566837,1977,F,KS
PT88722267,1994,F,HI
PT31339419,1972,F,MS
PT94868593,1977,F,OH
PT85293058,1979,F,GA
PT70500079,1982,F,CT
PT12826819,1966,F,AZ
PT65997459,2000,M,GA
PT10939471,1978,F,NM
PT45917137,1956,M,DE
PT88202375,1984,F,GA
PT27479353,1958,F,NV
PT20605799,1994,F,NC
PT97665759,1979,F,FL
PT95308797,1964,F,OH
PT96742667,1980,M,CA
PT40911618,1968,F,WY
PT60311646,1970,F,WY
PT32282162,1976,F,KS
PT35670162,1954,M,TN
PT32767444,1972,F,DE
PT94846560,1967,F,VT
PT98176212,1979,M,AL
PT53105353,1978,F,IA
PT86983179,1964,F,MA
PT99762518,1960,F,IL
PT55028373,1979,F,MS
PT58149824,1979,F,VA
PT82987797,2002,M,TX
PT64001229,1976,F,NJ
PT11203183,1992,M,MT
PT22012425,1978,F,NV
PT40902327,1972,F,NJ
PT87556950,1979,F,GA
PT71778118,1973,M,IN
PT67672312,1981,M,NJ
PT25113479,1980,M,CO
PT29645749,1972,F,NM
PT64649670,1983,F,CT
PT16129940,1988,F,MA
PT60251486,1965,F,CT
PT27798501,1980,F,AK
PT74697867,1981,F,MA
PT10212008,1985,M,KS
PT26799700,1995,M,LA
PT78633534,1983,M,NJ
PT93258402,1986,F,HI
PT65721976,1991,M,AR
PT21150824,1957,F,WV
PT77809749,1965,M,FL
PT61392773,1982,F,SD
PT41501217,1967,F,ME
PT31828320,1980,F,UT
PT62800882,1974,M,IA
PT76331841,1991,M,HI
PT76478153,2000,M,NH
PT56014005,2007,F,NM
PT34051006,1992,F,ND
PT99042952,1986,F,WI
PT98849765,1976,F,WY
PT28111995,1960,F,MS
PT76725399,1980,F,TN
PT59521417,1981,M,CT
PT86101463,1973,M,UT
PT53266900,1975,F,SD
PT27495635,1967,M,NM
PT25460957,1978,M,ME
PT71030404,1986,F,AK
PT85073791,1955,M,MA
PT54816299,1967,F,OK
PT88757489,1994,F,IN
PT79424387,1961,F,SC
PT91430912,1966,F,AL
PT11038968,1974,F,OK
PT18989638,1963,M,ME
PT21343863,1985,M,OH
PT50587324,1965,F,NH
PT28812889,1964,M,SD
PT31419609,1983,M,DE
PT76201996,1988,F,WI
PT93147777,1963,M,RI
PT30480653,1986,F,CA
PT94353620,1970,F,PA
PT58854648,1988,M,
PT42409766,1981,M,DE
PT83198256,1984,F,UT
PT78697532,1977,F,PA
PT19487187,1967,M,KS
PT73564640,1967,M,KY
PT84482773,1972,F,WY
PT85881807,1979,M,
PT83203586,1988,F,WA
PT96993669,1994,M,CT
PT58698852,1962,M,UT
PT60150494,1983,F,MA
PT72883861,1972,F,AL
PT78116476,1990,F,DC
PT81271485,1996,M,DE
PT42553993,1978,F,MI
PT96907403,1987,F,NE
PT57048934,1976,F,PA
PT15313596,1987,F,DC
PT81150667,1961,F,AL
PT57765633,1969,F,AR
PT62008484,1982,F,KS
PT13025993,1982,F,RI
PT96539941,1965,F,VT
PT98698675,1973,F,PA
PT10258067,1988,F,ME
PT94905303,1980,F,MS
PT17265833,1992,F,IN
PT28292506,1973,M,NJ
PT33702837,1972,F,AZ
PT79537772,1985,F,AR
PT97743004,1976,F,DC
PT33573052,1974,F,MS
PT34455515,2008,M,VT
PT97973454,1984,F,KY
PT87820862,1977,M,UT
PT39565493,1991,M,WA
PT38569826,1973,F,OK
PT49673306,1974,M,NH
PT18826819,1975,M,OK
PT78252647,1977,M,MS
PT23039096,1980,M,NC
PT85242784,1988,M,NJ
PT23258173,1962,F,FL
PT15295203,1996,F,DC
PT79398855,1979,F,NC
PT76757439,1990,F,UT
PT56240485,1984,M,NH
PT56190075,1996,F,AL
PT49702016,1974,M,OH
PT70487535,1988,F,HI
PT64304250,1974,F,IA
PT67669355,1988,F,WA
PT62408394,1983,F,MI
PT72455757,1981,F,FL
PT33258305,1986,F,AK
PT61884972,1966,F,DE
PT10056234,1983,F,UT
PT14496995,1967,F,VA
PT46397594,1975,M,AZ
PT47003973,1989,M,SD
PT28268948,1964,F,WA
PT81107336,1984,F,IA
PT83813573,1985,M,DE
PT67559461,1975,M,DC
PT14351897,1976,F,IA
PT91001360,1989,F,ID
PT25689735,1964,F,HI
PT75913198,1977,M,SC
PT20393485,1978,M,VT
PT22158580,1974,M,SC
PT77157242,1981,F,LA
PT90982337,1994,F,TN
PT97402439,1979,F,IN
PT88393069,1976,M,OR
PT41289648,1988,F,VA
PT46180362,1977,F,CO
PT46869986,1989,M,OR
PT89111875,1981,M,SC
PT89111577,1994,F,SD
PT52321466,1962,F,CT
PT19972365,1978,F,OK
PT75584723,1960,M,HI
PT96563041,1970,F,MI
PT28386012,1963,M,AL
PT66154026,2006,F,DC
PT33241980,1973,F,NJ
PT58414654,1971,F,LA
PT84495535,1973,F,ID
PT76378725,1966,F,MI
PT38766989,2002,F,KS
PT15700837,2009,M,FL
PT84492093,1981,F,VT
PT51891233,1981,F,MA
PT64232615,1980,F,NC
PT19887570,1981,F,VT
PT56805344,1967,F,OH
PT33310946,1986,M,IA
PT82426664,1955,M,NH
PT65125633,1972,F,NH
PT53970779,1970,M,AL
PT82596108,1973,F,CT
PT20372148,1960,F,FL
PT84424372,1985,F,WI
PT99726282,1994,F,MA
PT34912938,1968,M,AZ
PT57365010,2000,M,CT
PT87073869,1995,F,MA
PT74582986,1992,F,OK
PT44047184,1981,F,KY
PT69464173,1979,F,LA
PT63525732,1972,F,WI
PT22582771,1971,F,NC
PT62674732,1961,F,FL
PT58366419,1982,F,VA
PT83014663,1985,F,NC
PT46169722,1979,M,OK
PT75240388,1981,F,NM
PT28680987,1964,F,AZ
PT33111939,1979,F,
PT51001093,1966,U,GA
PT52650552,1977,F,KY
PT54113291,1982,F,LA
PT40620778,1973,F,NE
PT86858600,1956,F,FL
PT93054347,1973,F,WV
PT22029655,1978,F,RI
PT50504092,1993,F,MA
PT81042101,1986,F,ND
PT34255656,1970,M,WV
PT83564522,1960,F,IA
PT18676452,1972,F,SD
PT96731221,1969,F,OR
PT24842499,1961,U,WI
PT85272148,1965,F,PA
PT50236370,1998,F,MI
PT86113167,1969,M,OR
PT90769432,1977,F,WY
PT49714779,1969,M,IA
PT14506047,1980,F,WA
PT23459966,1991,F,MA
PT74512597,2005,F,DC
PT41008900,1986,F,ME
PT40255371,1968,F,VT
PT18169736,1972,F,NE
PT45078473,1993,F,TX
PT94709852,1990,F,NJ
PT90608162,1979,M,FL
PT91010565,1980,F,DE
PT60677918,1961,F,WI
PT84268378,1989,M,IL
PT35971043,1987,F,MS
PT76601331,1979,F,AL
PT59108475,1982,M,CT
PT43276480,1980,F,VA
PT25872014,1980,F,ME
PT13680636,1978,F,OR
PT64383955,1961,M,NY
PT70704289,1995,M,MN
PT67521712,1971,F,ID
PT35227625,1961,F,KS
PT86419904,1968,F,UT
PT41350746,1968,F,OK
PT30011239,1975,F,NY
PT89456102,1970,M,MA
PT95138278,1989,F,SD
PT35431760,1974,F,KY
PT99174431,1981,M,CA
PT98497362,1974,F,UT
PT33287770,1973,F,ND
PT17266390,1960,M,ND
PT30469369,1995,M,GA
PT84336317,1986,M,DE
PT33532459,1991,M,WV
PT54322761,2012,F,OR
PT78525025,1983,F,CA
PT94633013,1971,F,VT
PT19935302,1979,F,PA
PT36295931,1973,F,NE
PT58182749,1989,F,NC
PT86763467,1990,F,GA
PT94293888,1995,M,ID
PT62848349,1963,F,VA
PT60151672,1967,F,KY
PT79691524,1970,F,NH
PT64863703,1975,F,KY
PT10138268,1983,F,KY
PT52245194,1981,M,CA
PT18856556,1983,F,LA
PT78259614,1966,F,IA
PT33983204,1970,F,VA
PT51203264,1960,M,NY
PT70970342,1999,F,FL
PT28810778,2005,F,CT
PT77258089,1982,F,WI
PT65527308,1988,M,NE
PT71531574,1970,F,DE
PT97675018,1960,F,CT
PT63105463,1962,F,LA
PT57875767,1962,F,VA
PT58660361,1979,F,TX
PT94787602,1983,M,MN
PT34992470,1974,F,OK
PT24211527,1965,M,DE
PT77750720,1961,F,OH
PT36256584,1961,F,ME
PT52914090,1981,M,ID
PT73808708,1962,F,TN
PT57630237,1970,F,NE
PT90256471,1977,F,NJ
PT59179374,1994,M,KY
PT19437411,1964,F,MA
PT60195426,1978,F,NC
PT29795114,1990,M,ME
PT70001629,1978,M,FL
PT74338557,2002,M,CT
PT41110316,2000,F,TN
PT57173708,1988,F,MO
PT26196811,1975,F,WI
PT76331296,1975,M,IN
PT35479095,1977,M,WA
PT92426751,1973,M,DC
PT84654209,1963,F,IA
PT17328992,1983,F,TN
PT51278668,1980,F,WY
PT88729611,1983,F,SD
PT96990786,1991,F,NM
PT55173083,1975,F,KS
PT30683220,1981,F,HI
PT94159411,1986,M,AK
PT42418334,1982,F,MS
PT21070927,1990,M,FL
PT93825211,1993,F,UT
PT71487553,1968,F,WY
PT41561352,1977,F,VA
PT98443630,1980,M,FL
PT66332494,1982,F,VA
PT98573147,1982,M,VA
PT63746504,1971,F,DE
PT24432870,1961,M,TX
PT92963077,1976,M,CA
PT69619220,1974,M,MA
PT96385302,1978,M,IA
PT61399942,1975,F,MN
PT69984459,1988,F,NC
PT94026876,1986,M,NH
PT74815366,1996,F,WV
PT47165221,1980,F,AK
PT59951668,1971,F,UT
PT66448448,1980,F,OH
PT61722120,1968,M,WY
PT37098910,1983,M,LA
PT66932395,1972,M,GA
PT68113035,1960,F,WV
PT31977539,1960,M,WA
PT83413126,1966,M,VA
PT61418908,1987,F,AR
PT68364473,1972,F,AL
PT42660683,1954,F,WV
PT88625123,1974,F,KY
PT41755303,1979,F,OR
PT97146004,1978,M,AR
PT32233811,1980,M,FL
PT88454299,1959,M,TX
PT76383930,1973,M,IA
PT43936275,1976,F,NH
PT14231533,1986,F,FL
PT17136356,1977,F,VT
PT58873934,1996,M,WY
PT58690170,1983,F,ME
PT98192134,1981,F,GA
PT34610135,1973,M,SC
PT36956479,1992,F,MS
PT27253745,1998,M,AR
PT73265632,1972,M,DC
PT27589174,2008,F,VA
PT58270301,1975,F,AL
PT34800146,1961,M,MD
PT71470464,1974,F,MI
PT63466732,1962,F,VA
PT17498557,1985,M,NY
PT27778883,1974,F,RI
PT66155366,1986,M,NE
PT77897435,1971,F,FL
PT42234087,1964,F,SD
PT67271003,1986,F,DE
PT57676597,1988,M,SD
PT99368476,1986,M,NJ
PT79040980,1969,F,NM
PT23886914,1979,M,GA
PT56109548,1961,F,IN
PT50351710,1977,M,OK
PT38832450,1967,M,AR
PT92070709,1957,F,MT
PT67234947,1978,F,CA
PT73811087,1984,F,TN
PT27581365,1982,M,KS
PT12023327,1998,F,OK
PT20876622,1976,M,SD
PT36389124,1986,M,PA
PT99105835,1972,F,IN
PT66741486,1972,F,CO
PT63248464,1981,F,MA
PT68855085,1981,M,KS
PT30401398,1969,F,ND
PT97932002,1981,F,OH
PT49772406,1972,F,WY
PT72864288,1967,F,KY
PT85988351,1985,F,HI
PT48766322,1979,F,OH
PT21587099,1995,F,ND
PT82051866,1979,F,NE
PT94521435,1981,F,MD
PT78790010,1961,F,NH
PT14108428,1971,M,FL
PT85827865,1986,M,OK
PT93485851,1966,F,TX
PT25687745,1961,M,VA
PT84637832,1988,M,WI
PT37168702,1977,F,IL
PT25400852,1957,F,TX
PT45558929,1975,F,NY
PT11786302,1966,F,MI
PT75918833,1994,M,WV
PT57400282,1978,F,HI
PT16153798,1973,F,MI
PT17145268,1983,F,OK
PT40815591,1960,M,MD
PT14913547,1991,F,RI
PT94495642,1985,F,AK
PT56856638,1960,M,WV
PT54789938,1999,F,ME
PT46339648,1976,F,GA
PT94400962,1982,M,AR
PT42920474,1983,F,VT
PT35811078,1968,F,NE
PT73088671,1965,F,NM
PT15296816,1970,M,NE
PT24213272,1966,F,WI
PT24259121,1975,F,NC
PT81082933,1955,F,NY
PT58753472,1955,F,DE
PT10532564,1979,M,DC
PT95372011,1994,F,IL
PT51831292,1961,F,NH
PT60011875,1979,F,AL
PT90868893,1980,F,OK
PT21445513,1979,M,TN
PT33477842,1995,F,NJ
PT34886537,1980,F,AL
PT21393165,1990,M,VA
PT18973464,1982,M,AZ
PT21086378,1981,M,WY
PT36908757,1978,F,NV
PT57192986,1995,M,MN
PT55102408,1980,M,OK
PT19497094,1994,F,MO
PT50711129,1960,F,MS
PT85432921,1996,F,CT
PT37882876,1977,M,DE
PT17465520,1976,F,WI
PT97743242,1990,F,NY
PT59939011,1961,F,LA
PT30303253,1992,F,NV
PT96387140,1966,F,GA
PT32666496,1989,F,MA
PT66632592,1983,M,NM
PT79077437,1974,F,WY
PT12316338,1988,F,CO
PT30203667,1972,M,WA
PT48856401,1986,F,ID
PT93330453,1986,F,NH
PT22377560,1983,M,AZ
PT94207696,2000,F,VT
PT82341152,1960,F,NE
PT79539256,1976,M,MT
PT27773687,1987,M,MA
PT34907411,1977,M,FL
PT86019986,2003,F,IN
PT22240612,1971,F,GA
PT81369757,1986,F,NJ
PT34366937,1985,M,PA
PT22240296,1984,F,WY
PT16945915,1961,M,NJ
PT97080537,1978,F,NJ
PT94294563,1976,F,TX
PT99670015,1975,F,CO
PT23774401,1981,F,AZ
PT96355076,1965,M,NE
PT74827502,1976,F,LA
PT44494561,1964,F,SC
PT74576745,1971,F,NM
PT98275452,1972,F,WV
PT19406806,2011,F,IL
PT91060118,1975,F,MD
PT16857623,2000,M,NH
PT33917518,1967,F,NJ
PT61140849,1974,F,HI
PT35355176,1964,F,MA
PT95732417,1974,M,MA
PT31057622,1979,M,TX
PT75715059,1971,F,KY
PT79393677,1969,M,OR
PT21321838,1988,F,NC
PT95888546,2008,F,MA
PT99258889,1966,F,OR
PT17445241,1978,F,ND
PT70118063,1986,F,WY
PT17770311,1966,F,
PT76260001,1971,F,CA
PT18558255,1976,M,RI
PT56216751,1965,F,WA
PT91354883,1970,M,SD
PT59244277,1993,F,SD
PT99060797,1978,M,CT
PT25141471,1960,F,PA
PT99431379,2001,F,DE
PT80672825,1959,M,TN
PT48156530,1981,M,MN
PT86354992,1975,F,ID
PT36758954,1969,M,CT
PT73664486,1982,M,WI
PT50004787,1966,M,NC
PT24915924,1960,F,SD
PT71017033,1975,F,CT
PT43364539,2003,F,WY
PT55714569,1992,F,AR
PT42210849,1970,M,OK
PT17029501,1968,M,ME
PT80273192,1994,M,MI
PT14523225,1977,M,NC
PT72591357,1987,F,FL
PT34605308,1983,M,MD
PT20603234,1977,M,MA
PT94178166,1968,F,NE
PT18513215,1969,F,NH
PT62831211,1982,M,LA
PT31180118,1979,M,ID
PT74051405,1984,F,TX
PT27053454,1973,F,IN
PT69425349,1997,M,OK
PT68476900,1987,M,TN
PT94121071,1985,F,KY
PT17138345,1978,M,OR
PT64430985,1986,M,OK
PT85228931,1977,M,NM
PT80725225,1977,M,VA
PT49817926,1981,F,WY
PT97880702,1994,M,NH
PT24198289,1977,F,MS
PT98540323,1972,F,DE
PT56464480,1959,M,ID
PT14429152,1988,M,CT
PT89438027,1988,M,GA
PT64697953,1960,M,AR
PT27731389,1976,M,NJ
PT69960075,1974,F,OH
PT82396262,1972,F,IL
PT99410932,2005,F,SC
PT99951500,1977,M,MA
PT86382914,1970,F,CA
PT60457429,1973,F,VA
PT23264214,1958,F,OH
PT20194915,1981,F,IL
PT13527121,1973,F,HI
PT25082543,1976,F,WV
PT44706043,2001,F,AZ
PT53765084,1986,F,LA
PT50662955,1968,F,GA
PT18254638,1973,F,KY
PT44218867,1988,M,OR
PT47320465,1980,F,OR
PT43762689,1961,M,DE
PT66090743,1963,F,CA
PT76488304,1987,M,KS
PT59371570,1973,F,GA
PT20689995,1966,F,CO
PT11726366,1974,F,ID
PT95477011,1975,M,SC
PT21547810,1983,F,NH
PT14218834,1996,F,GA
PT73081465,1978,F,HI
PT68301065,1987,F,OR
PT60646535,1979,M,ME
PT23961632,1980,F,DC
PT50491667,1979,M,IN
PT85410872,1977,F,IL
PT69275183,1979,F,NM
PT83775861,1979,F,DE
PT69484410,1962,F,UT
PT67399692,1972,F,TN
PT77670524,1990,F,WA
PT63429694,1989,F,IL
PT79164556,1961,F,KY
PT27046625,1960,F,WV
PT61718192,1981,F,NH
PT98122794,1968,F,AZ
PT58817705,1993,M,AR
PT84992760,1983,F,NV
PT99338953,2002,F,HI
PT29411812,1965,F,LA
PT23010037,1982,F,AZ
PT40312389,1984,F,DE
PT16776910,2002,F,UT
PT23101107,1976,F,WV
PT85963169,1979,F,GA
PT48018349,1999,F,UT
PT10215731,2011,F,MS
PT82552282,1984,M,SC
PT15776081,2007,F,NV
PT10518737,1979,F,SC
PT72200638,1973,F,WV
PT39864675,1995,M,NY
PT30180308,1960,F,WV
PT33908403,1986,F,CT
PT72775544,1980,M,MD
PT17651070,1959,M,CO
PT42097557,1986,F,KS
PT92520501,1979,F,NC
PT63679676,1982,F,WV
PT41670333,1997,F,CT
PT72033738,1978,F,TX
PT13491458,2003,F,DE
PT90584018,1985,F,KY
PT59246815,1986,M,WV
PT65738527,1994,F,MS
PT42916273,1986,F,IA
PT97309640,1992,M,OK
PT97798743,1979,F,SC
PT22774633,1995,M,TX
PT82027305,1980,M,ID
PT46053370,1972,F,VT
PT71864527,1971,F,TX
PT15608846,1982,F,AR
PT74892586,1984,F,MS
PT48859516,1979,F,MO
PT74410844,2008,F,FL
PT80568549,1984,F,TN
PT53630772,1960,F,UT
PT73183780,1964,F,TN
PT37361239,1976,F,NY
PT78139255,1990,M,ND
PT79666139,1977,F,WI
PT35744813,1969,F,MD
PT86519715,1972,F,ND
PT84419969,1971,F,NE
PT44591958,1979,F,WY
PT94966956,1985,F,WI
PT49761317,1973,F,SD
PT75016843,1964,M,SC
PT26446470,1974,F,WV
PT81558601,1973,F,FL
PT37535953,1977,M,MD
PT13236424,1980,F,MD
PT75664093,1984,M,NE
PT19568773,1978,F,WA
PT74466066,1967,M,MN
PT36503063,1979,F,SD
PT39303720,1962,U,AR
PT79937066,1969,F,MN
PT26305785,1973,F,NH
PT56868525,1981,M,MS
PT84958180,1961,F,AZ
PT11421148,1968,M,HI
PT15859314,1967,F,SC
PT68303988,1965,M,SC
PT76244279,1989,F,MA
PT20835278,1971,F,DC
PT18131964,1964,F,UT
PT33567594,1979,F,OH
PT34339622,1977,F,VT
PT52497093,1966,F,MI
PT23734948,1983,M,DC
PT61195011,1966,F,OH
PT45801793,1999,M,AR
PT60627467,1986,M,IA
PT54979650,1984,M,SC
PT50608252,1972,F,VA
PT18446365,1976,M,NY
PT28907618,1975,F,TX
PT97044533,1967,F,MO
PT39069291,1985,F,WY
PT17875069,1973,F,AK
PT92561113,1984,M,GA
PT49016462,1975,F,MO
PT28592219,1994,F,DE
PT60201912,1977,F,MS
PT49652127,1966,F,AL
PT67050812,1961,M,VA
PT83138306,1982,F,DE
PT55569380,1976,F,MN
PT42077851,1960,F,LA
PT82483524,1960,F,SC
PT43718801,1961,M,CO
PT35536663,1957,M,FL
PT96160051,1974,M,ME
PT43245200,1983,M,KS
PT90073985,1988,F,NH
PT98913766,1974,F,KS
PT41717192,1988,F,TN
PT92641863,1996,F,GA
PT93295465,1990,F,ND
PT11723847,1976,F,OH
PT90894207,1959,M,IN
PT44491586,1969,F,MN
PT95344056,1983,F,DC
PT61321090,1974,M,IN
PT55524644,1975,M,TX
PT79862673,1974,M,PA
PT17992611,1976,M,SD
PT74231044,1995,F,LA
PT43161301,1966,F,KS
PT44814488,1988,M,NC
PT77936478,1972,F,FL
PT57657043,1979,F,DC
PT40127380,1984,F,MD
PT93366182,1994,F,DC
PT46806988,2002,F,MI
PT65698393,1981,F,SC
PT69228570,1993,M,IA
PT39835878,1973,M,KY
PT90565976,1964,F,WI
PT73605561,1987,F,GA
PT85165092,1966,F,AL
PT95339102,1988,M,MO
PT33370415,1976,M,MS
PT35015730,1987,F,DE
PT48013226,1995,F,MA
PT95232803,1972,F,NJ
PT86405006,1971,F,NJ
PT48474948,1994,F,KY
PT50592423,1973,M,WY
PT73129941,1993,F,NM
PT89505140,1960,F,SD
PT41436583,1986,M,IA
PT11002291,1986,F,MD
PT41204314,1987,F,VA
PT24778987,1971,M,ID
PT32459437,1974,F,MD
PT91815873,1960,M,MT
PT59015312,1987,M,MS
PT31375663,1968,F,FL
PT16272790,1960,M,IN
PT79198418,1970,F,MA
PT36755873,1979,F,AZ
PT93373273,1972,F,NY
PT43338039,1984,F,AL
PT11122314,1956,F,MD
PT84403313,1974,F,GA
PT22696183,1991,F,MS
PT11498110,1974,F,MS
PT66126081,1973,M,MN
PT41933113,1974,F,KY
PT87426418,1989,F,AR
PT87144050,1975,F,MA
PT91378262,1989,M,SD
PT13704581,1976,F,NJ
PT95949603,1967,F,SC
PT83065593,1996,F,AR
PT90268559,1982,F,HI
PT51847725,1989,F,VT
PT91857539,1987,F,KS
PT63678953,1990,F,MD
PT26015485,2002,F,WY
PT60435653,1959,M,MD
PT84435681,1972,M,TN
PT29069147,1974,F,KS
PT15856292,1990,F,IA
PT35930076,1985,F,AL
PT70850385,1975,M,WV
PT97321585,1980,F,VA
PT12702641,1960,F,HI
PT43529769,1960,M,DE
PT30916093,1998,M,NY
PT84168539,1960,F,TX
PT55927174,1959,F,NY
PT75387923,1983,F,DE
PT60883850,1978,M,DC
PT36678053,1989,M,WY
PT46138216,1968,F,NM
PT63302199,1985,F,GA
PT29201174,1977,F,MT
PT93823195,1981,F,TN
PT17303772,2004,M,NE
PT10417160,1981,F,OK
PT35731684,2008,F,AR
PT32290276,1976,M,WY
PT56165567,1960,F,VT
PT34623014,1970,F,MS
PT77395762,1989,F,NH
PT12752625,1982,M,PA
PT94663260,2008,M,MS
PT24640308,1984,F,WY
PT28203814,1983,M,RI
PT60770733,1986,F,IA
PT84588953,1967,M,AL
PT25590865,2007,M,PA
PT92514652,2004,F,VA
PT95097021,1969,M,MI
PT51425793,1972,M,OR
PT31891012,1990,M,OH
PT51686168,1979,M,MO
PT91077532,1983,F,MI
PT37327281,1973,M,TX
PT25907425,1961,F,NY
PT56473412,1980,M,AK
PT57367572,2003,F,WV
PT65310110,1971,F,IL
PT95884081,1985,M,LA
PT82858905,1976,M,IA
PT10849271,1965,F,GA
PT55446780,1984,F,WY
PT44449644,1986,F,ND
PT57071287,1967,M,IL
PT32498858,1973,F,AL
PT88700064,1969,F,NJ
PT10166279,1991,F,MD
PT15034492,1959,F,VA
PT18236858,1960,F,MD
PT12246044,1993,M,VT
PT87303641,1983,M,ID
PT65572226,1986,F,CA
PT55155832,1981,F,FL
PT39145064,1991,M,MA
PT66729628,1968,M,NJ
PT52935200,1995,F,WV
PT47013548,1969,F,IL
PT78455705,1966,F,MN
PT11770046,1978,F,RI
PT50656635,1953,M,KY
PT37450199,1983,M,CA
PT33395799,1991,F,KS
PT99679769,1972,F,AL
PT23752896,1991,M,AR
PT26627722,1976,F,NH
PT43359360,1972,F,NV
PT46534507,1970,F,NC
PT37759892,1971,F,WY
PT76933930,1974,F,TX
PT58307121,1994,F,KS
PT48903465,1973,F,DE
PT46473408,1976,F,TN
PT95710507,1988,F,IL
PT43721991,1971,F,NV
PT99978519,1979,F,MS
PT37799170,1962,M,OH
PT97750867,1977,M,TX
PT56663530,1983,M,VT
PT49163778,1993,F,CT
PT53029664,1985,M,DE
PT66382210,1977,F,KY
PT28976579,2003,M,MS
PT36340952,1983,F,NH
PT95014659,1972,F,MO
PT49324938,2003,M,ND
PT91108170,1998,F,ND
PT72377750,1963,M,LA
PT33887406,1966,M,AK
PT97064878,1977,F,FL
PT34568875,1999,M,DE
PT70281817,1980,M,FL
PT19189617,1973,M,FL
PT67523959,1960,M,RI
PT18529360,1988,F,NV
PT49376757,1971,F,AR
PT98467217,1959,M,MS
PT90795293,1960,F,WV
PT27958314,1971,F,MO
PT82364025,1998,M,AL
PT25570267,1966,F,HI
PT54215579,1991,F,KY
PT88445121,1979,M,WA
PT69733466,1984,F,LA
PT70112665,1967,F,FL
PT38909806,1967,F,LA
PT35360432,1981,F,KS
PT15801452,1959,M,MS
PT95638726,1980,M,MS
PT91069114,1959,F,NM
PT44771911,1974,F,OH
PT95070928,1995,F,NJ
PT86205603,1973,M,WI
PT73393829,1996,F,ND
PT55874122,1960,M,OK
PT92757490,1975,F,NM
PT82512609,1968,F,SC
PT71400433,1974,F,NY
PT89942590,1961,M,AR
PT54156477,1976,F,FL
PT92981693,1987,F,WY
PT28250760,1978,F,MI
PT68773045,1979,M,IN
PT41122820,1975,M,FL
PT30085801,1988,F,MS
PT96202871,1959,M,NJ
PT47176846,1987,M,MT
PT42217270,1975,M,WV
PT77247888,1970,F,IA
PT19046376,1963,M,MS
PT90386262,1973,F,AR
PT38389407,1960,M,TN
PT85663001,1987,F,NY
PT79805698,1988,F,AK
PT82273015,1981,M,LA
PT73729406,1966,F,OH
PT84651193,1982,F,VA
PT26064182,1979,F,AR
PT34448133,1991,F,DE
PT18268665,1991,F,MS
PT19782962,1967,F,KS
PT15604422,1970,F,MI
PT50728075,1983,M,NM
PT60257823,1979,F,HI
PT64292719,1963,M,DE
PT22639937,1991,F,MD
PT73713280,1981,F,NH
PT30338445,1985,M,MN
PT71558227,1974,F,ME
PT82972022,1967,M,DE
PT16149684,1981,F,AR
PT52020217,1988,M,TN
PT49818304,1961,M,WY
PT89868514,1987,F,KY
PT75028353,1983,M,MS
PT28083119,1967,M,CO
PT51847677,1998,F,CT
PT37993029,1983,F,IN
PT47021303,1960,F,KY
PT49272892,1982,F,NJ
PT66901958,1962,F,CT
PT12068768,1986,F,AZ
PT95700755,1970,F,SC
PT41969415,1974,F,SD
PT75557428,1987,F,VA
PT27860940,1983,M,TX
PT18269519,1968,F,IN
PT88473750,1975,F,PA
PT78440958,1982,F,ME
PT52077424,1967,M,AZ
PT59276029,1984,F,MN
PT20878057,1967,F,MI
PT93609463,1977,M,GA
PT28244391,1977,F,SC
PT13331081,1958,F,GA
PT62422233,,F,NC
PT27677218,1973,F,TN
PT15660931,1980,F,WY
PT45294042,1981,F,NE
PT25699088,1971,F,MN
PT11834146,1973,F,UT
PT34290550,1989,F,GA
PT88856246,1972,F,MD
PT54959710,1951,F,SC
PT40035323,1969,F,PA
PT22115756,1990,F,NY
PT29260470,1969,M,TX
PT90200039,1970,F,LA
PT86315402,1972,F,MI
PT36094045,1997,F,MS
PT76110250,1960,M,CA
PT23767843,1987,M,SC
PT70953302,1959,M,LA
PT22908664,1984,F,RI
PT17169251,1979,F,WI
PT64404823,1959,F,NC
PT93360269,1987,M,IN
PT94730724,1989,F,OH
PT77589716,1974,F,GA
PT74434695,1969,F,SC
PT18125237,1976,M,UT
PT69538053,2008,F,VA
PT25792181,1986,F,KY
PT42077597,1980,M,MI
PT13569611,1967,M,AR
PT70531983,1990,F,MA
PT76776367,1965,F,AZ
PT44368326,1980,M,AR
PT33339071,1961,M,FL
PT16211543,1973,F,AR
PT67214555,1977,M,VT
PT10053943,1982,F,RI
PT61719954,1973,M,VA
PT75178886,2001,F,NJ
PT84416226,1961,F,TX
PT50353274,1975,M,NH
PT25313366,1985,F,OH
PT62800620,2012,F,AK
PT98678893,1964,M,WV
PT99462550,1969,M,NC
PT47698537,2006,F,AZ
PT83774684,1986,M,GA
PT53630772,1960,F,UT
PT56172106,1975,F,MO
PT69382417,1981,M,IL
PT92566400,1991,F,IA
PT26557175,1973,F,TX
PT70201416,1973,F,MS
PT17724928,1968,M,IL
PT25086028,1960,F,KS
PT11486385,1976,F,FL
PT11048310,1984,F,ND
PT64786196,1983,M,KS
PT11304583,1972,M,ME
PT36303361,1978,M,VA
PT47699394,1996,F,DE
PT24557981,1983,F,SC
PT12423845,1992,F,VA
PT33913234,1984,F,GA
PT83632057,1990,F,IN
PT85546390,1964,M,IN
PT46889487,1985,F,MT
PT90363461,1970,F,MT
PT87542809,1961,F,PA
PT42338692,1998,M,PA
PT40416117,1978,M,VA
PT63193036,2002,F,OK
PT18625002,1977,M,NJ
PT94084557,1998,F,UT
PT32729777,1960,M,AR
PT63508847,1961,M,TX
PT86718154,1975,M,TX
PT43770338,1983,F,OK
PT13621789,1975,F,MN
PT67285082,1985,M,VT
PT39144057,1965,M,MO
PT88291426,1987,F,TN
PT51474677,1974,F,DC
PT53292784,1969,F,IL
PT57193229,1976,F,KY
PT62415726,1972,M,VA
PT36085338,1981,F,WI
PT60944573,1983,M,OR
PT84749938,2000,F,FL
PT20671795,1986,M,AL
PT57119637,1992,M,MN
PT63212089,1982,M,DC
PT39262714,1987,M,OK
PT25933389,1967,M,UT
PT80231953,1982,F,MS
PT14023687,1968,M,FL
PT72134417,1970,M,KY
PT20643512,1976,F,NE
PT44054494,1984,F,MA
PT81628862,1975,F,AR
PT52013418,1977,M,NV
PT89029984,1974,F,OK
PT40190098,1989,F,MD
PT78796741,1967,F,WY
PT35017510,1953,F,OR
PT90603916,1972,M,WA
PT44579196,1956,M,UT
PT22829968,1983,M,SC
PT89295856,1971,F,IA
PT82182235,1987,F,DE
PT78336051,2005,F,AK
PT13440482,1976,F,OR
PT72241839,1981,M,TN
PT88735352,1995,F,KS
PT64729521,1979,F,NV
PT62852608,1990,F,UT
PT88488668,1970,M,KY
PT24784966,1977,F,SC
PT55342753,1959,M,IL
PT14919015,1974,M,NC
PT33373239,2011,F,OH
PT24801574,1986,F,OK
PT93108591,1975,F,CT
PT65763722,1973,F,NE
PT60876289,1981,F,IL
PT70511116,1971,M,TX
PT32449306,1988,F,MS
PT93334667,2009,F,PA
PT63368239,1959,M,SD
PT22001939,1976,M,SC
PT18129922,1965,M,NE
PT36642477,2011,F,OK
PT42983730,1976,M,NJ
PT44613779,1979,M,VA
PT92357603,1979,M,GA
PT15003603,1972,F,PA
PT89897665,1976,M,VA
PT36831706,1982,M,FL
PT57281001,1970,M,NH
PT14198769,1982,F,LA
PT39833189,1982,F,OH
PT12162239,1960,F,IN
PT27948026,1964,F,NH
PT26221027,1975,F,ND
PT36957586,1964,F,UT
PT49757049,1970,F,FL
PT16455728,1987,F,WV
PT76473220,1981,F,NM
PT26322507,1967,M,ND
PT16862336,1992,F,KY
PT77110202,1991,F,VA
PT48424322,1983,M,MD
PT53614977,1979,F,MI
PT79097138,1981,F,MO
PT59438931,1961,F,SC
PT45501753,1964,F,KY
PT63922497,1976,F,AL
PT45492795,1967,F,IL
PT35308604,1988,F,ME
PT36404134,1985,F,UT
PT18661435,1966,M,MO
PT58865301,1996,M,SC
PT10555943,1978,F,UT
PT33714404,1998,M,CO
PT58778020,1971,F,MD
PT86049803,1996,F,MS
PT63588827,2001,F,DE
PT52731076,1955,F,NJ
PT81147120,1967,M,KY
PT58467503,1961,M,WI
PT23437414,1989,M,NM
PT33086846,1960,M,AK
PT74850598,1962,F,PA
PT13217522,2011,F,AR
PT48603195,1983,F,WY
PT66688825,1983,M,WI
PT42509187,1970,M,CO
PT14371453,1970,M,WV
PT61245626,1971,F,AR
PT57899179,1969,F,VA
PT62082916,1973,M,HI
PT64023601,1975,F,NC
PT46801403,1968,M,TN
PT60069582,1963,F,FL
PT67718420,1958,M,KY
PT55403629,1989,F,NC
PT18216509,2008,M,OH
PT89842907,1980,M,CO
PT45941895,1986,F,NC
PT10390307,1973,M,CO
PT14109561,1959,F,VA
PT70547897,1976,F,AK
PT16567724,1992,F,SD
PT26648774,1987,F,WV
PT46941338,1959,M,CT
PT67268821,2009,F,UT
PT64401037,1977,M,VT
PT77975781,1971,M,WV
PT55120667,1961,F,DC
PT69720204,1990,F,OK
PT11850244,1975,F,IA
PT21149844,1959,F,AR
PT61771150,1977,M,ID
PT26662743,1974,F,MN
PT65626459,1980,U,IA
PT44577135,1981,M,DE
PT26708859,1974,F,MD
PT56249055,2006,M,ME
PT91031046,1979,F,OR
PT70902361,1986,F,MS
PT29818920,1969,F,MO
PT28771735,1980,F,MN
PT19533941,1985,F,IL
PT63570004,1982,M,SC
PT44736720,1962,F,NC
PT32429979,1981,M,AK
PT43782245,1979,M,NV
PT98262745,1965,M,UT
PT30872069,1984,F,NY
PT97347198,1970,M,UT
PT87499310,1969,F,MN
PT29755667,1984,F,RI
PT45078059,2005,M,NM
PT54584497,1975,F,MN
PT10140525,1955,F,AL
PT41830936,1974,F,TX
PT33264778,1977,M,RI
PT31569537,1960,F,DE
PT58985710,1955,F,GA
PT40728257,1994,F,KS
PT41111842,1973,F,AZ
PT41340230,1964,M,FL
PT21262451,1977,F,TX
PT43584978,1972,M,MT
PT12570283,1978,F,NJ
PT32060431,1959,F,DC
PT37807286,1956,F,NH
PT43793280,1982,M,LA
PT31091298,1986,F,GA
PT53570999,1977,F,NC
PT61638996,1955,F,LA
PT70385881,1992,M,KY
PT81292623,1989,F,RI
PT57404358,1985,F,PA
PT14793091,1950,F,NV
PT53441807,1970,F,KS
PT76547015,1965,F,MO
PT68014981,1981,F,SC
PT43395957,1988,M,MS
PT34867250,1968,F,WA
PT88569562,1972,F,MT
PT80255645,1983,F,NC
PT33316303,1974,M,HI
PT17839572,1986,F,DC
PT26204711,2001,F,NY
PT74979176,2011,M,AR
PT77907136,1994,F,AL
PT83500895,1970,M,NY
PT18465264,1985,F,NM
PT11246931,1990,M,DE
PT63163872,1958,F,NJ
PT48491220,1980,M,UT
PT63030430,1961,F,IL
PT56502445,1967,M,MS
PT60106221,1989,M,UT
PT28406007,1961,F,ND
PT49445310,1995,F,ME
PT78834619,1971,F,MO
PT63473386,1988,M,CA
PT40062561,2004,F,TN
PT88584369,1992,M,PA
PT23765954,1972,F,CO
PT65055809,2003,F,IL
PT24660787,1973,M,ME
PT87184444,1976,F,LA
PT10935432,2008,F,AR
PT51069050,1973,F,MI
PT10121774,1989,M,NE
PT91255526,1961,M,MN
PT46892517,1974,M,MT
PT42572770,1975,F,AL
PT47649343,1973,M,KY
PT41516631,1954,F,NM
PT96161109,1992,F,SD
PT43056723,1977,M,CO
PT24741259,1983,F,VA
PT19551654,1972,F,KY
PT20356473,1975,M,CO
PT97583407,1969,F,ND
PT95608575,1986,F,VA
PT35993968,1976,M,IA
PT30542958,1984,F,MI
PT51985178,1985,F,MN
PT92793014,1971,U,TN
PT75617136,1995,F,SC
PT87306122,1965,F,NH
PT28227429,1976,M,MA
PT95701023,1986,F,ND
PT74709894,1983,F,AR
PT88743705,1976,F,HI
PT54181375,1986,F,TX
PT37681578,1973,M,GA
PT27176265,1975,F,NJ
PT32188100,1984,F,NY
PT24288886,1984,F,CT
PT13295366,1975,M,NE
PT78638372,1973,F,TX
PT92185883,1970,F,AZ
PT89365414,1987,M,IA
PT78264028,1965,F,WY
PT30258235,1974,M,NY
PT88476831,1979,M,KS
PT91444233,1992,F,ME
PT64752705,1975,M,MO
PT12893229,1986,M,TN
PT87352475,2002,F,WI
PT98659242,1993,M,AR
PT34707649,1969,M,WV
PT96844957,1972,F,RI
PT78253831,1970,F,WA
PT17251600,1977,F,MN
PT10247989,1982,F,FL
PT74143414,1975,F,AZ
PT64558871,1963,F,FL
PT23667522,1984,M,GA
PT43252027,1971,F,AL
PT39565121,1971,F,IL
PT15196416,1955,F,WI
PT75160785,1972,M,ID
PT16750613,1980,M,WA
PT93910131,1953,F,MT
PT95918202,1960,M,OK
PT65361349,1973,F,AR
PT73172226,1990,M,NC
PT43639797,1985,F,NH
PT55075060,1970,F,ID
PT16177953,1965,F,SD
PT94805890,1980,F,ID
PT83557704,1970,F,FL
PT29934006,1967,F,MO
PT61156280,1962,M,MI
PT44791784,1983,F,NJ
PT70911503,1967,M,NM
PT58513449,1971,F,NC
PT28234171,1967,M,KY
PT40720874,1994,F,IN
PT92416900,1989,F,KY
PT30311826,1979,F,MO
PT78665732,1978,M,FL
PT75597299,1990,M,MO
PT24801708,1974,F,MA
PT71260132,1953,M,IA
PT76527108,1979,F,AR
PT46506478,1964,M,VA
PT92473987,1970,F,AK
PT18150209,1991,F,SC
PT12407038,1992,F,OH
PT63281255,1982,M,WV
PT32621829,1996,F,DE
PT24294457,1981,F,NC
PT97049071,1981,F,LA
PT78911514,1955,M,WA
PT64236452,1990,F,WV
PT12813195,1989,F,KY
PT60637582,1988,F,MO
PT51322201,1976,F,NY
PT45568636,1985,M,WY
PT77928876,1992,M,MN
PT10372149,1993,F,AK
PT51633069,1974,M,SD
PT71859257,1985,F,NM
PT74384340,1979,F,NE
PT78955862,1977,F,SC
PT36137424,1953,F,MT
PT59703535,1999,M,IN
PT19203367,1973,F,WY
PT25566140,1972,F,PA
PT31374969,1990,F,ND
PT30996778,2005,F,CT
PT18227773,1978,F,OH
PT59200412,1975,F,AZ
PT71448163,1961,F,ID
PT23528729,1977,F,GA
PT95735691,1986,M,FL
PT75266758,1970,F,AL
PT28175051,1997,M,FL
PT52605711,1995,F,OH
PT74823752,1970,F,PA
PT20315882,1982,F,MI
PT69174045,1977,F,ND
PT39473494,1981,F,LA
PT83263631,1981,F,TN
PT85232363,1997,F,KY
PT19478755,1973,M,OK
PT85162721,1987,F,NE
PT15870158,1965,M,GA
PT27510893,1961,F,MT
PT44454586,1970,F,WA
PT14052451,1971,F,MS
PT81080675,1974,F,MN
PT90804925,1962,F,NE
PT55424973,1960,F,WV
PT77983606,1967,F,AR
PT36456304,1988,F,GA
PT32594467,1997,F,ID
PT86885184,1972,F,AL
PT94270950,1978,F,CO
PT20406301,1964,M,IA
PT91042777,1978,F,NV
PT87161392,1982,F,NV
PT84722862,1975,F,CT
PT23201771,1977,M,SC
PT29262812,1974,F,LA
PT69037174,1969,F,LA
PT95163025,1974,M,CO
PT96111124,1987,F,UT
PT73890360,1978,F,DE
PT59753810,1984,F,MS
PT52230396,1974,F,ME
PT73955013,1991,M,NM
PT79545496,1976,F,LA
PT84272732,1960,F,WV
PT80457287,1993,F,MT
PT82798681,1964,F,GA
PT43268270,1969,M,OK
PT86270230,1984,M,IL
PT67421651,1976,F,ME
PT71667587,1977,M,OR
PT68788146,1959,F,OK
PT46994353,2001,F,SD
PT43464457,1969,F,SC
PT59453076,1976,F,MN
PT98649829,1975,F,KS
PT72904797,1993,F,NY
PT33833385,1968,M,AZ
PT67288934,1972,M,AR
PT12280648,1975,F,OK
PT19754682,1983,F,DC
PT47641203,1997,M,UT
PT33776249,1973,F,GA
PT56270612,1969,M,MD
PT19067175,1966,M,AR
PT84891831,1974,M,AK
PT31920142,1968,F,NC
PT68029074,1983,M,ND
PT58801674,2009,M,MO
PT88343072,1981,M,KS
PT31112759,1972,F,IA
PT18471280,1964,M,MI
PT26393951,1960,F,MD
PT51866416,1974,F,AZ
PT47295813,1973,F,OK
PT12405398,1976,F,CO
PT44862498,1973,M,GA
PT82164241,1976,F,MN
PT28161265,1975,F,MA
PT78705482,1980,F,AZ
PT92497315,1989,F,LA
PT23871334,1960,F,PA
PT76277403,1983,F,MA
PT73582618,1977,F,NC
PT38735807,1971,F,NV
PT58162560,1981,F,WA
PT50478606,1984,F,AR
PT99556911,1979,F,WA
PT40133254,1998,F,KS
PT27514821,1978,F,SC
PT65397268,1970,F,RI
PT61146470,1976,M,AR
PT36695670,1997,M,MO
PT39941570,1982,F,NH
PT64098410,1977,F,SC
PT45157177,1977,M,RI
PT65804990,1975,M,NC
PT30515000,1973,F,DE
PT73420870,1965,F,AZ
PT97785833,1976,F,MA
PT29745125,1992,F,VT
PT95610465,1989,M,NC
PT89710552,1978,F,MN
PT93564174,1965,F,FL
PT73882599,2007,M,FL
PT57555000,1971,F,MA
PT63278981,2001,F,MI
PT14515690,1987,M,ND
PT50643251,1984,M,IA
PT21271855,1972,M,DE
PT87020692,1968,F,OH
PT60972951,1983,F,NM
PT71394069,1961,M,KS
PT19959935,1995,F,ID
PT42026573,1968,F,NE
PT69288710,1977,F,TX
PT84429918,1957,M,MA
PT63518142,1972,F,AK
PT16227523,1977,M,CT
PT41089740,2004,F,KS
PT81779173,1975,F,DE
PT51550907,1957,F,MS
PT13156449,1984,F,IA
PT73941096,1987,F,IL
PT56267497,1974,F,MA
PT47162084,1974,F,LA
PT14537095,1990,F,SC
PT76070457,1988,M,DC
PT99276459,1987,F,DC
PT16559668,1981,F,PA
PT94177332,1973,F,VT
PT55593246,1983,M,KY
PT85243799,1995,F,WY
PT96591509,1978,F,AL
PT25711844,1973,M,GA
PT72773679,1999,M,WI
PT70722696,1967,F,HI
PT19410072,1983,F,GA
PT72524350,1967,F,PA
PT16104241,1986,M,MA
PT74497238,1966,M,VA
PT93160864,1963,F,VT
PT41611274,1961,F,LA
PT92051258,1984,F,MN
PT32088587,1957,M,VA
PT95596074,1959,F,MI
PT86615097,1972,F,IA
PT13406280,1960,M,MD
PT85988800,1988,U,NV
PT60888727,1991,F,TX
PT85959769,1981,F,NH
PT68701267,1970,F,AZ
PT26658009,1971,F,PA
PT63619014,1973,F,
PT30904477,1970,F,TN
PT37669173,1973,F,GA
PT17482422,1985,M,NC
PT16997635,1990,F,FL
PT18545030,1996,M,UT
PT72082766,1989,M,MI
PT98656406,1992,F,NH
PT70909857,1981,F,MS
PT26206101,1997,F,AR
PT20210201,1959,M,ME
PT85184668,1969,M,WV
PT16939415,1984,F,MN
PT45969084,1978,F,AL
PT35051030,2005,F,RI
PT74641201,1997,M,CT
PT67387096,1979,F,WA
PT98830596,1971,M,AL
PT22827907,1984,F,OR
PT85234732,1973,F,HI
PT57633910,1976,F,VT
PT60077506,1971,M,ND
PT34681668,1964,F,NV
PT87714186,1993,F,MD
PT41842332,1972,F,AR
PT55526060,1999,M,OR
PT53348204,1986,M,MI
PT72889996,1963,M,KS
PT31150658,1970,M,OK
PT14833586,1995,M,RI
PT90365964,1967,M,DC
PT73553279,1987,M,DC
PT14198435,1982,F,DC
PT33030283,1977,F,LA
PT89685823,1977,F,OH
PT45154577,1960,F,MA
PT58373879,1964,F,MT
PT33104571,1985,F,GA
PT43837600,2004,F,VA
PT64430216,1960,M,AR
PT68774713,1978,F,RI
PT50742569,1989,F,WA
PT15630129,1974,F,IL
PT16350943,1984,M,KS
PT85375453,1989,F,CT
PT88195785,1983,M,RI
PT82742035,1993,F,NV
PT63418245,1980,F,OR
PT28955827,1977,F,NY
PT34358197,1976,M,UT
PT96268949,1966,F,DC
PT81067870,1971,F,IN
PT63144560,1979,F,MA
PT65775584,1975,F,WI
PT19014010,1980,F,AR
PT26662770,1996,F,AK
PT12648826,1967,M,WY
PT95357794,1982,F,MI
PT91477748,1970,F,MA
PT84854465,1958,M,CA
PT15418705,2005,F,NE
PT33908381,1981,M,DC
PT96536296,1978,F,NC
PT47624385,2007,F,NV
PT85856111,1975,M,OK
PT27156174,1983,F,ME
PT84215787,1982,F,OR
PT41393566,1983,F,IA
PT42794850,2002,F,WV
PT67024224,1961,F,OK
PT12167692,1979,F,MS
PT86244155,1978,M,UT
PT44617332,1978,F,WA
PT46308579,1986,M,GA
PT76759642,1988,M,OH
PT18972937,1983,F,TX
PT93245353,1960,F,GA
PT34714701,1982,F,VA
PT59139362,1994,F,AK
PT20645853,1981,M,SC
PT99603687,1960,F,KS
PT44668116,1972,F,NV
PT16734340,1976,F,ID
PT38323869,1979,M,MA
PT22288503,1990,M,NJ
PT46834002,1982,M,GA
PT57165966,1982,F,OH
PT41694858,1985,F,MO
PT76771453,1976,M,ND
PT27911233,1974,M,VA
PT19727701,1970,M,IA
PT50208077,1985,F,NH
PT40733088,1992,M,WI
PT12213174,1965,F,MS
PT19994985,1980,M,DE
PT76829949,1988,F,MA
PT65468949,1988,F,ND
PT77961236,1960,F,OH
PT59594921,1962,F,DC
PT96966383,1976,F,IN
PT73502528,1973,F,CA
PT24274122,1983,F,MI
PT96095485,1974,M,TX
PT29163671,1972,F,MA
PT99207459,1980,M,HI
PT79473152,1974,M,MI
PT54815601,1975,M,VT
PT55951308,1966,F,OK
PT20018244,1978,M,PA
PT33378072,1962,F,VT
PT63077108,1991,F,PA
PT67638272,1991,F,IN
PT16837777,1970,F,PA
PT43074662,1960,F,NY
PT69761692,1979,F,IL
PT72474019,1998,M,AR
PT66441199,1998,F,MI
PT93631242,1960,M,TN
PT68029943,1972,F,MD
PT94323640,1979,M,AR
PT18185994,1989,M,SD
PT31213769,1979,M,ID
PT50878309,1979,F,CA
PT58378886,1988,F,CA
PT68879319,1963,M,OR
PT40823932,1987,F,WA
PT69162231,1971,F,ID
PT78009619,1986,M,MN
PT96015086,2000,M,TX
PT30688974,1970,F,TX
PT70228903,1954,F,NH
PT47643165,1992,F,WI
PT68238353,1981,M,WV
PT40666641,2001,F,IA
PT87552679,1985,M,WY
PT39687059,2000,F,AL
PT88450948,1960,M,MT
PT31849231,1981,M,NM
PT41223511,1969,F,KY
PT45331007,1998,F,IA
PT22031758,1997,F,TN
PT93395077,1972,M,NC
PT34413985,1963,F,AK
PT50464732,1967,F,AL
PT13941860,1992,M,WA
PT13381042,1981,F,NE
PT18465287,1997,F,AR
PT10875991,2008,F,CA
PT71352932,1975,F,KS
PT82005942,1983,F,SC
PT23431732,1960,F,AR
PT45372854,1961,M,CO
PT75343422,1989,F,NH
PT79974267,1983,M,NH
PT99202018,1981,F,ND
PT17810999,1982,F,WI
PT83188568,1988,F,CO
PT29983753,1976,M,CO
PT66845400,1986,F,DC
PT86422335,1960,M,DE
PT37801369,1955,M,AL
PT48555809,1973,F,DC
PT33876082,2003,F,PA
PT20382798,1976,F,WY
PT19465966,1987,F,OH
PT22576460,1982,F,MO
PT82696359,1973,F,WV
PT84071399,1966,F,IL
PT22343464,1981,F,IN
PT93696063,1989,F,WI
PT81756352,2000,M,MI
PT36490315,1994,F,CT
PT50325634,1986,M,FL
PT68360883,2001,F,NM
PT71559440,1989,M,MI
PT82195901,1998,F,SC
PT34943596,1976,F,WV
PT22002367,1974,M,RI
PT59638009,1982,F,KS
PT43771282,1985,F,RI
PT68319141,1997,F,DE
PT72070731,1983,F,OK
PT72829330,1963,F,TN
PT21962314,1986,M,MD
PT62355885,1961,F,VT
PT44057673,1997,F,ND
PT86951139,1980,F,AR
PT15831990,1982,M,WI
PT58438113,1979,F,WV
PT63611541,1971,F,CA
PT77886293,1969,M,NM
PT84204655,1987,M,OK
PT23612930,1979,F,SC
PT58820020,1986,M,OR
PT44382708,1960,M,ND
PT69410428,1972,M,MD
PT41872489,1961,F,MS
PT84607659,1960,M,KY
PT37792744,1973,M,KY
PT56109548,1961,F,IN
PT66302084,1984,M,GA
PT93317676,1994,F,VA
PT80536441,1983,F,MO
PT84577531,1967,F,NY
PT95886032,1994,F,NY
PT87891746,1978,F,AL
PT72419042,1983,F,WI
PT74341034,1973,F,WI
PT92645531,1975,F,NJ
PT76106234,1970,F,MA
PT29239231,1995,F,HI
PT12856637,1963,M,MO
PT68297178,1997,F,OK
PT39732006,1983,M,DE
PT41336713,1998,M,OK
PT61560599,1984,F,TN
PT63465664,1961,F,KS
PT42235389,1991,F,OK
PT41063747,1962,M,OH
PT99237252,1960,M,ME
PT95090286,1981,F,GA
PT12829645,1975,F,MA
PT14849417,1987,M,MI
PT84905184,1988,F,IA
PT88745089,1985,M,MI
PT13771023,1989,F,NH
PT71001507,1988,F,MD
PT17069108,1983,M,OR
PT61304110,1971,M,SC
PT89189256,1960,M,DE
PT77083223,1990,M,MT
PT70720395,1974,M,OH
PT90398708,1978,F,AZ
PT25363786,1988,F,CO
PT46525306,1961,F,ND
PT36242083,1969,F,MS
PT77166975,1970,F,DE
PT74146925,1987,M,CA
PT16340157,1958,M,NJ
PT30565086,1981,F,KS
PT53983233,1980,F,HI
PT91475885,1982,F,DE
PT39869052,1982,F,VA
PT20679775,1977,F,WY
PT11448971,1982,M,VA
PT47995905,1978,M,TX
PT86817133,1991,M,OK
PT22601978,1965,M,NE
PT87893311,1983,F,GA
PT43745807,1973,F,KS
PT75856818,1980,F,TX
PT50502394,1986,F,PA
PT10006710,1971,F,WI
PT26878834,1974,M,TX
PT59549345,1953,F,NE
PT58079951,1982,F,WA
PT83851347,1973,F,WV
PT27889089,1979,M,VA
PT10231764,1979,F,NE
PT84693157,1968,F,NH
PT60518728,1952,F,AR
PT82022920,1995,F,KY
PT25197666,1959,F,CO
PT16608356,1974,F,IN
PT82184669,1989,F,TN
PT32337096,1967,M,KS
PT65869108,1984,F,CT
PT97404266,1989,F,MT
PT16122690,1966,M,DC
PT73015371,1967,M,DE
PT53543278,1970,F,TN
PT20779947,1974,M,MO
PT50407803,1966,F,NH
PT53683611,1959,F,WY
PT95025400,1983,M,TX
PT16287127,1988,M,CT
PT83396359,1999,F,TN
PT37004968,1973,F,LA
PT43855553,1953,M,DC
PT18810645,1975,F,VT
PT59360730,1961,F,WI
PT77438558,1980,F,NE
PT38137968,1981,M,MT
PT77716677,1981,F,NV
PT63975773,1991,F,DE
PT68230992,1966,F,OK
PT81784641,1986,F,LA
PT62576400,1990,M,OH
PT74692592,1985,F,CA
PT49289763,1965,M,LA
PT26650802,1977,F,CT
PT34617366,1987,F,KS
PT76741392,1988,F,MI
PT57384208,1977,M,VA
PT93825098,1980,F,FL
PT73793609,1988,M,AR
PT97342097,1986,M,MA
PT34065226,1982,M,FL
PT97145054,1971,F,AR
PT19414330,1979,M,SC
PT41913798,1976,M,GA
PT43177494,1961,F,IN
PT81215908,1980,F,TX
PT32252472,1990,F,NY
PT80266276,1983,F,IN
PT47356704,1978,F,DE
PT75035792,1959,F,RI
PT18821963,1977,M,MS
PT16191055,1974,F,NC
PT21142899,1977,F,LA
PT37248098,1971,F,OK
PT11561128,1976,M,DE
PT79979785,1993,F,WY
PT69333339,1963,F,FL
PT21403810,1969,F,WA
PT28634077,1976,F,CA
PT51541912,1980,M,NC
PT69045803,2009,F,WA
PT69037570,1965,M,MD
PT53780548,1968,F,NJ
PT67585121,1976,M,MA
PT85226649,1967,M,WV
PT97115688,1959,F,WY
PT15013735,1998,F,MN
PT80414954,1963,M,UT
PT26847162,1985,M,MI
PT44268772,1996,M,FL
PT18095574,1990,F,NJ
PT29219878,1979,F,MS
PT62340898,2000,M,
PT71154193,1978,F,OR
PT42098882,1968,M,AK
PT31884061,1993,M,MT
PT72852641,1971,M,MS
PT72672086,1960,F,NH
PT74257026,1967,F,WI
PT86982620,1980,M,AL
PT90403895,1981,F,AR
PT51006847,1973,M,AZ
PT11419759,2010,F,SC
PT65943456,1967,F,MS
PT17772545,1970,F,TX
PT70914065,1974,F,ME
PT42611443,1989,M,DC
PT84947370,1985,M,CO
PT15225586,1972,M,AZ
PT24403438,1968,F,WA
PT93667278,1978,M,NH
PT64476690,1974,F,WY
PT22152069,1983,F,OH
PT96809054,1998,F,
PT52322714,1964,F,MO
PT20744655,1985,F,AK
PT12688462,1986,F,MA
PT71041253,1978,F,OR
PT92234906,1989,M,UT
PT32553613,1961,M,UT
PT79372181,1989,F,CO
PT55277872,1983,F,SD
PT28377523,1977,F,AR
PT59518050,1974,F,DE
PT95709575,1971,F,WA
PT73219521,1989,M,WV
PT21393714,1991,F,NJ
PT87921644,1984,M,ID
PT49972685,1971,F,ND
PT81702870,1976,M,MN
PT49164582,1982,F,MI
PT21150286,1967,F,TN
PT28395781,1978,M,WY
PT67850872,1980,F,KS
PT69628568,1980,F,TX
PT49430979,1986,F,NC
PT75498102,1991,F,NC
PT83607830,1980,F,VT
PT58441269,1962,F,KY
PT54581292,1985,F,NJ
PT99728306,1972,F,IL
PT55029429,1998,M,NV
PT36944822,1961,F,PA
PT10871428,1995,M,UT
PT63019460,1975,M,OK
PT16322820,1960,M,MN
PT57719335,1969,M,VT
PT25974829,1975,F,ID
PT43362957,1993,U,RI
PT73958600,1961,M,MS
PT67449561,1994,F,AL
PT75712574,1983,F,CT
PT11276440,2006,M,CA
PT56988385,1994,F,NH
PT61794976,1980,F,TX
PT93418243,1981,F,DC
PT31735487,1986,F,VA
PT83213985,1978,F,WA
PT46981210,1967,M,MN
PT30624675,1995,F,NY
PT27908657,1978,M,TN
PT98774427,1972,F,NH
PT19839282,1970,M,SC
PT54391265,1962,F,AZ
PT59027135,1977,F,TX
PT81864320,1970,F,MA
PT32509387,1996,M,NM
PT36024944,1961,F,SC
PT84924183,1974,F,GA
PT65645686,1980,F,SD
PT92332357,1993,F,WI
PT63394298,1954,M,DE
PT60775099,1980,M,OR
PT87945723,2005,M,NV
PT52576009,1964,F,MD
PT75618137,1969,F,WA
PT79653961,1983,M,IL
PT70545612,1974,F,TX
PT16665294,1968,F,MI
PT26497057,1978,F,MD
PT59978447,1964,F,MA
PT96739556,1993,F,ND
PT60144869,1962,F,MA
PT32155692,1962,F,IA
PT66344140,1969,M,GA
PT50306733,1992,F,MN
PT55033806,1987,F,OH
PT76038176,1987,F,WY
PT88568945,1984,F,AZ
PT93431883,1968,F,AK
PT72431810,1993,M,IA
PT13034278,1975,M,IA
PT30510128,1989,M,HI
PT44424663,1989,M,CT
PT10138491,1981,F,NC
PT76547733,1975,F,VA
PT77860178,1980,M,IN
PT95311643,1972,M,ME
PT83953688,1959,F,OH
PT49034412,1973,F,WY
PT64009851,1971,F,MN
PT53022112,1976,M,IL
PT55418508,1992,F,AZ
PT51582248,1981,F,MI
PT64162962,1976,F,DE
PT12485711,1995,F,NH
PT28184767,1966,F,UT
PT37822547,1977,M,FL
PT36724980,1977,M,ME
PT15968770,1987,F,OH
PT26872107,1960,M,VA
PT44071383,1973,M,PA
PT39381107,1997,F,TX
PT45517056,2005,F,NJ
PT79470192,,F,NJ
PT17694132,1986,M,NC
PT96454424,1968,F,UT
PT17160587,1993,F,MO
PT61302155,1970,F,MT
PT59895096,1976,M,IA
PT73208226,1967,F,KY
PT96819281,1972,F,SC
PT62193931,1974,M,MN
PT98626574,1954,M,OH
PT12495075,1962,F,ND
PT21836239,1994,F,NC
PT48490178,1982,F,FL
PT55255064,1960,M,NE
PT58681400,1981,F,IN
PT21414773,1983,F,NC
PT55428338,1984,F,OK
PT10319755,1972,M,MA
PT90045479,1971,F,TX
PT98373728,1979,M,IN
PT73452065,1991,M,VA
PT43466430,1981,F,MT
PT70486118,1973,F,IN
PT21921721,1970,F,MT
PT46020194,1970,F,TX
PT43766522,1984,F,MD
PT64681454,1983,F,AZ
PT73764192,1988,F,CT
PT93996627,1967,F,GA
PT76454879,1973,M,PA
PT71173712,1975,F,WA
PT48687181,1968,F,NE
PT93013827,1970,F,OH
PT78021096,1977,F,IL
PT52890548,1978,F,WV
PT74425040,2001,F,LA
PT90236126,1984,F,VA
PT61511122,1965,F,NH
PT34196952,1989,F,MI
PT65089645,1975,F,MO
PT22420115,1960,F,CT
PT71068230,1991,F,VA
PT25620069,2010,M,CA
PT99185113,1980,M,ND
PT60580587,1977,F,ME
PT59214005,1976,F,TN
PT43895240,1971,F,MS
PT60659165,1964,M,CA
PT68272410,1974,F,FL
PT58261279,1970,M,MD
PT69830041,1989,M,TN
PT16500783,1972,F,NJ
PT58392767,1960,M,SD
PT82723201,1957,M,ID
PT15373258,1977,F,GA
PT39398398,1978,F,MA
PT98199750,1978,F,OK
PT46874497,1960,M,IA
PT14310768,1975,F,NJ
PT49340399,1987,M,ME
PT37987825,1988,M,NJ
PT54406632,2010,F,WI
PT73834374,1974,F,RI
PT81326498,1977,F,DC
PT98577571,1986,M,KY
PT60584663,1982,F,PA
PT93227463,1988,F,SC
PT59669665,1981,F,WY
PT89911714,1956,F,NM
PT53225461,1993,F,PA
PT68632810,1999,F,WA
PT43198408,1994,M,OH
PT25338978,1961,F,IA
PT63430048,2004,F,VA
PT72149521,1993,M,NH
PT53120175,1960,M,IN
PT17455723,1986,F,AK
PT80708568,1970,M,MT
PT40512717,1989,M,GA
PT44743256,1988,F,KS
PT28084968,1978,M,MI
PT98040056,1989,F,ME
PT72607032,1966,F,UT
PT93509189,1962,F,NY
PT42948689,1993,M,HI
PT67930984,1962,F,RI
PT47974498,1969,F,VT
PT52207121,1977,M,MN
PT33641416,1991,M,DC
PT18042136,1975,M,FL
PT84532144,1971,F,OK
PT68869504,1978,F,NE
PT28021577,1977,F,DC
PT57890423,1971,F,HI
PT68946509,1961,F,NC
PT64217603,1956,F,NY
PT82221892,1981,M,NM
PT51930264,1973,M,KY
PT58809412,1961,M,MD
PT13452369,1961,F,TX
PT67943148,1959,F,DE
PT13239606,1961,F,MN
PT35164020,1978,F,NJ
PT52965428,1989,M,DE
PT76441629,1995,F,IN
PT28158966,1964,M,TX
PT97362329,1968,M,NE
PT35335979,1992,F,TX
PT74955178,1988,F,WV
PT85625113,1986,F,AZ
PT15533431,1976,M,IA
PT99260283,1973,M,SD
PT65252119,1995,F,ME
PT11390324,1982,F,NJ
PT51596954,1985,F,FL
PT41704793,1962,F,NV
PT67636873,1978,F,NC
PT46170660,1988,F,LA
PT28211675,1971,F,CT
PT75013672,2000,F,TN
PT63917726,1983,M,TN
PT48913075,1986,F,IL
PT93719914,1957,F,NV
PT75221001,1971,M,SD
PT12295865,1976,F,MD
PT19268039,1977,F,CT
PT47234790,1979,F,SC
PT39254173,1984,F,IN
PT52085499,1960,F,MS
PT30817557,1998,M,IN
PT63711141,1993,F,NE
PT63567047,1965,M,DC
PT92573596,1964,F,TN
PT41395048,1972,F,WI
PT39049400,1969,F,WA
PT45662406,1962,M,WY
PT42156504,1985,M,CO
PT54808760,1982,F,KY
PT80502134,1977,M,NJ
PT83529272,1971,F,CT
PT25395238,1988,F,MD
PT41809848,1986,M,MS
PT60847752,1993,M,TX
PT86360834,1995,F,TN
PT98264668,1978,F,NC
PT68100636,1962,F,GA
PT80434742,1988,F,NE
PT99562172,1969,F,AL
PT33405811,1957,F,SD
PT48919595,1989,F,SC
PT22545404,1961,M,MI
PT95808949,1981,F,AR
PT36093619,1974,F,HI
PT18955420,1964,F,DC
PT66478859,1960,M,KY
PT44608679,1987,M,VA
PT44786410,1967,F,SC
PT30513153,1983,F,NE
PT29523617,1980,F,ME
PT47930940,1960,M,WY
PT67373116,1994,M,TN
PT33503514,1983,M,NH
PT98652138,1965,M,MS
PT20874935,1975,M,NV
PT80339861,1973,F,PA
PT93116624,1967,F,VA
PT93861940,1968,M,RI
PT82037807,1982,F,PA
PT65165424,1979,M,IL
PT81310028,2002,F,NY
PT22921256,1982,F,ME
PT28276711,1980,F,NY
PT84682461,1985,F,MN
PT63750774,1985,M,DE
PT46887605,1955,F,WA
PT48278824,1973,F,IA
PT32553285,1997,M,OK
PT35199081,1991,F,MT
PT13704808,1960,F,NM
PT66653164,1984,F,MN
PT95537010,1988,F,KS
PT58244981,1981,F,NV
PT60347011,1980,M,MT
PT57935711,1984,F,KY
PT68560157,1974,F,MS
PT48587872,1971,F,DE
PT73958234,1960,F,AL
PT11381903,2007,F,MA
PT83023276,1969,F,WY
PT11230235,1979,F,NY
PT80287717,1970,M,VA
PT16054171,1997,F,ND
PT81126853,1981,M,PA
PT69163716,1982,F,OK
PT57110382,1966,F,NE
PT76447858,1973,F,OR
PT55436742,2006,F,IL
PT91322535,1981,F,DC
PT83758187,1983,F,
PT85725571,1968,U,NH
PT42935200,1966,M,KY
PT43441181,1969,M,MI
PT19459503,1992,F,ID
PT43550798,1970,F,RI
PT15683083,1974,F,GA
PT64894377,1981,F,OK
PT25452575,1972,F,NJ
PT11300063,1992,M,LA
PT84218550,1965,F,AK
PT31508248,1975,F,MO
PT33713411,1987,F,MT
PT38004288,1975,F,PA
PT31130495,1969,F,TX
PT99806496,1989,F,TN
PT79667741,1978,F,MS
PT74045906,1965,M,WY
PT33030708,1960,F,IL
PT42556224,1986,F,SD
PT72091509,1965,F,MS
PT41859824,1983,F,AK
PT25576694,1988,M,GA
PT15559866,1979,F,MD
PT39131339,1976,F,MI
PT88357759,1973,F,KY
PT96079380,1959,F,ID
PT57716561,1990,M,CA
PT67332995,1984,F,GA
PT61639528,1979,M,WV
PT49337363,1961,M,FL
PT43272399,1972,M,WA
PT58051251,1990,F,NY
PT30865068,1969,F,WA
PT49680661,1988,M,AZ
PT34282411,1966,F,ND
PT45291982,1974,F,NE
PT70552522,1973,F,IA
PT82324081,1969,F,AR
PT75357758,1989,M,SC
PT96284563,2007,M,MI
PT34394408,1984,M,WA
PT77208318,1977,M,NM
PT52998047,1972,F,VT
PT45635386,1983,M,NC
PT92822321,2004,M,AK
PT75962454,1974,F,NJ
PT68305377,1990,F,GA
PT28503941,1965,F,NE
PT70688085,1973,M,HI
PT17622238,1978,F,IN
PT77014968,1986,F,KY
PT94431931,1981,F,WV
PT34996995,1967,M,CT
PT74600420,1983,M,AL
PT23416896,1949,M,DC
PT80037256,1972,F,MI
PT29774352,1994,M,MA
PT51991154,1970,F,GA
PT31318933,1987,F,UT
PT20034398,1987,F,VA
PT86286788,1991,F,OR
PT86110971,1978,F,CO
PT52285470,1979,F,NY
PT66267894,1986,F,CO
PT79855054,1979,F,MD
PT74988435,1977,F,FL
PT76146239,1990,F,AR
PT69301368,1967,F,DC
PT47426530,1973,F,RI
PT89507432,1964,F,CT
PT42846309,1979,F,IN
PT36627593,1960,F,NE
PT90696138,1977,M,CT
PT37643044,1995,F,VT
PT91301243,1970,F,LA
PT49648377,1977,F,WA
PT61214469,1978,F,UT
PT12853388,1972,F,KY
PT64909927,1986,M,DE
PT22241955,1958,F,MD
PT58115612,1992,F,SD
PT22184689,1974,F,GA
PT76537819,1996,F,KS
PT64852730,1978,F,VT
PT88906950,1994,M,IL
PT23530948,1981,M,MT
PT33524283,1971,M,OK
PT61874816,1973,F,ME
PT87500573,1971,F,ME
PT32361205,1978,F,CO
PT14004606,1975,F,CT
PT68925209,1972,F,RI
PT74462052,1973,F,WA
PT60294028,1989,F,IA
PT34415376,1969,M,NH
PT83269863,1979,F,AK
PT19498441,1971,M,MT
PT10629410,1959,M,WV
PT80188971,1975,F,AK
PT45575306,1989,F,AL
PT20746638,2002,F,SC
PT16279558,1981,M,VT
PT22183781,1979,F,ND
PT90991641,1982,F,MA
PT36742680,1964,F,MO
PT39536173,1996,F,PA
PT30629334,1969,F,WV
PT13274185,1975,M,MA
PT15272711,1989,F,NY
PT28779759,1979,F,TX
PT76585966,1975,F,CA
PT27982706,1975,F,HI
PT12477261,1988,F,OK
PT25269265,1992,F,AR
PT19777075,1988,F,WY
PT45350943,2007,F,IA
PT77042973,1996,F,IN
PT67610897,1988,M,CT
PT42193627,1969,F,LA
PT41711897,1965,M,SC
PT38387499,1990,M,CO
PT59673767,1972,F,ID
PT10285801,1992,F,NJ
PT84843682,1992,M,TX
PT44218369,1979,M,MA
PT76587120,1990,M,ND
PT21237076,1978,M,SC
PT24282890,1967,F,HI
PT58974492,1961,F,IL
PT92941173,1986,M,KY
PT64934129,1983,F,CA
PT67582935,1984,F,OR
PT90888275,1989,F,OH
PT45839715,1969,M,FL
PT21820745,1974,M,NC
PT51578309,1961,F,UT
PT33609951,1979,M,NM
PT28139796,1961,F,NJ
PT43275120,1975,F,MT
PT71892450,1972,F,GA
PT93291821,1964,F,MN
PT44057781,1991,F,NY
PT21858782,1978,M,NM
PT56828740,1975,F,MN
PT78449824,1970,F,MS
PT57453594,1985,F,SC
PT47635343,1967,F,MD
PT41168441,1985,F,WY
PT14828912,1975,F,TX
PT17228945,1962,F,PA
PT38444758,1985,M,GA
PT48000733,1978,F,NY
PT29843345,1983,M,WA
PT56507387,1985,F,FL
PT91283030,1961,M,FL
PT49820308,1981,F,NM
PT12168129,1955,M,HI
PT66791405,1976,M,AR
PT85303228,1975,F,MS
PT64932040,1969,F,TN
PT83365677,1997,F,NV
PT72542246,1977,F,WI
PT33533649,1983,M,UT
PT98161529,1979,F,WA
PT37492215,1979,F,MS
PT79253817,1976,F,KY
PT72214825,1985,F,TN
PT83606731,1965,F,AR
PT17114920,1977,F,OH
PT14871258,1971,F,MS
PT34783781,1988,F,HI
PT64224839,1961,F,AK
PT19689927,1983,F,HI
PT84741534,1973,M,MT
PT56637150,1964,F,NE
PT72532461,1961,F,ID
PT57763903,1986,M,WI
PT55643566,1988,F,MN
PT14842180,1975,M,NH
PT51616267,1975,M,SC
PT23097250,1980,F,TX
PT83776523,1989,F,NC
PT47928027,1978,F,WV
PT11998502,1989,M,WA
PT99352804,1985,F,VA
PT52331763,1972,F,NH
PT23262403,1959,M,IA
PT29762910,1976,F,NY
PT54487255,1982,M,KY
PT95338775,1979,F,ME
PT52789546,1965,F,LA
PT87123285,1973,F,SC
PT81290764,2000,F,IL
PT54761386,1977,F,AR
PT63057254,1976,F,NM
PT89386250,1989,F,MS
PT79466788,1971,F,MT
PT95821480,1992,F,MN
PT75034653,1983,F,ND
PT36341310,1967,F,VA
PT93279481,1986,M,UT
PT48679263,1986,F,MT
PT98818769,1970,F,SC
PT79674313,1981,F,AZ
PT18167584,1973,M,WA
PT16832547,1984,F,WY
PT41753244,1960,M,VA
PT42943085,1968,M,HI
PT47819834,1976,F,WY
PT17848550,1961,F,VA
PT29597041,1977,F,SC
PT65322384,1968,F,FL
PT53446441,1978,F,AL
PT47342073,1988,M,MT
PT74180707,1986,M,WI
PT70853196,1977,F,ND
PT81913511,1981,F,NH
PT91409160,1992,M,IN
PT27850025,1980,M,WY
PT14254100,1969,F,TN
PT12496483,1975,F,LA
PT26638161,1991,M,TN
PT80481553,1986,M,MO
PT73201202,1965,F,DE
PT97162078,1995,F,MS
PT23835133,1990,M,AR
PT18142645,1988,F,NH
PT68342637,1977,F,OK
PT92995211,1980,F,VT
PT90645563,1978,M,MA
PT92601602,1965,M,OH
PT58836297,1984,F,AR
PT59807754,1976,F,IA
PT11016912,1977,F,WV
PT75431781,1980,F,TX
PT95052514,1966,F,FL
PT30562006,1959,F,NC
PT34219605,1959,F,OR
PT22942710,1994,F,NV
PT66979602,1983,F,GA
PT63847550,1975,F,OR
PT60379991,1974,F,NC
PT48854065,1988,F,AK
PT30587323,1972,F,IL
PT38560472,1977,F,TN
PT71250155,1969,F,RI
PT32132280,1956,F,AL
PT87543429,1981,M,NJ
PT52205950,1969,M,OH
PT46615096,1997,M,WA
PT24433032,1986,F,NE
PT96202289,1969,F,DE
PT49297944,1977,F,AR
PT16847247,1976,F,AL
PT69859944,1981,M,UT
PT86953184,1966,F,MA
PT76426093,1966,F,CT
PT94359699,1979,M,IL
PT81503754,1994,F,AR
PT83273445,1985,M,OK
PT86004882,1979,F,NE
PT36572529,1990,F,FL
PT86828202,1979,F,VA
PT85817015,1999,M,FL
PT12845172,2011,F,ND
PT80119984,1961,M,KY
PT36092840,2004,M,NH
PT38525036,1983,F,MA
PT61053713,1963,F,AR
PT80231247,1986,F,SD
PT29719828,1993,F,MD
PT63337052,1964,M,AK
PT35912164,1990,M,NC
PT19334821,1989,F,MD
PT16023471,1957,M,IL
PT49177433,1957,F,WA
PT66746101,1979,F,DC
PT92645811,1978,F,GA
PT10786488,1988,F,WI
PT13344471,1980,F,WV
PT21219237,1993,M,OR
PT65685533,1994,F,WI
PT17148777,1978,M,ME
PT65313241,1980,F,OR
PT77505617,1979,M,NJ
PT41079708,,F,IN
PT58770922,1964,M,NE
PT78864032,1983,F,WA
PT68884057,1973,F,OK
PT17867753,1959,M,VT
PT34240318,1973,F,TX
PT27929476,1986,F,GA
PT53189406,1973,F,LA
PT40700956,1965,M,AZ
PT12694271,1989,F,AZ
PT22809289,1963,F,KS
PT92256100,1968,M,LA
PT47274262,1975,U,MA
PT84114756,1984,F,OK
PT22189203,1984,M,FL
PT87752686,1963,M,MI
PT19558966,1986,F,AL
PT21024690,1976,M,GA
PT15738888,1992,M,DE
PT53478317,1982,F,MN
PT49215499,1975,F,SC
PT93249184,1967,F,ID
PT90995495,2000,M,ME
PT23141763,1996,F,MD
PT53880486,1994,M,MI
PT69118341,1978,F,AR
PT33521374,1964,F,OK
PT35980005,1989,F,ID
PT26993773,1973,F,ME
PT43383123,1960,F,
PT69604208,1980,F,WI
PT19223368,1968,M,SD
PT44147492,1982,F,NJ
PT88711393,1992,F,NV
PT36387372,1977,F,RI
PT80850241,1959,M,MT
PT52141543,1987,F,AR
PT30652821,1962,M,TN
PT41569217,1974,M,OH
PT49397044,1970,F,VT
PT99798120,1962,F,MS
PT89547453,1985,M,DE
PT68573065,1973,M,ID
PT59360577,1979,F,NV
PT92037813,1976,F,AK
PT41262607,1976,M,NH
PT47085925,1974,F,WV
PT49101418,1980,F,GA
PT64644974,1968,F,SD
PT50029690,1982,M,MA
PT63554995,1960,M,ND
PT92517812,1979,F,DE
PT35259259,1978,F,GA
PT51685613,1954,F,NE
PT65493661,1999,F,GA
PT65528640,1983,F,AL
PT93581975,1985,F,TX
PT48349369,1971,M,IL
PT39292357,1964,M,OH
PT93962309,1978,F,SC
PT24350535,1982,M,MD
PT73385533,1977,F,NH
PT47214066,1971,M,KS
PT58404076,1994,M,WV
PT78642302,1989,M,CO
PT36693410,1983,F,DE
PT72632355,1985,F,OH
PT87819543,1972,F,SC
PT24208608,1950,M,NM
PT64914782,1989,F,KS
PT65660347,1972,M,SC
PT44189837,2004,F,PA
PT78757634,1985,F,MA
PT86065329,1964,M,LA
PT69874247,2003,M,AK
PT39582639,1967,F,NJ
PT91711814,1965,M,LA
PT84280940,1955,F,ND
PT59597951,1978,M,WA
PT15517845,1980,F,RI
PT56527439,1953,M,TN
PT72784109,1973,F,TN
PT18098420,1995,M,NJ
PT18075284,1985,F,AR
PT55999696,1986,F,WV
PT47783463,1961,M,DE
PT55205585,1981,F,WY
PT81423772,1985,F,MN
PT92215319,1981,F,TN
PT19196675,1974,M,SC
PT71831831,1972,M,DC
PT13003034,1976,F,VA
PT61525703,1957,F,NC
PT93316903,1977,M,MN
PT41880315,1977,F,RI
PT95813565,1985,M,PA
PT22151846,1986,F,AL
PT62560300,1977,F,MN
PT52981994,1989,M,IL
PT39084555,1974,M,ID
PT24661885,2011,F,MA
PT60266936,1985,F,DC
PT79946837,1983,F,SC
PT93641953,1963,F,MA
PT36234281,1966,M,VT
PT11154837,1970,F,MA
PT60242312,1983,F,ID
PT95795421,1982,F,OK
PT84987206,1970,M,OK
PT37364723,1960,F,TN
PT47524817,1959,M,MO
PT97243622,1980,F,AR
PT84098438,1981,M,MN
PT54863671,1967,M,NE
PT27341444,1970,M,SD
PT44760866,1970,F,MO
PT56180302,1965,F,AL
PT84192951,1981,F,DC
PT79756194,1980,F,DE
PT29211805,1954,M,OR
PT86274692,1959,M,GA
PT10367252,1969,F,DC
PT36795500,1972,F,MA
PT62144541,1989,M,MN
PT91316793,1982,M,OK
PT20664262,1970,F,MD
PT44587838,2000,M,SD
PT29574897,1966,M,ME
PT37739395,1976,F,MO
PT47245867,1974,M,VT
PT55225474,1990,F,OH
PT41578228,1969,F,
PT55057367,1969,F,MO
PT43953913,1981,F,VA
PT51620253,1967,M,NM
PT51307824,1969,F,MN
PT35770249,1979,F,MD
PT65703642,1960,M,ME
PT70290146,1984,M,MO
PT46070870,1980,F,KY
PT27198143,1969,F,ME
PT33768412,1968,F,RI
PT73732074,1963,F,RI
PT33896982,1988,F,DE
PT72506218,1993,F,DE
PT30025445,1984,M,IN
PT35556136,1976,F,MI
PT73958035,1965,F,PA
PT22999025,1953,M,ID
PT21883224,1994,F,SC
PT78877859,1993,F,SC
PT21932878,1999,F,MN
PT28510874,1991,F,AR
PT79158626,1994,F,SC
PT68405206,1981,M,WV
PT57705601,1991,F,WV
PT54979319,1984,F,OK
PT30607016,1992,F,OK
PT29787867,1986,F,PA
PT17085693,1981,F,AZ
PT95318218,1999,F,DC
PT93499226,1972,M,IN
PT11111693,1963,F,MI
PT14244094,1971,F,IL
PT83693213,1968,F,PA
PT32259754,1973,F,SC
PT82874058,1971,U,DC
PT12321405,1976,M,NH
PT77085154,1975,M,FL
PT58976901,1960,F,WI
PT60778938,1966,M,CT
PT95126542,1979,M,CO
PT42310897,1985,M,WI
PT81673584,2000,F,SC
PT95285377,1979,M,CT
PT48927316,1975,F,CO
PT54696770,1963,M,NM
PT69759129,1986,M,SD
PT47856006,1989,M,LA
PT11976075,1960,F,AZ
PT36900695,1982,M,OH
PT92197889,1974,M,PA
PT18373088,1994,M,SD
PT63396055,2010,M,MA
PT25977307,1967,F,AL
PT85977300,2008,F,AZ
PT42735725,1972,M,PA
PT78974056,1960,F,VT
PT18712083,1974,F,CO
PT33311832,1952,F,MN
PT21836288,2000,M,LA
PT16401939,1985,F,SD
PT46034482,1972,M,NM
PT51513309,1971,M,TN
PT51258727,1982,F,AR
PT74235517,1990,M,NE
PT68431653,1967,F,NE
PT29237130,1979,F,SC
PT90506733,1966,M,KY
PT17669793,1993,M,CO
PT28944412,1959,F,TX
PT10418139,1977,M,NH
PT58666128,1976,F,LA
PT67970017,1980,F,AZ
PT90196326,1994,F,VA
PT11033084,1986,F,AK
PT92991246,2001,M,
PT47689953,1978,F,SC
PT62893412,1978,M,WY
PT77715253,1978,M,FL
PT49665329,1965,M,DE
PT88246886,1972,F,SD
PT30146915,1993,U,SD
PT72998242,1992,M,KY
PT42834686,2001,F,GA
PT27990153,1969,M,MS
PT78584448,1956,F,WY
PT65000851,1982,M,WI
PT53838685,1981,F,MS
PT40854085,1993,F,CT
PT24808386,1969,F,PA
PT89438922,1982,F,IA
PT28444625,1974,M,WY
PT34232093,1981,F,TX
PT33563812,1969,F,NM
PT66128445,1974,F,AR
PT80872777,1983,F,CT
PT53349488,1984,F,MT
PT46711828,1991,F,NJ
PT28222013,1980,F,NC
PT18284503,1996,F,TN
PT93240758,1982,M,MD
PT40284647,1966,M,AR
PT51131848,1984,F,NM
PT26195239,1966,M,RI
PT80794297,1978,M,DC
PT78883689,1963,F,WI
PT54809689,1976,M,CO
PT48219848,1987,F,VT
PT25083331,1960,F,AZ
PT93032439,1966,F,KY
PT45162363,1991,M,NJ
PT90838295,1999,F,AR
PT69576825,1979,M,MD
PT74045496,1986,F,GA
PT48201880,1980,F,AR
PT15229698,1984,M,CA
PT82416971,1976,M,DE
PT14528693,1970,M,DE
PT76918211,1980,M,MD
PT47129338,1963,M,TN
PT51046391,1990,F,MD
PT72002744,1983,F,NC
PT74507378,1972,F,OR
PT97924332,1961,M,NY
PT47508675,1951,F,WA
PT14663763,1970,M,AR
PT45555830,1974,M,NJ
PT48898817,1985,F,AK
PT89048260,1960,F,AK
PT84198963,1959,F,RI
PT92774153,1973,F,NV
PT60599033,1960,F,NE
PT71662698,1985,F,TN
PT73255955,1952,M,RI
PT27932576,1997,F,TN
PT99616842,1982,F,KY
PT63129003,1967,F,CT
PT45048665,1984,F,MA
PT48120173,1958,M,MN
PT81387907,1965,F,CA
PT47776521,1978,F,IL
PT11106369,1968,F,MO
PT50399069,1984,M,AR
PT98856847,1969,F,MN
PT34216561,1982,F,ME
PT89600071,1983,F,WI
PT70884985,1996,F,ME
PT73348183,1964,F,DE
PT98128666,1985,F,CA
PT20669862,1964,F,NH
PT43552433,1972,F,IL
PT57685100,1994,F,OK
PT85887145,1981,F,KY
PT94703877,1991,F,IL
PT19765778,1977,F,MS
PT56970098,1960,F,OK
PT23594835,1979,M,KY
PT41236976,1975,F,NC
PT17902885,1984,F,FL
PT97719912,1971,F,WY
PT87175488,1978,F,IA
PT46837650,1954,M,HI
PT18140644,1985,F,TN
PT17329945,1995,F,OH
PT56069184,1963,F,VT
PT78664218,1986,F,DC
PT92194810,1982,M,NC
PT18463483,1981,F,NC
PT19326314,1984,M,FL
PT39075215,1984,F,OR
PT21690399,1989,F,SC
PT96917084,1998,F,ID
PT63821747,1985,M,CT
PT79243107,1975,F,MT
PT82713031,1991,F,KS
PT42406582,1988,M,AZ
PT51212080,1976,F,FL
PT89986529,1964,M,MI
PT98340968,1972,F,NE
PT63429292,1976,F,MD
PT71464367,1965,M,NH
PT81195933,1986,M,ND
PT42184629,1977,F,NC
PT99169112,1974,M,CT
PT20184638,1968,F,ME
PT19005047,1981,M,NJ
PT46514974,1974,F,NY
PT34812157,1958,F,MS
PT56950442,1971,F,WV
PT89104957,1985,F,NV
PT35007945,1970,F,AL
PT85351578,1991,F,MA
PT94496700,1968,M,MI
PT84601772,1985,F,CO
PT32187317,1983,M,IA
PT79997574,1968,F,NJ
PT52647721,1975,F,ME
PT26570778,1976,M,NJ
PT45916852,1990,M,TN
PT89624159,1960,M,MS
PT40719437,1976,M,WY
PT13901194,1976,F,LA
PT22594804,1963,M,ND
PT40394164,1974,F,CT
PT32196641,1974,F,NY
PT34767043,1960,F,DC
PT65199610,1998,F,AZ
PT82780194,1973,F,MN
PT10488724,1969,M,CO
PT13857270,1969,M,SC
PT31675858,1976,M,AR
PT83822288,1960,M,ND
PT90484704,1971,F,DE
PT57484757,1966,M,KY
PT27800082,1981,M,ME
PT61164776,1986,M,ME
PT14399931,1983,F,DE
PT80040954,1954,M,ID
PT33736252,1986,M,FL
PT23925060,1964,F,ID
PT66473439,1984,M,SD
PT90682287,1963,F,VA
PT92810036,1981,F,NE
PT49155571,1955,F,
PT36674209,1983,M,DE
PT58419595,1976,F,KS
PT85799691,1978,F,FL
PT99781695,1982,M,CO
PT16354510,1975,M,GA
PT50276601,1982,F,AK
PT59898945,1978,M,MT
PT23734710,1986,F,OH
PT94385249,1969,F,NC
PT54388762,1981,F,MA
PT61703297,1973,M,NM
PT85379704,1958,F,AR
PT16060367,1967,F,NC
PT46156291,1994,F,MD
PT95557079,1965,F,WV
PT76216759,1985,F,SD
PT28863522,1971,F,MS
PT64664839,1992,F,AR
PT31166049,1970,M,NC
PT14701943,1966,M,WV
PT45358592,1984,F,MO
PT36179340,1975,F,AR
PT21304546,1979,M,OK
PT31866241,1975,F,DE
PT20723372,2003,F,AZ
PT56282209,1960,F,ME
PT65044103,1978,F,CO
PT70943154,1986,M,UT
PT87125015,1971,F,WV
PT88778864,1973,F,WY
PT46109474,1979,F,DC
PT92030423,1974,M,AR
PT63781260,1975,F,CA
PT58835817,1976,M,MA
PT94956692,1961,F,IL
PT80158442,1961,F,AL
PT51893381,1963,M,AR
PT67100401,1996,F,UT
PT15914462,1993,F,OK
PT87131230,1979,M,IL
PT39072604,1987,F,MD
PT33419889,1982,M,WI
PT45283102,1989,M,VT
PT24741854,1987,M,AL
PT60048792,1979,M,WV
PT37600450,1955,M,WV
PT74354155,1961,F,CT
PT30821247,1966,F,WA
PT94660451,1979,M,NV
PT91610362,1965,M,NH
PT63545665,2010,M,ME
PT85280300,1961,F,MA
PT64907153,1975,F,NM
PT20420773,1977,F,PA
PT95168686,1967,F,DC
PT64076242,1974,F,ME
PT16859694,1981,F,NC
PT61167267,1974,F,WI
PT77056403,1968,M,NE
PT76056518,1996,F,AK
PT58287929,1988,F,PA
PT41399992,1960,F,HI
PT43098841,1984,F,IL
PT46267751,1959,M,NM
PT25381758,1984,M,VT
PT41337386,1977,M,NV
PT45087651,1961,F,ME
PT12781049,1990,F,MI
PT50800586,1979,F,OR
PT83473927,1972,F,AR
PT65011395,1987,F,ID
PT83689318,1996,M,AZ
PT77086628,1983,M,NH
PT30107061,1976,F,NC
PT62434373,1986,F,UT
PT13927760,2006,F,NC
PT18429397,1969,F,GA
PT68478403,1995,F,ND
PT69613189,1965,F,WI
PT67428544,1962,F,AL
PT83445609,2006,M,AK
PT82551630,1985,F,NV
PT54105869,1986,F,MD
PT98201059,1963,M,PA
PT55026292,1977,F,MI
PT89651761,1973,F,NJ
PT77998814,1984,M,IA
PT54567171,2003,F,WY
PT95485698,1972,F,NH
PT49283677,1983,M,IA
PT44682822,1998,F,DC
PT89017431,1981,F,NY
PT86158758,1972,F,MT
PT20878577,1978,F,MT
PT44542330,1977,F,NM
PT82739814,1991,M,MS
PT55449526,1972,F,AZ
PT55935845,1989,F,FL
PT43198571,1966,M,UT
PT18897305,1967,F,MI
PT88708877,1967,F,MT
PT41883884,1992,F,WY
PT13682230,1978,F,CT
PT45256941,1970,F,WV
PT48466958,1980,F,AR
PT75703559,1988,F,HI
PT30733260,1986,M,VT
PT57490892,1989,F,DC
PT38480923,1976,F,WV
PT14547658,1963,F,FL
PT67111886,1966,M,KS
PT46047918,1974,M,OK
PT30045377,1990,F,KS
PT69652913,1977,F,MD
PT33563550,1978,F,NE
PT53384850,1985,M,PA
PT84979661,1997,M,PA
PT93326634,1988,M,IL
PT90245358,1979,M,FL
PT66946280,1984,F,MA
PT74944842,1971,M,NY
PT41851131,1972,M,IL
PT64944857,1988,F,IL
PT35045761,1995,F,PA
PT17112909,1985,M,MO
PT31308737,1982,F,LA
PT59941821,1974,F,ID
PT17316669,1980,M,SC
PT37271423,1950,M,SC
PT16934220,1985,F,NY
PT66046205,1985,F,MD
PT99284054,1966,F,NE
PT28109907,1968,F,IL
PT82223418,1992,F,TN
PT24220666,1976,M,VA
PT93947034,1974,M,CA
PT95759409,1980,F,UT
PT27778119,1970,F,NM
PT81554739,1970,F,RI
PT22595308,1980,F,SC
PT85720488,1969,M,NM
PT90735833,1971,F,MI
PT93734033,1991,M,FL
PT55785079,1986,F,WV
PT11349109,1975,F,WI
PT95824846,1983,M,SD
PT32319600,1973,F,AK
PT43355310,1994,M,RI
PT85278604,1991,M,TX
PT86375488,1961,F,LA
PT92234392,1970,F,KY
PT71137917,1986,F,CO
PT98993436,1980,M,VT
PT90932915,1960,M,WY
PT57205906,1962,F,NJ
PT45516550,1990,M,DE
PT92437577,1986,F,NY
PT16524052,1972,F,IN
PT25826092,1969,F,NH
PT64213884,1991,M,DC
PT30510657,1959,F,KS
PT25520346,1961,M,FL
PT94621434,2011,F,CA
PT37272224,1992,F,VA
PT53460592,1984,F,SD
PT23217860,1984,M,OR
PT52905533,1987,M,ME
PT83851030,1978,M,KY
PT69652567,1976,F,TX
PT53389222,1980,M,WV
PT56531611,1988,F,VT
PT62724049,1964,F,MD
PT20064720,1998,F,ME
PT48705538,1998,F,MN
PT82231120,1971,F,AK
PT13462576,1970,M,NE
PT11023373,1984,M,NV
PT88804661,1966,M,OH
PT68695961,1979,F,NH
PT42990925,1975,M,MT
PT35590955,1984,M,IN
PT44057781,1991,M,NY
PT39425048,1977,F,LA
PT64793835,1988,M,MO
PT15482932,1981,F,UT
PT31233304,1965,M,MN
PT43121367,1988,F,FL
PT92752777,1983,F,KY
PT53788454,1991,F,MS
PT69683976,1976,F,IN
PT42260667,1995,F,OR
PT29629664,1980,F,MS
PT46688959,1975,M,MS
PT32821491,1981,M,NM
PT50842475,1966,F,ND
PT37331018,1960,F,TN
PT66059506,1971,F,UT
PT28696010,1961,F,ME
PT64458006,1998,M,MT
PT43830377,1977,F,ID
PT21631602,1986,M,DC
PT27246627,1994,F,KY
PT39038519,1992,F,ID
PT67629925,1992,F,AL
PT68905805,1982,F,ND
PT63941205,1983,F,AL
PT90408638,1979,M,SD
PT19410461,1963,F,OR
PT64892940,1988,F,MO
PT91793392,2003,F,ME
PT56313599,1975,F,HI
PT52929134,2005,M,DC
PT26184230,1983,F,WI
PT24631171,1976,M,NM
PT28257618,1994,M,WI
PT69883735,1976,F,KS
PT75877807,1978,F,NC
PT13263789,1974,F,KY
PT17657891,1988,F,IN
PT77123044,1963,M,DE
PT26209237,1991,F,DE
PT44939650,1968,F,LA
PT69220936,1984,M,OK
PT61883408,2003,M,PA
PT55680885,1968,F,WA
PT64893228,1961,M,CO
PT14601522,1989,M,WA
PT19447890,1989,F,KS
PT62792610,1977,M,FL
PT23472058,1981,M,WV
PT81526104,1964,M,DC
PT82591261,1981,F,IA
PT74316391,1972,F,MI
PT85945437,1961,M,VT
PT97267721,1973,F,KY
PT55452065,1980,M,TN
PT80120273,1976,F,ND
PT93135025,1977,F,NJ
PT40364483,1967,M,NC
PT63959765,1981,M,LA
PT89054656,1972,F,DE
PT31565211,1975,F,MN
PT35455513,1962,F,ME
PT30565587,1966,F,TX
PT99953246,1960,M,WV
PT42855058,1987,F,IL
PT85715085,1978,F,DE
PT59023492,1976,F,SC
PT88679710,1991,M,MI
PT43529216,1966,F,WV
PT45702029,1966,M,AL
PT53225308,1973,M,SC
PT44215733,1982,M,ME
PT84174770,1980,F,OH
PT28400977,1968,M,VA
PT45801517,1981,M,RI
PT44967197,1972,M,AZ
PT70890151,1996,F,OH
PT64491610,1971,F,CT
PT45539326,1973,F,VA
PT71759465,1984,F,NJ
PT88470342,1999,M,SD
PT43471197,1987,F,SD
PT59241990,1989,F,ME
PT75695651,1972,M,OR
PT10928332,2003,F,MN
PT71376373,1968,F,SC
PT22343099,1987,F,VA
PT65128354,1966,F,GA
PT90017837,1965,F,GA
PT37034690,1982,M,AK
PT99803252,1967,F,LA
PT26168584,1973,F,IL
PT94130806,1970,M,NJ
PT30268319,1960,F,MT
PT49420875,1978,F,AL
PT89018516,1974,M,MA
PT31806635,1959,M,NV
PT62047504,1986,F,MD
PT74770442,1975,F,LA
PT93825532,1997,M,NM
PT95797366,1982,M,DE
PT59163415,1978,F,ME
PT45912652,1982,F,OH
PT65625623,1973,M,AK
PT37761887,1986,F,IN
PT98571872,1977,M,KY
PT99351543,1977,F,TX
PT51724174,1985,M,LA
PT35319445,1961,M,AZ
PT49427563,1959,F,CA
PT43650751,1977,F,NE
PT72580473,1980,M,OK
PT63570129,1973,F,ME
PT17176240,1965,F,MI
PT46602288,1980,F,IL
PT83733536,1997,F,NV
PT63929677,1982,F,KS
PT49123208,1968,F,IA
PT64191315,1978,F,VA
PT73410492,1980,M,VA
PT98691012,1984,M,NE
PT71165565,1986,M,HI
PT90290863,1961,F,KY
PT19750745,1981,F,MA
PT41390473,1976,F,KY
PT96095889,1979,F,ND
PT81131925,1981,F,MT
PT29243173,1990,F,PA
PT16729696,1976,F,NH
PT79381346,1979,M,TN
PT81015551,1960,F,AR
PT31780902,1987,U,IA
PT50487517,1994,F,ME
PT39502607,1976,F,IL
PT86514933,1975,M,CT
PT39640736,1988,F,IN
PT61562421,1977,M,MI
PT33556430,1996,M,AL
PT54437961,1978,F,CT
PT11065983,2006,F,LA
PT93097944,1981,M,NH
PT77130782,1967,M,CA
PT69355859,1998,F,SD
PT10796181,1975,F,ND
PT65641231,1986,U,MO
PT76026788,1969,F,MI
PT55805808,1982,F,UT
PT98643342,1989,F,KY
PT97715606,1966,F,WI
PT51675419,1968,F,WV
PT69497350,2009,F,TN
PT66678662,1979,F,CA
PT32335138,1973,F,MA
PT22131464,1993,F,IA
PT41697292,1991,F,GA
PT81546106,1974,F,MT
PT83770235,1979,F,NJ
PT37279956,1974,F,WV
PT16995007,1983,M,VT
PT31288713,1991,M,NH
PT88736757,1971,F,MD
PT45212921,1985,U,IN
PT96881673,1985,F,MA
PT85791713,1979,F,SD
PT29137420,1980,M,AZ
PT45986465,1974,F,RI
PT83726258,1968,M,OK
PT90715644,1964,F,FL
PT20705674,1967,F,IA
PT22738643,1989,M,CT
PT68944229,1975,M,NM
PT35299274,1973,F,NC
PT40256429,2003,F,WV
PT25237276,1975,F,SD
PT19443087,1974,M,VA
PT54176030,1960,M,MT
PT21701110,1973,F,MS
PT14880523,1974,M,NY
PT15477210,1977,F,NH
PT57801788,1978,M,TN
PT62338145,1985,F,WV
PT94748831,1963,F,DE
PT10428212,1986,M,NH
PT75467575,1985,F,TN
PT10383755,1979,F,MD
PT67191908,1964,F,IA
PT59002307,1988,F,TX
PT60419523,1980,F,PA
PT70201198,1993,F,GA
PT51411595,1974,M,OR
PT65187989,1969,F,DE
PT70310512,1980,M,MS
PT47467879,1984,M,WV
PT76113129,1986,F,GA
PT23190710,1994,F,IL
PT28561489,1969,F,MS
PT36514887,1975,M,TX
PT88650368,1966,F,ME
PT80070967,1972,F,NJ
PT62202518,1980,F,GA
PT57239366,1959,F,FL
PT68316050,1960,M,SD
PT42665694,1973,F,CO
PT23955147,1975,F,WI
PT32114129,1970,M,NC
PT28622094,1988,F,AL
PT50182461,1995,F,ND
PT39391880,1975,F,OH
PT68670169,1975,F,GA
PT66572077,1967,F,WV
PT77583296,1998,M,WY
PT59214808,1980,M,AZ
PT13526887,1968,M,SD
PT76091971,1982,F,WV
PT87676749,1976,F,OK
PT59825484,2004,M,HI
PT37435718,1961,F,IN
PT20404078,2000,F,VA
PT10096895,1986,F,LA
PT98934276,1981,M,ND
PT43346453,1993,F,KS
PT58249105,1963,F,MD
PT94923700,1988,M,DE
PT12364846,1965,F,WY
PT71931011,1958,F,AR
PT13710334,1990,F,IA
PT96386422,2011,F,SC
PT40462981,1969,M,MO
PT74089807,1997,M,ME
PT19831604,2002,F,MO
PT45327916,1991,F,
PT25462115,1979,F,MD
PT94744226,1964,F,MN
PT93067526,1987,M,VA
PT46242843,1994,F,MS
PT16953125,1978,F,MA
PT12397915,1961,F,MI
PT18259772,1975,F,GA
PT38678974,1972,M,VA
PT69545329,1980,M,CO
PT53711522,1983,F,ME
PT85114592,1979,F,AZ
PT57230865,1995,F,SC
PT51288107,1952,F,VT
PT12193379,1962,F,AZ
PT46252744,1974,F,AR
PT63078096,1982,M,AR
PT72120252,1961,M,CO
PT96337457,1995,F,WA
PT97494525,1981,F,PA
PT99115240,1980,F,SC
PT93989437,1965,F,WI
PT22895135,1969,F,FL
PT38873560,1981,M,CT
PT21634577,1985,F,AZ
PT41021799,1976,M,LA
PT24019279,1999,F,IL
PT58326241,1968,F,KY
PT50449384,1967,M,OK
PT85391272,1986,F,OH
PT13538943,1981,M,WV
PT89841175,1959,F,IL
PT51759525,1979,F,MI
PT72203241,1970,F,RI
PT65485906,1984,F,KS
PT96412514,1961,F,WA
PT39434712,1970,F,SC
PT24617021,1970,F,AL
PT96378873,1968,M,NC
PT63768270,1977,F,ND
PT93945247,1998,F,ID
PT33487749,1965,M,SD
PT95183043,2000,M,ID
PT56000101,1980,F,AZ
PT34852841,1972,M,NY
PT95598089,1992,F,OR
PT85217126,1977,M,DE
PT95342056,1973,F,NE
PT13676336,1970,F,MT
PT99644424,1985,U,CA
PT74425645,1991,F,RI
PT67676549,1961,F,AL
PT62325831,1982,F,TX
PT59491473,1999,M,NH
PT57467698,1975,M,ME
PT17267867,1987,F,SC
PT76203678,1992,F,SD
PT12298216,1984,M,SD
PT43153288,1980,M,TX
PT86848730,1977,M,MO
PT61001774,1963,F,MA
PT27580248,2001,F,KY
PT23735239,1961,M,WV
PT69539512,1987,F,RI
PT47099524,1979,M,NY
PT89776414,1987,F,MO
PT65911612,1962,F,IL
PT74062875,1963,F,IA
PT47295813,1973,F,OK
PT46049284,1987,M,OK
PT60655273,1982,M,WV
PT50335065,1984,M,NJ
PT57840532,1982,F,PA
PT80915621,1974,F,VA
PT43795440,2004,F,OK
PT73411213,1979,F,TX
PT69969548,1968,F,SC
PT61805267,1984,M,KY
PT54965483,1970,F,WY
PT47547600,1973,M,NY
PT14896004,1980,F,IN
PT61875204,2006,F,WA
PT33844839,1962,F,WV
PT80834360,1960,F,PA
PT77158505,1972,F,NJ
PT92790513,1959,F,MD
PT64205094,2003,F,AL
PT65193244,1971,F,DC
PT47625168,1962,M,PA
PT46297334,1987,M,ND
PT45266960,1985,F,CA
PT35519645,1998,F,IL
PT17115187,1980,M,CO
PT10230283,1982,F,MT
PT62461793,1978,F,OH
PT56034982,1974,F,DE
PT35176806,1987,F,IL
PT68719168,1973,F,TN
PT95528571,1978,F,OK
PT12304661,1970,M,MS
PT52517915,1965,F,TN
PT31932340,1975,M,UT
PT81071497,1973,F,NY
PT72126154,1985,M,NV
PT54914620,1960,M,WV
PT18758257,1985,F,AR
PT64922240,1988,M,GA
PT41986332,1983,M,WA
PT53082587,1979,M,PA
PT96703914,1963,F,DE
PT80316998,1985,F,RI
PT11240663,1964,F,NV
PT21318544,1974,F,IA
PT20298744,1983,F,SC
PT72322154,1965,F,NJ
PT98808870,2008,F,AK
PT31527662,1982,M,HI
PT68883461,2005,M,NC
PT87636677,1968,F,DE
PT49449125,1991,M,NV
PT78543011,1973,M,AR
PT73963522,1987,F,WI
PT30615871,1974,F,SD
PT11602739,1960,M,KY
PT39670627,,M,LA
PT94561431,1967,M,ME
PT75356394,1981,F,DC
PT79770874,1970,F,MO
PT69469605,1979,F,OH
PT60109218,1973,F,PA
PT83427151,1994,F,MD
PT83301798,1970,F,ME
PT67490417,1980,F,WA
PT34040278,1987,F,NH
PT45287369,1982,F,IA
PT96347639,1971,F,MD
PT84968228,1956,F,CT
PT60109430,1969,M,AZ
PT79421452,1963,M,VA
PT44876662,1976,F,DC
PT88695167,1965,M,ND
PT95174448,1992,F,NV
PT10401999,1992,F,MN
PT66565113,1990,F,TN
PT93512917,1970,F,VT
PT70592640,1978,M,MS
PT61191483,1984,M,WY
PT44202340,1973,F,TX
PT85093581,1969,M,KY
PT77750555,1978,M,TX
PT48362908,1974,M,AR
PT46168933,1971,F,ME
PT43728366,1978,M,AZ
PT43743053,1960,F,WY
PT95630301,1984,F,MA
PT94151507,1962,M,MA
PT50126028,1997,F,TX
PT67151720,1969,F,IA
PT14642483,1976,F,CO
PT80712926,1982,F,AZ
PT14732726,1960,F,TN
PT47509215,1978,F,
PT69386598,1962,M,IL
PT76095369,1981,M,MT
PT81409191,1993,M,MD
PT33432292,1996,F,UT
PT81417492,1980,F,MT
PT79580769,1976,M,AL
PT29559599,1985,F,WA
PT47698130,1964,F,KY
PT81171784,1997,M,DE
PT37781770,1969,F,KY
PT35092338,1974,F,CO
PT61755351,1979,F,TX
PT43566970,1980,F,LA
PT73751194,1976,F,DC
PT79601173,1978,F,CT
PT29684903,1966,M,LA
PT52987061,1982,F,WV
PT52498728,1986,F,KY
PT11342215,1974,F,AR
PT19431002,1976,F,RI
PT83766396,2011,F,TX
PT76875472,1981,F,CT
PT17172036,1976,M,MT
PT97625982,1973,F,CA
PT57993254,1986,F,AL
PT91392044,1973,F,WV
PT15082965,1979,M,NC
PT49895333,1976,F,IN
PT71067872,1989,F,TX
PT22874469,1984,F,DC
PT56972338,1982,M,KY
PT57052087,1991,F,WA
PT10853429,1971,F,TX
PT30188528,1959,F,TN
PT32475204,1974,M,IL
PT84306745,1958,F,DE
PT36248880,1961,F,LA
PT38777965,1985,F,MO
PT89740424,1984,F,MT
PT86018860,1984,M,HI
PT32041062,1992,M,OK
PT77883463,1976,M,MN
PT24990061,1982,F,NE
PT45917533,1980,F,DE
PT19369426,1975,F,MD
PT63437831,1965,F,MS
PT76431929,1982,F,SC
PT73536156,1987,F,SD
PT38964830,1994,M,FL
PT38094392,1981,F,CO
PT52870814,1994,F,OH
PT39724165,1978,M,DC
PT12775714,1982,F,ME
PT52624510,1995,F,UT
PT15611603,1964,F,OH
PT42925983,1974,M,MO
PT99415806,1983,M,IN
PT96777830,1956,F,IA
PT38055713,1986,F,CO
PT73830268,1983,F,MD
PT89817597,1968,F,TN
PT51563367,1977,F,FL
PT76701079,1987,F,KY
PT53527156,1980,F,PA
PT40493964,1978,F,ME
PT41819765,1981,F,NE
PT93294957,1960,F,VA
PT29877215,1986,F,WV
PT77692638,1960,F,ND
PT82074892,2010,F,ME
PT86458460,1965,F,WV
PT67117794,1969,F,OR
PT32688085,1978,F,NJ
PT42603258,1968,M,ND
PT42040907,1985,F,NC
PT86768350,1978,F,ID
PT57822459,1965,F,OK
PT70391204,1977,F,WY
PT25025605,1962,F,CO
PT33321853,1960,F,WY
PT23709108,1994,F,MN
PT26115715,1969,F,NM
PT56879732,1963,M,MD
PT28882811,1975,F,ID
PT15901157,1966,F,VT
PT84208501,1991,F,MD
PT45677775,1972,F,AK
PT58136036,1963,F,OR
PT93903432,1964,F,NC
PT46760475,1992,F,GA
PT64072457,1976,M,OK
PT10806144,1973,M,CA
PT53251825,1963,M,DC
PT18156739,1976,F,CA
PT33382753,1981,F,FL
PT46237232,1979,M,FL
PT26062355,1988,F,AR
PT14479072,1987,M,TN
PT32129826,1971,M,KY
PT24950637,1981,F,CO
PT54952521,1980,F,LA
PT27509851,1976,F,LA
PT94119232,1962,F,TX
PT21033071,1971,F,CO
PT44502553,1973,M,VA
PT95124959,1983,M,SC
PT48818251,1960,M,NY
PT65070871,1979,F,TN
PT75662707,1980,F,MT
PT85495921,1980,F,GA
PT77345709,1986,F,DC
PT65733268,1985,F,ID
PT69049703,1973,F,PA
PT54454328,1979,F,OH
PT53825808,1964,F,MN
PT65251644,1967,M,CO
PT10947303,1979,F,AZ
PT68606381,1968,F,GA
PT42288519,1990,F,WV
PT80926814,1973,F,MD
PT99064500,2002,F,KS
PT93901838,1969,F,MD
PT80341900,2005,M,IN
PT69011345,1961,F,WV
PT38766409,1978,F,KS
PT44235917,1969,F,WV
PT41406473,1988,M,DC
PT31036622,1975,F,OK
PT78477879,1994,F,NJ
PT31791203,1978,F,WY
PT33491218,1961,F,NJ
PT47457348,1981,F,GA
PT57103475,1987,F,NY
PT82224892,1974,F,NV
PT30457485,1972,F,SC
PT52538356,1974,M,AK
PT44376330,1978,F,FL
PT67778044,1987,M,UT
PT42489333,1975,F,CA
PT96566703,1987,M,LA
PT10626683,1982,M,MN
PT20236772,1980,F,ID
PT19589107,1990,M,AR
PT90965965,1990,F,HI
PT16361685,1975,F,GA
PT80067163,1959,F,AK
PT86586749,1973,F,WY
PT45298015,1972,M,NV
PT61080699,1983,F,IL
PT65642207,1978,F,FL
PT21460646,1981,M,TN
PT15019012,1978,F,ND
PT36875310,1994,M,GA
PT35603171,1967,M,SC
PT25368387,1971,F,VA
PT12174541,1981,F,WY
PT98023419,1968,M,KY
PT90097033,1994,F,
PT94588007,1985,F,MI
PT59874032,1956,F,MO
PT42474302,1963,F,NM
PT44134244,1971,F,FL
PT34841911,1994,F,LA
PT38596086,1976,F,UT
PT15131594,1978,F,IL
PT27801974,1982,M,FL
PT85419869,2002,M,MD
PT77131183,1960,M,MS
PT72188630,1997,F,NM
PT51235430,2002,F,ME
PT12893456,1980,F,WI
PT60716099,1976,F,CT
PT39562693,1978,F,ND
PT24061128,1989,F,UT
PT46803890,2000,F,DC
PT21147308,1977,F,NH
PT37537308,1979,F,MA
PT51258231,1981,M,CA
PT26526703,1982,M,NJ
PT30011430,1977,M,MA
PT28019597,1998,F,IA
PT38115650,1974,F,NE
PT74904483,1971,F,OH
PT32973106,1971,F,NH
PT63663564,1990,F,NY
PT59067909,1966,F,AL
PT91260259,1983,M,DC
PT60828244,1961,F,CO
PT20509458,1995,F,VT
PT87362597,1979,M,TX
PT71468842,1985,M,MO
PT70576518,1976,F,SD
PT61809532,1989,M,MS
PT33853865,1961,F,MS
PT63915142,1954,F,MI
PT82567407,1992,F,ME
PT68914974,1982,F,LA
PT81366672,1972,F,RI
PT43082199,1982,F,WI
PT44326028,1981,F,WV
PT74428132,1976,F,KS
PT65255768,1968,M,TX
PT29203790,2007,M,AR
PT88792603,1981,M,NC
PT20596557,1972,M,ME
PT71831441,2000,M,LA
PT74632465,1987,F,MT
PT17154330,1970,F,NH
PT92339599,1994,F,MT
PT53480600,1959,F,FL
PT62150288,1961,F,VA
PT41847898,1970,F,SC
PT56843151,1966,F,KY
PT25160772,1973,F,DE
PT39569877,1963,F,KY
PT82786362,1972,F,KY
PT24753898,1986,F,VT
PT33063817,1972,F,CA
PT11835879,1960,F,MD
PT81890273,1953,F,IA
PT96284386,1992,F,LA
PT54416420,1987,F,LA
PT53759087,1989,F,RI
PT34632601,1973,M,CO
PT66941458,1962,M,ND
PT49547347,1967,F,CA
PT62128866,1988,M,OK
PT29907938,1976,F,DC
PT27430594,1975,M,FL
PT78481367,1992,F,VA
PT17190435,1977,M,VA
PT94856420,1967,F,PA
PT59807456,1995,F,WA
PT82043038,1992,M,KY
PT35781770,1983,F,AZ
PT97832776,1990,F,MO
PT75507846,1973,F,TX
PT61905319,1994,F,RI
PT86836565,1971,F,NC
PT15815457,1985,M,MN
PT53501013,1980,F,TN
PT10190904,1983,F,MD
PT68367456,1974,F,DC
PT71758790,1987,F,LA
PT16575823,1998,F,MS
PT75669921,1969,F,LA
PT14340714,1977,F,WY
PT53010771,1993,F,OK
PT80226369,1991,F,TX
PT91450544,1967,M,NE
PT73391334,1984,F,KS
PT26248123,1971,F,KS
PT50686497,2002,M,SC
PT45117453,1977,M,WV
PT14030703,1969,F,MN
PT89439614,1997,M,NC
PT25623758,1981,F,AK
PT45425318,1981,F,NV
PT57403207,2009,M,CT
PT69015780,1982,M,DE
PT68274787,2005,M,VA
PT63482672,1970,M,IL
PT12477282,1986,F,KY
PT93721760,1968,F,WA
PT95895928,1978,M,NM
PT11360035,1986,F,AR
PT62625748,1968,M,CA
PT21686769,2005,M,AZ
PT40855746,1987,M,FL
PT74747713,1979,F,MD
PT57835422,2005,F,IL
PT48952317,2008,F,WA
PT53007046,1973,M,TX
PT87222288,1967,F,IL
PT42427864,1995,F,WV
PT95945838,1993,F,IN
PT45495525,1969,M,FL
PT56536645,1978,F,NE
PT21255383,1990,F,ID
PT91149561,1993,M,GA
PT15667346,1967,F,NY
PT10402814,1974,F,IA
PT63118126,1967,F,AL
PT74702256,1976,F,OK
PT54304940,1973,F,AZ
PT86612578,1967,M,CT
PT65248933,1968,F,MS
PT54085106,1962,F,IL
PT77969420,1972,F,WI
PT57808886,1985,F,RI
PT42988775,1986,F,AZ
PT75940890,1978,M,WY
PT86681147,1983,F,MI
PT33221886,1981,M,CO
PT72148495,1995,F,MS
PT53681764,1983,F,DE
PT50510663,1985,F,SC
PT90207715,1969,F,FL
PT12198998,1957,F,OR
PT72881980,1976,F,UT
PT23328714,1980,M,NY
PT70854307,1960,F,MS
PT12828035,1982,F,NY
PT25911618,1962,M,DE
PT56460025,1988,M,MN
PT65036533,1997,F,MT
PT73031372,1986,F,IL
PT40852348,1968,M,MA
PT69941744,1991,F,SD
PT68653630,1971,M,MD
PT24816282,1973,M,LA
PT99751881,1974,F,OK
PT33850720,1982,M,NH
PT29390300,1970,M,DE
PT61882198,1999,F,TX
PT22307331,1988,F,DE
PT27482035,1994,M,WV
PT37580502,1986,F,AZ
PT27388197,1978,M,IA
PT33432862,1988,M,WA
PT90489292,1978,M,NE
PT36366718,1997,F,WA
PT92615742,1985,F,MI
PT49984429,2004,F,KS
PT45591098,1994,F,GA
PT21254241,1961,M,AL
PT69467172,1969,F,CA
PT63824094,1976,F,SC
PT31737764,1978,F,OH
PT69178574,1966,M,VA
PT94735912,1993,F,MS
PT90938454,2010,F,RI
PT35180614,1986,M,DC
PT32817682,1961,F,CO
PT22364452,1990,F,NE
PT63009888,1989,M,AZ
PT95114806,1990,F,ID
PT83371379,1973,M,AR
PT51677592,1965,M,TX
PT58054884,1978,F,OR
PT88637258,1972,F,WA
PT98462132,1970,F,TN
PT73462689,1981,F,MT
PT80266313,1975,F,NJ
PT74763978,1975,U,NM
PT83823278,1987,F,FL
PT69412572,1962,F,LA
PT40444427,1984,M,TN
PT34571686,1980,M,ME
PT90837799,1961,F,NC
PT42587696,1967,M,LA
PT38891019,1977,M,CO
PT85841996,1979,F,MD
PT67444300,1965,F,FL
PT82813116,1965,F,MO
PT78556283,1977,F,VA
PT98166419,1995,F,OR
PT89205541,1990,M,NC
PT98328080,1962,F,TN
PT11379171,1967,F,VT
PT32541416,1996,F,IA
PT92295041,1976,F,IL
PT23759843,1985,F,SD
PT62211755,1959,F,IL
PT48852770,1961,F,MA
PT81301941,1973,F,DE
PT48697084,1971,F,KY
PT42952507,1984,F,IN
PT65902818,1974,M,KY
PT90110100,1960,M,AR
PT42663923,1977,M,UT
PT43452771,1973,F,OH
PT62711531,1995,F,MA
PT95945523,1982,F,AZ
PT73517036,2004,M,MO
PT93652494,1964,F,IA
PT71043747,1980,M,IN
PT54179121,1973,M,AL
PT78258129,1967,F,IL
PT59706138,1952,F,RI
PT88199380,1985,M,MS
PT87595783,1967,F,NV
PT79700095,1990,F,DE
PT95614675,1979,M,AK
PT16377519,1991,F,ND
PT71184938,1960,F,PA
PT90577727,1982,F,MO
PT43737118,1983,M,VT
PT85361234,1979,F,CO
PT23457713,1978,F,TX
PT85062620,1974,F,AL
PT37057337,1974,F,LA
PT58745386,1969,F,AK
PT28499781,1965,M,WI
PT22995605,1988,F,LA
PT59766748,1961,M,MA
PT68194623,1992,F,NC
PT91387455,1985,F,WV
PT29197913,1975,F,IA
PT77773988,2000,M,MI
PT74291931,1960,M,CA
PT64352384,1981,F,MS
PT72946302,1978,M,MA
PT32660720,1964,F,NC
PT30773538,2006,M,KS
PT73116282,1981,M,MA
PT79997468,1981,F,WI
PT73239011,1970,F,NH
PT91296857,1984,F,KY
PT50433121,2000,F,TN
PT54480456,1976,M,NJ
PT46553513,1982,F,AZ
PT50365926,1976,F,PA
PT31350304,1974,F,NJ
PT21065557,1988,F,ME
PT65461787,1982,F,TX
PT35752097,1951,M,CT
PT40184842,1968,M,MS
PT98587800,1998,F,MI
PT12963410,1991,M,WI
PT69098150,1974,U,MA
PT92838189,1978,F,RI
PT71803601,1988,F,VT
PT58669214,1984,F,WV
PT51066126,1969,F,MS
PT75652840,1978,M,GA
PT60986225,1991,F,MS
PT55359180,1975,F,MS
PT58623049,1973,F,HI
PT10340841,1985,F,WA
PT97613332,1967,F,CT
PT33027941,1956,M,CO
PT52828133,1969,M,LA
PT82191403,1989,F,WV
PT48249832,1975,M,IA
PT41194791,1972,F,NE
PT87780172,1961,F,NC
PT14395790,1992,F,AR
PT47592675,1979,M,MI
PT27979591,1970,F,VA
PT97452392,1975,F,NJ
PT34345845,1964,F,PA
PT20783414,1993,F,WV
PT69389793,1992,F,WY
PT59543280,1960,F,ID
PT74524117,1999,F,SD
PT66905644,1960,F,CA
PT90183002,2005,F,MI
PT73589359,1974,F,IN
PT54369063,1996,M,AR
PT38700711,1967,M,NE
PT90034112,1978,M,AL
PT26474866,1979,F,GA
PT27898866,1963,F,MO
PT36627359,1989,F,SC
PT61482808,1987,M,HI
PT31958472,2003,F,MD
PT24650010,1978,F,FL
PT17298744,1967,F,TN
PT22034467,1972,F,RI
PT15873043,1970,F,MT
PT58776997,1976,M,HI
PT99518927,1960,M,IN
PT19881110,1985,F,IA
PT84214020,2001,F,TN
PT91397251,1976,F,HI
PT66401417,1960,M,TX
PT99753134,1989,M,IN
PT37485160,1983,M,WV
PT93297584,1991,F,IL
PT36632865,1971,M,CT
PT19819581,1987,F,AR
PT99936204,1959,M,VA
PT18000902,1954,F,NM
PT49198756,2002,M,NC
PT17219333,1976,F,MA
PT28906534,1990,F,MO
PT25551160,1984,F,NV
PT50365254,1977,F,WI
PT51251979,1978,F,LA
PT83978439,1981,F,WI
PT67062997,1971,F,IA
PT20404510,1970,F,DC
PT14710975,1980,F,DC
PT19869579,1984,F,UT
PT32392554,1973,F,VT
PT50335585,2002,F,NJ
PT98627630,1990,M,UT
PT56515587,1975,F,MT
PT83360285,1968,M,NE
PT69330272,1972,F,OH
PT24189819,1965,M,MO
PT90969402,1985,M,UT
PT70156502,1997,M,MT
PT85852178,1960,F,OK
PT22318097,1954,F,OK
PT81745539,1969,F,MS
PT24101770,1973,F,HI
PT89338848,1950,F,UT
PT26688661,1982,F,AR
PT10403100,1977,F,CA
PT48666011,1966,F,IL
PT27583963,1976,F,KS
PT86867067,1988,F,IA
PT81451634,1976,M,SD
PT40639791,1966,M,NE
PT80680686,1989,F,NJ
PT89054228,1980,M,AR
PT29760177,1972,M,SC
PT52280174,1977,F,ID
PT14043252,2008,M,UT
PT97033683,1989,M,VT
PT73722018,1965,F,MT
PT73676641,1960,M,HI
PT38435552,2001,F,ID
PT24675808,2000,M,NJ
PT47007003,1975,F,NC
PT37552480,1973,M,CA
PT13561257,1959,M,VT
PT57834131,1962,F,WI
PT74406761,1983,F,NC
PT96380407,1970,F,MO
PT80426122,2001,F,OH
PT77957443,1979,M,KY
PT11859030,1952,F,RI
PT93565725,1988,F,WY
PT45751788,1992,M,IL
PT43952042,1981,M,NH
PT69127473,1952,M,NC
PT93382518,1982,F,GA
PT63917726,1983,F,TN
PT24291666,1973,M,IL
PT36399403,2005,M,IA
PT16811789,1960,F,RI
PT50283481,1977,F,DC
PT30166779,1960,M,WI
PT84207168,1999,F,MN
PT98774454,1983,F,RI
PT74993413,1991,F,KY
PT65604416,1975,F,DE
PT99726423,1985,F,LA
PT13124959,1983,F,ME
PT92244689,1966,M,SD
PT79304522,1980,F,MO
PT33489852,1968,F,LA
PT41463076,1991,F,WI
PT43767330,2000,U,ND
PT25072912,1987,M,PA
PT13496550,1972,F,NE
PT24057777,1976,F,WV
PT75439244,1960,F,PA
PT10638380,1969,F,
PT85997285,1979,F,ID
PT92539568,1977,F,NM
PT88021425,1970,F,OH
PT22193579,1987,F,OR
PT12867212,1984,F,MO
PT18385409,1990,F,LA
PT41586061,1959,F,FL
PT63754616,1984,F,MD
PT50312994,1959,F,VA
PT44053479,1987,F,NM
PT19759715,1982,F,WI
PT30214849,1970,M,DC
PT64885871,1979,F,NE
PT54432197,1991,F,MA
PT75320614,1965,F,MN
PT42295289,1986,F,NC
PT10756225,1970,M,LA
PT40110674,1968,M,OK
PT84784100,1981,U,MT
PT71646507,1986,F,CA
PT69349158,1978,F,KY
PT18927048,1980,F,CO
PT28678587,1974,F,NE
PT31040747,1961,F,MN
PT79598172,1966,F,DE
PT63678540,1980,F,CO
PT63017561,1982,M,FL
PT14646750,1991,M,LA
PT75895202,1961,F,OH
PT62764941,1969,M,WA
PT36570528,1970,M,NY
PT43195757,1977,M,ME
PT17920737,1984,F,HI
PT86014138,1974,M,AZ
PT27856458,1997,F,NE
PT52348536,1985,F,TX
PT34829527,1991,F,OH
PT26616050,1975,M,IN
PT82700024,1962,F,NH
PT72102814,1961,F,ID
PT28256035,1990,M,CO
PT12363992,1968,F,TN
PT72829890,1964,M,MS
PT11934212,1977,M,ME
PT42231282,1990,M,ME
PT63540151,1992,M,CT
PT18084599,1969,M,CT
PT45195200,1977,M,NJ
PT14661309,1984,F,TN
PT50287858,1981,F,SC
PT75302532,1977,F,CT
PT99903768,1959,M,CT
PT22932390,1983,F,VT
PT74679205,1979,F,UT
PT78135897,1980,M,ND
PT26856013,1976,M,GA
PT98133567,1992,F,KS
PT55536015,1984,F,CT
PT90201375,1976,M,UT
PT42464736,1987,F,NJ
PT43159045,1967,F,AZ
PT70272632,1979,F,ID
PT97246747,1963,M,MA
PT36332295,1967,F,VA
PT70789180,1988,F,IA
PT72946920,1968,M,OK
PT36080707,1953,M,MA
PT24458271,1984,F,HI
PT84529646,1986,M,LA
PT56919007,1978,F,WI
PT88191429,1974,F,KY
PT48956957,1987,M,VA
PT30874380,1989,F,WI
PT85493379,1956,M,AK
PT76909740,1972,F,IA
PT36873574,1971,M,WV
PT70155410,1990,F,OR
PT74097415,1965,F,MS
PT22954735,1959,F,MD
PT65167714,1972,M,MI
PT37669239,1988,F,TX
PT84933339,1966,F,OK
PT10221282,1961,F,NY
PT84579432,1980,F,NJ
PT15952463,1982,M,NV
PT73391715,1980,F,IN
PT30700625,1968,F,SC
PT22204818,2011,M,OK
PT84598996,1978,F,SC
PT79130674,1987,M,TN
PT72478055,1967,M,SC
PT38603812,1992,F,RI
PT45634225,1971,M,WV
PT20993790,1985,F,CO
PT64494890,1974,F,TX
PT60450374,1973,F,FL
PT94744068,2001,F,MA
PT61903923,1987,F,MS
PT36908757,1978,M,NV
PT13853287,1988,M,FL
PT75582194,1972,M,GA
PT23607536,1971,F,IN
PT71618642,1994,F,ID
PT93626250,1993,M,PA
PT65334576,1967,F,MA
PT30821161,1953,F,NV
PT47085152,1974,M,WV
PT20099913,1960,F,MT
PT30210174,1993,F,KS
PT86500390,1968,M,ME
PT19476208,1999,F,ND
PT14533403,1985,F,MO
PT46221384,1986,F,MN
PT10941396,1975,M,PA
PT73562736,1958,F,AR
PT55944271,1957,M,VA
PT70366398,1991,F,WV
PT89312450,1993,M,OH
PT24247362,1984,F,AR
PT93265805,1969,F,FL
PT20677728,1971,M,WI
PT47139550,1980,M,MS
PT64661166,1977,M,KY
PT32813825,1968,F,IL
PT17812958,1981,F,MD
PT51714002,1982,F,WA
PT15407847,1971,F,AL
PT12166945,1962,M,DC
PT85436118,1970,F,CA
PT29525712,1972,F,CT
PT40005739,1991,F,DC
PT30852530,1971,F,VA
PT33078342,1967,F,ND
PT11878209,1989,M,KS
PT52328179,1980,U,OK
PT41408910,1966,F,GA
PT86792410,1977,F,MN
PT95350263,1975,M,CA
PT45168809,1970,F,FL
PT33199956,1972,M,LA
PT21080390,2003,M,OK
PT90555640,1989,F,MD
PT48360145,1985,F,TX
PT29569563,1987,F,MD
PT23461321,1986,M,MD
PT73918759,1992,M,NM
PT44303355,1998,F,WY
PT70497749,1968,F,NV
PT76283759,1955,F,MA
PT31232164,1977,M,ID
PT83976960,1958,M,NY
PT98720248,1968,F,FL
PT10835139,1989,F,NM
PT27621226,1981,F,IN
PT15576279,1963,F,AK
PT58583298,1991,M,WI
PT60966722,1974,F,ME
PT28581431,1971,M,SD
PT54376383,1992,F,MS
PT13305190,2002,F,MT
PT93893777,1974,F,GA
PT46029025,1980,F,AK
PT69839622,1978,F,PA
PT83032065,1968,F,NM
PT96692273,1974,F,ME
PT62149711,1972,F,ND
PT33309735,1956,F,WV
PT44873668,1968,M,MA
PT20186038,1991,F,TX
PT19973364,1981,M,AL
PT42198941,1989,M,WY
PT36469669,1968,F,GA
PT28642666,1966,F,IL
PT81251892,1971,F,IL
PT82388159,1957,F,NV
PT44211603,1980,M,MI
PT13528623,1976,U,CO
PT35355387,1963,F,IA
PT62688921,1989,F,IL
PT41361971,1982,F,OK
PT71740661,1983,F,RI
PT27668447,1979,F,NE
PT77688006,1987,F,VA
PT71737632,1993,F,HI
PT93541373,1961,F,MS
PT11351323,1978,M,GA
PT85368945,1967,F,RI
PT76581152,1973,F,FL
PT67076195,1991,M,TX
PT45939237,1966,F,MD
PT39436380,1963,M,HI
PT49641872,1974,F,NV
PT55186140,1976,F,LA
PT71518559,2005,M,AZ
PT39782825,1980,F,OR
PT75741259,1980,F,NY
PT23368326,1963,F,AR
PT43179549,1979,F,WA
PT13222619,1974,F,VT
PT27463463,1975,F,IA
PT56513501,1975,F,NY
PT10376000,1970,M,HI
PT14802004,1962,M,CA
PT65838287,1995,F,AL
PT56359232,1978,F,WV
PT86344827,1973,M,ME
PT76749423,1992,M,AL
PT27615873,1976,M,AR
PT28683439,1995,M,IA
PT73425654,1951,F,VA
PT53566098,1978,F,GA
PT49115525,1981,F,AR
PT50733371,1986,F,AK
PT61022702,1986,F,HI
PT85501147,1981,F,OH
PT87933755,1977,F,MS
PT58178805,1972,M,UT
PT31438034,1961,F,OH
PT50358512,1962,F,NH
PT15456119,1965,F,KS
PT44770355,1955,F,FL
PT42443720,1988,M,ME
PT19031169,1991,M,WA
PT36176310,1985,F,AR
PT66426439,2009,F,NC
PT66053032,1996,M,MD
PT10244236,1988,U,NY
PT71722667,1966,F,NM
PT39191931,1969,M,TX
PT96890705,1986,M,IL
PT91303139,1986,M,WA
PT66545839,1982,F,CO
PT36373584,1977,F,MA
PT55801559,1986,F,MI
PT92937442,1986,M,KY
PT78959771,1994,F,AR
PT69323999,1952,F,OK
PT26796181,1978,M,IN
PT97974394,1993,F,NJ
PT36813635,1983,M,OR
PT46959594,1985,M,HI
PT67008529,1976,F,DE
PT34496099,1988,M,MD
PT33928235,1975,F,OR
PT69349488,1984,M,DC
PT84836885,1978,M,WA
PT18616472,1957,M,NH
PT81146248,1975,M,AK
PT49587783,1977,M,NV
PT64526451,1989,F,VA
PT13143439,1980,F,VA
PT94870944,1974,M,MS
PT91164091,1961,F,AL
PT16034255,1972,F,VT
PT29002665,1968,M,FL
PT95386607,1974,F,MI
PT54089227,1979,F,PA
PT46867877,1961,M,WI
PT24661370,1993,F,WY
PT27285656,1985,F,MD
PT83365560,1973,F,VT
PT54706446,1982,F,DC
PT85242010,1968,F,UT
PT14248551,1967,F,WA
PT20479373,1969,M,WV
PT74477182,1989,F,ID
PT89224215,1982,F,ME
PT55810029,1976,F,RI
PT94191375,1983,F,ID
PT47065574,1966,F,RI
PT32817634,1965,F,TN
PT83000703,1982,F,SC
PT88938034,1967,M,MD
PT37135771,2010,M,MA
PT93576013,1994,F,AR
PT56812954,1967,M,GA
PT36203120,2012,F,ID
PT39299886,1959,F,MN
PT86535658,2003,M,VT
PT73985042,1977,F,IN
PT82945859,1984,M,AL
PT88343072,1981,M,KS
PT63692392,1975,F,MO
PT53049006,1977,F,VA
PT63571772,1983,F,VA
PT22217929,1959,F,WV
PT11387720,1983,F,IN
PT59677698,1982,F,MS
PT28342467,1972,F,NE
PT24940648,1979,F,NE
PT24529849,1972,F,NV
PT56125045,1986,F,PA
PT95855328,1994,F,KY
PT60817966,1967,M,DC
PT51080908,1981,F,RI
PT34634896,1976,M,DC
PT42078776,1986,M,IL
PT75409128,1987,F,MD
PT37980296,2001,F,MS
PT78544047,1990,F,CA
PT38218982,2005,F,MS
PT34175294,1986,F,ID
PT86168953,1985,F,AL
PT43403393,1999,M,GA
PT24001134,1960,F,KS
PT63037191,1960,F,IL
PT76328216,1997,F,NH
PT56421824,1989,F,NY
PT63802261,1991,M,SD
PT62683902,1973,M,OR
PT39701440,1975,F,SC
PT30128125,1964,F,SC
PT79580706,1958,F,FL
PT33097507,1980,F,TX
PT32718936,1981,F,OR
PT54690813,1994,F,KY
PT11115986,1987,F,SC
PT17334261,1992,M,CO
PT23555972,1982,M,MS
PT20823124,1965,M,IN
PT70006596,1959,F,GA
PT76502198,1986,M,IA
PT44486722,1991,F,IN
PT14218540,1998,F,HI
PT92623486,1980,F,PA
PT16747302,1967,F,MD
PT78870351,1995,F,AL
PT91435138,1974,F,IL
PT62680803,1962,F,GA
PT14964775,1971,F,ME
PT78845427,1963,M,SC
PT19280901,1969,M,SC
PT48704034,1979,M,OR
PT84173330,1979,F,NJ
PT64195511,1991,F,AR
PT57120787,2005,F,MO
PT43904302,1960,M,ID
PT41946242,1982,M,MA
PT41477302,1965,F,WA
PT75411968,2006,M,WV
PT46250144,1974,M,IA
PT54802474,1986,F,AL
PT39249505,1988,F,IA
PT59777914,1966,M,KS
PT69324046,1975,F,NE
PT46913455,1989,F,DE
PT82458655,1983,F,MS
PT72340076,1972,F,TX
PT52050279,1975,F,NM
PT65899531,1985,F,CO
PT14740422,1988,M,IA
PT22310626,1963,M,WV
PT34217189,1969,F,DE
PT76333334,1990,F,OH
PT26737809,1971,F,TN
PT26434485,1983,M,RI
PT68586984,1982,M,CT
PT32354146,1961,M,DC
PT55159913,1961,F,MA
PT23708857,1981,F,CA
PT11639377,1984,F,FL
PT42867198,1982,F,FL
PT96351337,1961,M,IL
PT17983978,1974,F,OK
PT18511160,1986,F,SC
PT29131469,1986,F,KS
PT30926153,1984,F,SC
PT96339186,1986,M,PA
PT20139892,1988,F,NE
PT77684652,1968,M,FL
PT40046520,1968,F,SD
PT15141583,1968,F,NM
PT24044303,1956,F,MS
PT28997751,1987,F,WA
PT81830685,1980,F,LA
PT64076818,1982,M,NE
PT40230399,1978,M,TX
PT91685030,1965,F,TX
PT52621732,1974,F,CT
PT36797241,1984,F,GA
PT33822607,1969,F,UT
PT58755424,1980,F,VA
PT90080983,1990,F,TN
PT70308171,1971,F,WY
PT44635770,1975,M,ND
PT71062475,1970,M,OK
PT46929181,1974,M,KS
PT65036239,1987,F,MS
PT21577072,1978,M,WV
PT25461932,1973,M,ME
PT14059844,1979,F,KS
PT78040744,1992,F,PA
PT69056021,1997,F,MI
PT82911128,1971,M,IN
PT91371733,1964,F,RI
PT54030322,1967,M,OR
PT62562981,1977,F,WV
PT88822826,1976,F,AR
PT71832130,1972,F,FL
PT20974843,2002,M,KY
PT49202697,1987,F,TX
PT17171959,1962,M,OK
PT93388427,1987,F,NH
PT35305940,1960,F,OR
PT96254535,1978,F,MD
PT20460115,1971,F,DE
PT71031054,1973,F,CA
PT13888536,1971,F,MN
PT25575426,1970,F,NC
PT78151412,1983,F,NM
PT78443657,1961,F,TX
PT82051725,2004,F,ID
PT81144000,1963,F,SC
PT69910762,1972,F,AR
PT33729795,1970,F,WA
PT92149068,1974,F,IA
PT93560419,1975,M,GA
PT32535814,1975,F,KY
PT84133894,1977,F,OR
PT81226183,2004,F,ND
PT78353662,1969,F,ND
PT53034781,1961,F,WV
PT56366695,1987,F,MD
PT39463893,1969,F,NJ
PT34360712,1965,F,CO
PT25778756,1981,M,UT
PT43816069,1986,M,IA
PT60627138,1993,F,NY
PT92196897,1992,F,WV
PT88866304,2002,F,NC
PT62218102,1973,F,CT
PT34105809,1976,M,LA
PT89090609,1960,M,NJ
PT66372781,1962,F,MT
PT76843631,1968,M,MT
PT46791398,1978,M,AK
PT42030398,1990,F,OR
PT71518780,1979,M,AK
PT39032437,1972,F,OK
PT57606120,1972,F,UT
PT72625127,1985,F,MT
PT37155670,1970,F,AL
PT12386878,1993,F,NH
PT71633274,2000,M,UT
PT83054807,2005,F,PA
PT91705685,1979,F,IA
PT46775456,1978,F,LA
PT53448405,1968,F,IL
PT50877434,1995,F,SC
PT62287417,1968,F,ME
PT64233935,1968,F,GA
PT25008436,1984,F,MO
PT78728794,1999,M,MS
PT10364279,1973,F,AK
PT43954088,1977,M,TN
PT55910154,1982,F,DC
PT34535831,1972,F,SD
PT61115901,1960,M,NV
PT78239540,1964,F,FL
PT78291256,1986,F,PA
PT91521260,1960,M,NV
PT78745128,1983,F,TX
PT75182652,1999,F,MO
PT26801781,1976,M,GA
PT87685061,1990,F,ID
PT62778857,1973,F,MN
PT71106904,1961,M,NY
PT15339723,1972,M,WI
PT75697532,1985,M,WA
PT60923280,1979,F,MS
PT17477789,1990,M,AK
PT49340781,1992,U,VT
PT29027570,1989,F,TN
PT35936594,1972,M,MD
PT61381755,1978,M,MA
PT57454019,1989,M,NC
PT27983981,1987,M,NM
PT19849353,1996,F,OR
PT98516075,1974,F,KS
PT35963166,1966,F,WY
PT47766356,1973,F,ME
PT72800414,1983,F,OK
PT19796165,1961,M,FL
PT86518279,1961,F,KY
PT21975843,1982,M,KS
PT80120570,1960,M,KS
PT74165362,1972,F,CT
PT84713263,1973,M,WV
PT11484383,1958,M,FL
PT12866830,1983,F,DE
PT58615357,1999,M,NJ
PT57772781,1991,F,TN
PT22270085,1992,M,CT
PT24693469,2000,F,NY
PT23224363,1987,F,PA
PT22425003,1975,M,IN
PT29986868,1960,M,WI
PT58982371,1958,F,OK
PT48684662,1990,F,WV
PT42487671,1990,F,OK
PT59885020,2001,F,MN
PT63140086,1981,F,MN
PT91381399,1977,F,PA
PT44739899,1995,M,NY
PT69451249,1986,M,MA
PT72215851,1989,M,DE
PT49941151,1970,M,MT
PT70014697,1969,F,WV
PT73012535,1981,F,MS
PT45347035,1972,F,CA
PT96370252,1966,M,AK
PT93433515,1996,M,NC
PT48742326,1971,M,MT
PT89079544,1961,M,LA
PT30426626,1961,F,ND
PT43996611,1995,F,GA
PT65356377,1977,F,AZ
PT34455527,1977,F,FL
PT58425924,1990,M,AL
PT94615970,1960,M,AK
PT36484197,1987,M,DC
PT29589737,1968,F,WY
PT77316929,1961,M,CT
PT80896974,1994,F,FL
PT79168440,1979,M,CA
PT72289206,1978,M,NH
PT86859604,1983,F,VA
PT50301123,1957,F,WI
PT63541407,1981,M,IL
PT18226956,1986,F,NJ
PT26892982,1966,F,MA
PT48811755,1961,F,MO
PT19959687,1977,F,CT
PT31409734,1990,F,MD
PT66330825,1985,F,MO
PT30154908,1964,F,HI
PT69017474,1974,M,MS
PT83200349,1985,M,KS
PT80115584,1978,M,NV
PT33205394,1971,M,SC
PT52729880,1965,F,MD
PT24098579,1970,M,MO
PT37502018,1960,M,TN
PT63528931,1980,M,CT
PT74244261,1978,F,CT
PT87096135,1967,F,VT
PT62198669,1967,F,NC
PT27545089,1961,M,AL
PT87835202,1986,F,AR
PT24679372,1972,F,IA
PT85994010,1988,F,MD
PT23481572,1960,F,IL
PT64110947,1984,F,FL
PT89046360,1964,M,DC
PT19112937,1974,F,AR
PT53527592,1978,F,ID
PT67124129,1968,F,KY
PT51045239,1991,F,OR
PT60246773,1991,M,TN
PT10479530,1993,F,NV
PT15515616,1971,F,MI
PT51116698,1975,F,IL
PT91884954,1980,F,MD
PT18229193,1961,F,MA
PT75661373,1981,M,WY
PT14850248,1983,F,WY
PT32738133,1977,M,NC
PT32842501,1989,M,TX
PT56980033,1959,F,GA
PT56383958,1983,M,IA
PT35642988,1991,M,NY
PT11958960,1980,F,RI
PT22741007,1969,F,RI
PT78870581,2000,M,NY
PT71398125,1971,F,AK
PT11736401,1972,M,KS
PT79485307,1976,M,MT
PT66782145,1979,F,IN
PT26533959,1999,F,NE
PT66446319,1959,F,SC
PT11611133,1985,M,PA
PT57153224,1980,M,SC
PT90298809,1996,F,TN
PT68824756,1997,M,NC
PT73458988,2003,F,IN
PT16801498,1972,F,TX
PT66335623,1985,F,OK
PT51807861,1988,F,TN
PT98970730,1970,F,ME
PT29344975,1993,F,KS
PT15004337,1988,F,GA
PT60522661,1973,F,MT
PT86815224,2000,M,NC
PT32658393,1960,F,MT
PT86389833,1974,M,NC
PT66074593,1996,M,DE
PT87157162,1979,F,MD
PT13720390,1965,M,IA
PT23849058,1977,M,MT
PT36682437,1957,F,WY
PT12110100,1974,M,MS
PT16894706,2009,F,HI
PT66900580,2002,F,IL
PT18367135,1966,M,SD
PT23815951,1988,F,TX
PT50732820,2009,F,TN
PT18321218,1981,M,MD
PT54171098,1954,F,MT
PT46461414,1985,M,DE
PT96680449,1996,F,DC
PT21583567,1992,M,OK
PT59468278,1972,F,OK
PT23229885,1985,F,CT
PT34987281,1980,M,TX
PT39382584,1999,F,FL
PT90001620,1972,M,WV
PT89415428,1986,M,FL
PT23104923,1984,F,IN
PT48694869,1960,F,MO
PT21389364,1968,F,MN
PT64610323,1974,M,NH
PT56315361,1993,M,MD
PT93514707,1996,M,KY
PT19878037,1971,M,AK
PT55167580,1974,F,NC
PT56111615,1977,F,LA
PT95853172,,F,ME
PT56044960,1970,F,SD
PT54319507,1976,F,ND
PT77387315,1981,F,SC
PT86593405,1989,F,KS
PT69139848,1986,F,AZ
PT19966277,1965,F,FL
PT27545342,1988,F,OK
PT83770235,1979,M,NJ
PT42122473,1960,F,AR
PT48116069,1979,M,KY
PT82189430,1969,F,MD
PT61648320,1983,F,WV
PT72635993,1983,F,KY
PT60460270,1983,M,AL
PT76901093,1986,M,VA
PT34119794,1981,F,GA
PT67819865,1972,F,VA
PT53350151,1980,F,CA
PT39979241,1986,M,UT
PT14805630,1960,F,ND
PT87477828,1960,M,WI
PT68317903,1972,F,AK
PT42097580,1973,M,MA
PT82353586,1972,F,CA
PT16675573,1968,F,WI
PT22805204,1989,F,NM
PT37588689,1962,M,
PT46056532,1968,F,ND
PT95762038,1985,F,DC
PT23147117,1991,F,FL
PT58403565,1968,F,KY
PT45840337,1984,F,NJ
PT22092100,1990,F,WA
PT21736597,1975,F,NY
PT68024067,1956,M,KY
PT19561478,1982,F,SC
PT93317036,1978,F,NC
PT66577825,1954,M,NY
PT89945522,1976,F,DE
PT18848752,1962,M,MT
PT87450442,1960,F,NV
PT45511100,1977,M,NE
PT85299546,1978,F,MI
PT28539140,1973,M,OH
PT69574445,1968,F,CT
PT56709469,1963,F,MS
PT85968318,1982,M,AK
PT80730688,1965,M,AL
PT15422029,1977,M,NE
PT36432006,1979,F,LA
PT11101841,2000,F,MI
PT57559031,2004,F,WV
PT98767555,1982,M,WA
PT48962918,1967,F,AK
PT42783057,1996,F,NJ
PT68014889,1967,F,RI
PT43383245,1960,F,
PT96085375,1963,F,MN
PT42272688,2003,F,MN
PT10694206,1979,M,NJ
PT14317424,1992,F,GA
PT18690113,1980,F,KY
PT32300335,1963,F,DE
PT91351913,1986,M,KS
PT97011598,1964,F,CT
PT46049284,1987,F,OK
PT36129139,1970,F,SC
PT17642305,1965,F,TX
PT28776050,1976,F,MD
PT28220504,1963,M,OR
PT76362610,1969,F,MO
PT85406253,1975,F,MO
PT69332550,1980,M,HI
PT91330507,1989,F,ND
PT49493172,,F,KY
PT49128921,1968,M,RI
PT37320959,1984,F,MO
PT52617351,1980,F,TN
PT90498480,1960,F,AR
PT13801622,1990,M,MI
PT71471556,1971,F,MI
PT40255704,1991,F,OR
PT34333448,1975,F,NE
PT59314540,1968,F,IL
PT15558570,1975,M,SC
PT92110471,1988,F,LA
PT59208587,1973,F,OH
PT96585680,1972,F,LA
PT41611852,1976,M,NC
PT41281310,1967,M,NJ
PT24514433,1991,F,NC
PT64106905,1971,F,NY
PT72712795,1972,F,KS
PT32702000,1987,M,WA
PT87506876,1960,F,WA
PT43021638,1979,F,ID
PT61061555,1970,F,NV
PT48489118,1977,M,IA
PT70089249,2000,M,LA
PT80213995,1978,F,OH
PT48616539,1966,F,MD
PT85722858,1984,F,AK
PT44054821,1973,F,AR
PT91584315,1972,M,VT
PT65211792,1967,M,LA
PT91793732,1992,M,CT
PT85437904,2000,M,CO
PT72628448,1962,F,CT
PT22863309,1978,M,SC
PT68786019,1987,F,VT
PT20458049,1965,M,GA
PT94832676,2009,F,SC
PT19281977,1978,F,KY
PT39837118,1960,F,PA
PT17661617,1962,F,CO
PT62375075,1962,F,NY
PT99466305,1965,F,IL
PT41443003,1975,M,MD
PT29289246,1984,F,MS
PT60236802,1983,F,ID
PT57786478,1973,M,NH
PT50765635,1968,M,SD
PT77804416,1964,M,MA
PT84229254,1983,F,MT
PT41216066,1966,M,ME
PT92151026,1976,F,DE
PT15908685,1993,F,OK
PT54306680,1977,M,SC
PT71084605,1993,F,AZ
PT42100281,1963,M,NE
PT91495380,1973,F,LA
PT12685972,1965,F,GA
PT14045834,1992,F,DE
PT63607493,1974,F,WI
PT57075586,1967,M,OH
PT20520330,1987,M,AL
PT36304063,1970,F,AL
PT88310432,1967,M,CT
PT56861346,1961,M,MN
PT73997884,1969,F,MO
PT40124612,1973,M,MT
PT72019314,1986,F,NM
PT32123435,1980,F,ND
PT85574315,1961,F,SD
PT99685224,1980,F,NY
PT92352492,1986,M,MO
PT36757239,1981,M,NH
PT51332323,1957,F,FL
PT73935780,1971,M,SD
PT57072432,1968,F,IA
PT22262571,1980,F,MS
PT83475435,1993,F,WI
PT76040729,1977,F,LA
PT88201323,1976,M,MS
PT14709810,1964,F,IN
PT71653741,1960,M,SC
PT31279444,1959,F,MN
PT44013497,1971,F,DC
PT97850514,1975,M,MD
PT68826189,1971,M,OR
PT21815777,1982,F,WY
PT75728157,1986,F,WA
PT94305737,1982,F,OH
PT12054103,1987,F,HI
PT53504607,1967,M,OH
PT24646967,1998,M,IN
PT49535703,1993,F,MD
PT29519530,1995,F,CT
PT79480727,1982,M,ND
PT49883480,1971,M,RI
PT70436515,1961,M,MS
PT58747985,1988,F,AK
PT31347205,1954,M,WV
PT82738886,1986,M,LA
PT25233016,1962,F,TX
PT84448484,1961,F,CT
PT21312718,1975,M,OK
PT78635849,1967,F,OK
PT68772577,1987,F,CT
PT61169840,1977,F,AK
PT53141790,1965,F,CO
PT86680842,1985,F,AR
PT18800162,1961,F,ME
PT94845138,1974,M,OR
PT17766298,1969,F,TX
PT58480385,1983,M,FL
PT96979248,1959,F,MA
PT31353547,2002,F,AK
PT18712241,1973,M,AK
PT28127386,1961,F,TN
PT90451563,1965,M,WI
PT53474002,1987,F,LA
PT74075636,1990,M,MS
PT43062059,1981,M,KY
PT16174656,1971,F,VA
PT60839207,1963,M,MS
PT49771685,1980,M,AR
PT11104507,1992,F,NJ
PT45825919,1984,F,RI
PT25985504,1958,F,AL
PT26813126,1961,F,CO
PT72270201,1980,M,TX
PT61033006,1975,M,ME
PT33895375,1994,F,NY
PT94730724,1989,F,OH
PT25334240,1988,F,AL
PT65662600,1979,M,WY
PT51356131,1990,F,ID
PT42022101,1982,F,SC
PT91200535,1995,M,MN
PT24133579,1986,M,GA
PT76065672,1974,M,TN
PT76835272,1973,F,CT
PT45730781,1975,F,OK
PT65597134,1971,F,AZ
PT52295544,1962,F,NM
PT66723972,1988,F,NE
PT99898648,1970,M,GA
PT21990044,1962,M,DC
PT95171507,1961,M,MD
PT81885375,1976,M,CT
PT43826347,2000,F,GA
PT86445600,1988,M,NM
PT44986774,1973,F,MD
PT43478718,1961,M,NJ
PT61358104,1963,M,PA
PT82420993,1969,F,SD
PT71651245,1960,M,RI
PT52198355,1974,F,IA
PT49832927,1960,F,NE
PT72025076,1977,F,NC
PT79218680,1989,M,ND
PT57957916,1961,M,AR
PT12216789,1981,F,OR
PT26548800,1973,M,TX
PT14192704,1971,F,WV
PT75987359,1966,F,PA
PT28267901,2001,F,DE
PT43587555,1974,F,VT
PT29987336,1979,F,MT
PT30193250,1988,M,NJ
PT73059512,1987,F,VA
PT22099798,1960,F,LA
PT83497882,1990,M,KS
PT14576658,1974,F,OK
PT93703886,1982,M,AL
PT86045950,1981,F,WI
PT71221417,1986,M,WI
PT83490011,2007,F,TX
PT94111788,1991,F,ND
PT73734542,1969,M,NM
PT74388702,1991,F,MD
PT63917747,1988,M,DE
PT74299125,1976,F,KY
PT63620461,1992,F,IN
PT62754574,1975,F,ME
PT12011447,1967,F,OR
PT21913177,1966,F,WY
PT41530750,1976,F,CA
PT77324543,1982,F,NV
PT26720854,1992,F,CO
PT72280356,1961,M,KS
PT99558683,1980,F,TN
PT63554092,1987,F,DE
PT75484853,1978,F,ID
PT33124763,1961,M,MN
PT75247880,1965,M,VA
PT85673598,1964,M,NH
PT55643790,1977,M,RI
PT99800518,1960,F,AZ
PT44726261,1960,F,DC
PT37333910,1992,M,ME
PT39766556,1959,F,AR
PT64052407,1960,F,MA
PT33861860,1973,M,WV
PT40425592,2006,F,LA
PT16712300,1998,F,PA
PT22996943,1977,F,MA
PT28318389,1990,F,KY
PT24483884,1954,F,CO
PT60742737,1978,F,LA
PT96568852,1968,M,MT
PT49142478,1965,F,MN
PT53898030,2007,M,MS
PT90807735,1965,M,WY
PT45818641,1969,M,ID
PT11919997,1983,F,VA
PT64909225,1996,F,ND
PT61863526,1960,F,NE
PT24903782,1951,M,WV
PT54658951,1988,F,MT
PT73410367,1988,F,MD
PT69642024,1990,M,DE
PT55514982,1974,M,NH
PT56582388,1986,M,NJ
PT83021345,1975,M,NE
PT23607085,1978,F,MS
PT84090205,1991,F,KY
PT11320268,1984,F,VA
PT53699184,1993,F,TX
PT97907786,1983,F,CO
PT62645693,1977,M,VT
PT62240234,1982,M,WY
PT37675669,1979,F,ME
PT38936518,1984,F,MI
PT56718849,1962,M,VT
PT89609458,1974,F,CA
PT19173448,1973,F,ID
PT38066372,2009,F,DE
PT87657752,1961,F,OH
PT73821662,1977,F,NC
PT11316126,1961,F,IL
PT29647552,1958,F,IL
PT64649828,1988,F,AR
PT86623552,1996,F,NC
PT28964292,1973,M,MS
PT23840740,1963,F,PA
PT77720059,1985,F,SC
PT45045220,1970,M,MI
PT37990920,2000,F,LA
PT26905979,1986,F,WV
PT19349554,1986,M,FL
PT41824054,1962,F,RI
PT41590640,1964,M,UT
PT99172381,1980,M,FL
PT89265497,1966,M,FL
PT84581937,1984,M,WI
PT11955597,1987,M,CA
PT60253171,1987,M,AZ
PT20610075,1985,F,RI
PT85400794,1980,F,LA
PT21044251,1974,F,NY
PT54734658,1978,F,NC
PT96191515,1963,F,LA
PT23654393,1976,F,AL
PT38901367,1988,M,ND
PT72084765,1980,M,MT
PT85706346,1962,F,IN
PT44842336,1956,F,DC
PT24445710,1964,M,WA
PT49308881,1995,F,WV
PT76740444,1985,F,MI
PT76851507,1993,F,WI
PT67154110,1995,F,MT
PT93808542,1960,F,IA
PT97241044,1961,M,MO
PT88009270,1979,F,CT
PT86144902,1968,M,LA
PT83920048,1983,M,TX
PT65219512,1978,M,GA
PT96991577,1995,M,MI
PT27141603,1984,F,RI
PT77068220,1985,F,OK
PT83621218,1961,F,ID
PT46988505,1972,M,MO
PT52745940,1973,M,OK
PT93231307,1994,F,LA
PT17903563,1974,F,MN
PT40315717,1963,F,OH
PT74389586,1999,F,WI
PT66876779,1971,F,NV
PT58238684,1965,F,RI
PT72386232,1978,F,VA
PT29419853,1977,F,NE
PT82580626,1973,F,NM
PT62119235,1986,M,IL
PT40976193,1984,M,AZ
PT88401492,1983,F,SD
PT77194643,1975,M,OK
PT91262542,1999,F,ND
PT81126862,1996,F,CA
PT22756185,1982,M,GA
PT10726075,1977,M,MI
PT44238917,1991,F,WY
PT10628021,1976,F,KS
PT26129725,1967,M,NY
PT85199202,1983,F,DE
PT31393547,1983,M,WI
PT84521389,1991,M,NV
PT46531773,1978,F,MT
PT44389082,1993,M,UT
PT64249634,1981,F,MS
PT12358506,1982,U,WA
PT46117335,1961,F,LA
PT78885911,1990,M,VA
PT27121330,1973,M,ND
PT88799994,1988,F,DC
PT36073170,1972,M,KY
PT79615792,1972,F,VT
PT80191441,1996,F,WY
PT80326661,1960,F,NH
PT92070475,1981,F,NY
PT24369232,1983,F,NV
PT43174666,1977,F,MS
PT38932469,1956,M,ME
PT68582527,1962,M,MS
PT42475536,1987,F,NJ
PT63777624,1993,F,CT
PT84729708,1989,F,MN
PT68970421,1996,M,VT
PT74123172,1985,M,OK
PT32366193,1967,M,TN
PT23684572,1972,M,SD
PT62505617,1990,F,NH
PT93499536,1979,F,KY
PT71001264,1963,F,RI
PT24214173,1995,F,TX
PT94335317,1980,M,UT
PT74317157,1972,M,VA
PT13729329,1977,F,OR
PT89485377,1998,F,VA
PT72939764,1997,F,OK
PT87967111,1980,M,NV
PT58290335,1995,M,ND
PT68746946,1969,M,WI
PT83839230,1972,F,NJ
PT52907448,1981,F,KY
PT77045984,1988,F,ID
PT50760228,1978,F,NC
PT21065276,1983,F,HI
PT22717594,1994,F,OK
PT28606640,1969,F,TN
PT86682245,1992,F,VA
PT14231344,1998,M,OR
PT47955085,1991,M,AR
PT36354140,1970,M,NY
PT19068189,1968,F,DE
PT99539566,1977,M,RI
PT27088011,1984,F,DE
PT46497747,1960,F,OR
PT26185081,1988,F,GA
PT24834928,1960,F,RI
PT81652131,1959,M,MO
PT62868449,1984,F,VT
PT11792089,1966,M,IN
PT26808420,1983,M,AR
PT19883374,1986,M,WV
PT90463132,1970,F,ME
PT31074166,1969,M,NY
PT66546968,1979,M,DE
PT81499670,1980,F,TN
PT53144910,1988,M,IL
PT84649206,1988,F,HI
PT13786395,1986,F,LA
PT97731006,1960,F,AR
PT30764140,1996,F,IN
PT96658609,1970,F,FL
PT51707462,1971,F,DE
PT23112795,1984,F,UT
PT63344896,1986,F,OR
PT71275873,1982,M,PA
PT62129608,1975,M,WA
PT71876451,1987,M,MS
PT17396235,1987,M,MN
PT50497918,1975,F,NH
PT13258414,1977,M,UT
PT44356257,1972,F,KY
PT74520878,1985,M,WY
PT98288817,1980,M,TX
PT13398746,1960,F,VA
PT15049555,1979,F,NV
PT34681108,1999,U,RI
PT27432650,2002,M,NE
PT16569063,1981,F,WV
PT65853763,1963,F,SD
PT35682199,1989,F,TN
PT79493631,1966,F,AR
PT63333597,1978,M,NH
PT70400121,1988,F,MD
PT62078874,1967,F,MD
PT44246504,1974,F,GA
PT12225486,1976,F,MI
PT54952295,1965,F,UT
PT28631771,1977,F,AL
PT74803596,1978,F,AZ
PT87446760,1974,F,GA
PT59293974,2011,F,AZ
PT92412292,1977,F,AR
PT50111019,1995,M,NM
PT91437465,1967,M,DC
PT98958455,1992,F,OH
PT73007537,1982,F,VA
PT48647440,1966,M,DE
PT47723429,1984,F,ME
PT65166683,1992,F,RI
PT71761092,1996,M,IL
PT12406132,1972,M,TN
PT94517555,1984,F,TN
PT23824631,1993,F,WY
PT81780109,1979,M,VT
PT81242242,1963,F,ID
PT23172232,1971,M,TX
PT95842250,1979,M,MD
PT91609169,1976,F,KY
PT57312856,1977,M,TN
PT39479526,1979,F,MN
PT88143558,1964,M,MI
PT84033365,1980,M,LA
PT65846812,1998,F,MD
PT88442112,1973,M,HI
PT71047586,1970,F,ME
PT58755189,1955,F,NM
PT87086343,1981,M,TN
PT23086750,1960,F,UT
PT57769844,1989,F,DE
PT75681556,1990,F,
PT86042825,1996,F,ND
PT96883606,1965,F,MN
PT86982733,1988,F,SC
PT50956146,1977,M,VA
PT84091142,1980,M,GA
PT49397648,1977,F,WI
PT57887265,1987,F,WV
PT74776925,1995,F,RI
PT99249627,1954,F,VT
PT90420516,1968,F,AL
PT26354492,1978,F,DE
PT79987884,1971,F,NC
PT90320533,1987,F,WY
PT45110427,1977,F,IN
PT89309322,1968,F,SC
PT43707777,1991,F,NM
PT57728493,1984,F,FL
PT38075911,1963,F,CT
PT92878354,1985,F,CA
PT37851751,1987,M,NE
PT81805789,1987,F,SD
PT13669116,1976,F,IL
PT62207508,1973,F,DE
PT49354394,1978,F,IA
PT47234819,1969,F,WA
PT82564024,1991,F,AL
PT89878209,1959,F,LA
PT73223747,1979,M,FL
PT36186978,1970,F,KY
PT54475465,1991,F,MS
PT86813757,1978,M,ID
PT27099638,1991,M,VT
PT53471423,1991,F,AR
PT16259356,1972,F,MT
PT19686668,1996,F,LA
PT13840448,1979,F,AR
PT70654566,1981,M,TN
PT24815603,2002,M,SC
PT86026703,1967,F,RI
PT37064007,1971,F,AR
PT82014802,1963,M,CA
PT73970013,1979,F,NM
PT38030244,1955,M,GA
PT62513721,1977,M,KY
PT47696610,1981,M,LA
PT82426379,1985,M,ME
PT78238812,1952,M,MN
PT79487323,1986,F,AR
PT97588583,1966,M,SD
PT46400662,2004,F,CO
PT10874177,1981,F,MO
PT56040749,1994,F,MD
PT55013341,1994,M,MA
PT50206429,1978,F,AL
PT98986616,1971,M,OH
PT55633494,1999,F,CA
PT56834467,1953,F,HI
PT49621812,1991,F,GA
PT48916510,1956,F,NE
PT59422817,1976,F,AK
PT16868216,1974,M,SD
PT77135833,1971,F,MA
PT20449719,1960,F,DC
PT44586023,1998,M,LA
PT43606272,1971,M,ME
PT48084301,1984,F,CA
PT77948217,2000,F,IA
PT68522209,2004,F,WI
PT68715365,1964,M,KY
PT80728889,1969,F,UT
PT51602363,2008,M,GA
PT87987898,1965,F,NE
PT33887828,1973,M,TN
PT89386219,1995,M,KY
PT68626222,1975,M,AR
PT99102370,1985,M,CA
PT98831046,1959,F,OH
PT45628953,1971,M,FL
PT94621755,1968,M,VA
PT78920573,1974,F,KS
PT58144266,1979,F,OK
PT98174080,1965,F,OK
PT32493208,1976,F,MS
PT11993507,1987,F,SD
PT19459538,1970,F,NH
PT63884514,1971,F,TX
PT68379154,1967,F,DC
PT81926886,1983,F,MN
PT46508228,1979,F,NY
PT11034141,1961,M,DC
PT56619969,1982,M,AL
PT78724612,1989,F,ND
PT17278343,1973,M,MA
PT51260578,1995,F,ID
PT26300877,1972,F,TX
PT40633558,1978,F,OH
PT83776033,1983,M,CO
PT92143373,1998,F,KY
PT47778502,1989,M,MA
PT73737051,1964,F,KY
PT67435210,1983,M,RI
PT39629733,2000,F,WY
PT17368810,1982,F,NH
PT12811520,1976,M,FL
PT82158916,1968,F,CO
PT11650779,1960,F,TN
PT50766880,1985,F,ME
PT15851208,1981,M,NC
PT99891308,1984,M,WV
PT18249016,1986,U,TN
PT96728390,1960,F,AK
PT47753184,1995,F,NY
PT54494101,1985,F,TX
PT85804472,1970,M,GA
PT83317499,1973,F,WY
PT53179209,1981,F,ME
PT61163166,1977,U,KY
PT70685508,1986,M,FL
PT25710113,1995,M,TX
PT84338168,1972,M,PA
PT27044427,1971,F,TX
PT39008435,1980,M,CO
PT36530991,1960,F,NE
PT44695346,1960,F,AR
PT42169426,1983,M,NJ
PT71798760,1977,F,VA
PT28972643,1985,F,WY
PT82622919,1979,F,LA
PT47283613,1970,M,KS
PT53628448,1989,F,MS
PT87057745,1990,F,NY
PT67967295,1984,F,SD
PT73328206,1977,M,AK
PT54242410,1985,F,UT
PT64465352,2003,M,MS
PT78468928,1959,M,VA
PT22621216,1987,F,AK
PT62389374,1976,F,PA
PT21506875,1988,F,UT
PT99641382,1966,F,MA
PT67973126,1987,F,MA
PT91045301,1961,F,OH
PT44604435,1969,M,WV
PT49312561,1973,F,PA
PT83058692,1960,M,WY
PT34382029,1990,F,OR
PT42589412,1981,F,IA
PT23462149,1979,M,SD
PT69296457,1969,F,AZ
PT45859910,1974,M,WV
PT65106807,1985,M,MN
PT50308772,1974,F,ME
PT46163796,1973,F,WA
PT49536183,1977,F,CO
PT40797789,1957,M,WV
PT47641203,1997,M,UT
PT38488563,1989,F,SD
PT51812441,1976,F,TN
PT20504670,1983,M,GA
PT70964308,1973,F,MS
PT61711079,1977,F,WA
PT44930002,1980,F,AL
PT58252897,1980,F,AZ
PT71732861,1985,F,DE
PT68142599,1985,F,KS
PT14116245,1981,M,MN
PT39504785,1967,F,MD
PT56673174,1982,F,GA
PT85379480,1970,F,MA
PT63788727,2000,F,CT
PT48349994,1988,F,PA
PT97223896,1982,F,NH
PT19390376,1992,F,IL
PT25614464,1987,F,WI
PT25305009,1971,F,WI
PT63477152,1985,M,ND
PT35938899,1961,F,ME
PT95970100,1989,F,MA
PT74039220,1978,M,UT
PT51228010,1979,F,MD
PT88163432,1977,F,DC
PT88967437,1984,F,WV
PT30594285,2011,F,WI
PT16998969,1990,F,AL
PT82900218,1981,M,WA
PT58759307,1974,F,CT
PT37226201,1971,M,KY
PT39448936,2003,F,SC
PT55883350,1979,M,MI
PT71140276,1960,M,UT
PT59645595,1963,M,OH
PT29459360,1984,F,ME
PT71516337,1981,F,ME
PT17043513,1961,M,GA
PT26582923,1983,F,LA
PT33592207,1975,M,NH
PT31728220,1967,F,VT
PT40797293,1991,M,HI
PT33633946,1973,M,SC
PT84640189,1965,F,IL
PT36704170,1980,M,MS
PT63183730,1972,F,DE
PT22792899,1999,M,IA
PT40907240,1978,F,WY
PT59653183,1967,M,AR
PT14666426,1975,M,IN
PT15639544,1982,M,VA
PT62539845,1957,F,WI
PT12004146,1973,F,OR
PT27892518,1977,M,NV
PT53984458,1960,F,NH
PT53526277,1982,F,NY
PT23105955,2004,F,MN
PT55074385,1977,F,MN
PT37506957,2001,F,NC
PT26829052,1977,F,VA
PT31658994,1968,F,WV
PT17549139,1982,F,VA
PT44828551,1965,F,OR
PT61541494,1975,M,KY
PT72979487,1971,F,ID
PT74007535,1983,F,LA
PT97966968,1979,F,PA
PT23333567,1975,M,LA
PT90381618,1979,F,MS
PT45587459,1977,M,DE
PT91498891,1973,F,NJ
PT43954201,1960,M,NC
PT16668034,1985,M,FL
PT69679845,1978,F,WV
PT50040037,1955,F,TN
PT47797239,1979,F,OK
PT66398996,1984,F,DC
PT52422617,1975,M,TX
PT73301309,1982,M,AZ
PT10701837,1974,F,SC
PT46389280,1989,F,TX
PT89154079,1978,F,HI
PT45975810,1978,M,WV
PT25956109,2000,F,TN
PT83366997,1960,M,MD
PT18154871,1977,M,NC
PT92105452,1967,F,AK
PT94204294,1967,M,VA
PT42377138,1978,M,SD
PT69258185,1987,F,IA
PT90979781,1963,M,KY
PT95266161,1962,F,NC
PT77954029,1959,M,CT
PT96905181,1960,F,MN
PT69211963,1985,M,NE
PT72355702,1989,M,VA
PT48642139,1992,F,CA
PT29817668,1986,M,NE
PT68217734,1998,M,MI
PT45753120,1966,F,OK
PT22903161,1977,M,OH
PT45146035,1976,F,AL
PT96475951,1970,M,MN
PT39950105,1967,F,MS
PT38463964,1960,F,FL
PT74568568,1973,M,NV
PT91632213,1988,F,NJ
PT16647848,1975,M,NC
PT72921036,1979,F,AZ
PT18538145,1993,F,KY
PT53526353,1985,F,ME
PT59589878,1992,F,OH
PT66168507,1969,F,IA
PT65727384,1987,F,WI
PT23943332,1962,M,OH
PT45945569,1967,F,CA
PT38770615,1992,F,IA
PT92819505,1960,F,WA
PT30532508,1972,F,TX
PT57622508,1979,M,KY
PT15618318,1993,F,MS
PT28983915,1973,M,VT
PT85944899,1992,M,ME
PT61575981,1981,F,MD
PT34010557,1961,F,KY
PT72511871,1978,M,WI
PT53157373,1984,F,AR
PT79677852,1989,F,TX
PT90766010,1990,M,NV
PT38704010,1974,M,NM
PT88307893,1970,F,NY
PT46190314,1981,F,DC
PT67191453,1961,F,MO
PT53408408,1983,F,ID
PT15772997,1970,M,CA
PT31501171,1971,F,WV
PT21312683,1999,M,TN
PT52745297,1951,M,WI
PT55142933,1972,F,MN
PT86317749,1986,F,SD
PT15892149,1994,F,MO
PT83370911,1997,M,OR
PT52792010,1966,F,AL
PT38735939,1975,M,AR
PT90019774,1958,F,DE
PT20718715,1984,F,RI
PT47162099,1964,M,NH
PT48169975,2001,M,PA
PT31719799,1989,M,CA
PT31138600,1983,F,KS
PT98126079,1956,F,NY
PT70517974,1979,M,HI
PT35900435,1991,M,WI
PT35479305,1981,M,GA
PT72519680,1993,M,NV
PT22829022,1977,F,CO
PT40425727,1979,F,IL
PT36814745,1986,F,SC
PT55025292,1994,F,IL
PT72682616,1980,F,DC
PT28332825,1967,F,TX
PT28619573,1997,M,OK
PT84815243,1958,F,MO
PT89597644,1990,M,IN
PT17464279,1995,M,IA
PT22320710,1978,F,WA
PT64450886,1978,M,KY
PT44231000,1972,M,HI
PT70336582,1965,F,NV
PT56869436,2011,F,TX
PT49709439,2002,M,ND
PT29849987,1975,F,DC
PT28045173,1981,F,DE
PT31951429,1984,F,NE
PT58159043,1992,M,SC
PT36132156,1985,M,NM
PT83964894,1971,M,NY
PT21820815,1983,F,MI
PT95334197,1985,F,PA
PT28137229,1961,M,ME
PT26862390,1978,F,ND
PT66327598,1975,F,WY
PT40780822,1985,M,WY
PT74796041,1993,F,MS
PT99771464,1967,M,CO
PT51011847,1984,F,UT
PT36173203,1987,F,WA
PT21985521,1979,F,HI
PT95194377,1967,F,FL
PT49688910,1981,M,KS
PT23744083,1983,M,DC
PT79920283,1963,F,NM
PT47851302,1954,M,AL
PT77492802,1984,F,PA
PT41817829,1978,F,FL
PT43011217,1980,F,DE
PT27807934,1966,F,DC
PT12699735,1968,M,WY
PT67811863,2005,M,WA
PT71604482,1961,F,IA
PT59000166,1998,F,KS
PT77888412,1980,M,NJ
PT77490154,1961,F,MN
PT14319675,1980,M,TN
PT76018840,1989,F,NH
PT18939795,1988,F,LA
PT44028291,1985,F,WI
PT61907405,,M,WV
PT13132059,1971,F,AK
PT98745711,1999,F,NJ
PT27762159,1989,M,MI
PT11061525,1960,M,MA
PT13167096,1994,M,OK
PT48181831,1989,F,MI
PT94642964,1967,F,MD
PT20965439,1961,M,NV
PT59601771,1961,F,KY
PT91930238,1981,M,MT
PT31273667,1979,F,OH
PT94516463,1980,F,MI
PT23863585,1963,F,CA
PT33098196,1968,F,KS
PT77319034,1965,M,NY
PT10278347,1964,F,FL
PT52719425,1973,M,WA
PT44483371,,M,NC
PT74073491,1978,M,WI
PT49354218,1985,F,DC
PT44631684,1985,F,WV
PT49737895,1973,U,VA
PT40178821,1979,M,KS
PT64592153,1979,F,MS
PT52563381,1980,M,NH
PT64978814,1979,F,SD
PT40130427,1960,M,AZ
PT53816024,1973,F,MD
PT37565538,1972,F,NV
PT35872011,2004,F,NJ
PT85934309,1972,M,IN
PT56286419,1975,F,KS
PT16310797,1977,F,FL
PT94463659,1978,M,VA
PT68558547,1978,F,MD
PT56035732,1961,F,TN
PT11550833,1977,F,DC
PT79406243,1987,M,MS
PT51151012,1960,M,TX
PT48769368,1981,F,ND
PT71057594,1978,M,NE
PT25627447,1991,F,NV
PT35242517,1980,F,DE
PT50257909,1965,F,AR
PT28843660,1980,F,MI
PT36218494,1990,M,NH
PT79638260,1980,M,KS
PT89737303,1994,F,ND
PT66857436,1972,F,AL
PT27642342,1980,M,AR
PT40701690,1989,F,DE
PT34959778,1999,M,KS
PT35209821,1965,F,NM
PT95102396,1969,F,MD
PT19120918,1986,F,DE
PT89515383,1978,M,AR
PT20181625,1980,M,OR
PT27476750,1975,F,IA
PT66849298,1980,F,OH
PT66878915,1977,F,TN
PT45855376,1984,M,AL
PT48090622,1985,F,NM
PT35227209,1977,F,NY
PT92015701,1986,F,OK
PT73034848,1963,M,WV
PT27002566,1983,F,NC
PT68126807,1977,F,IL
PT80137352,1952,F,AR
PT96805522,1995,F,GA
PT72241558,1987,F,TN
PT62593443,2006,F,CT
PT99003453,1982,F,DC
PT12683938,1966,F,VT
PT99402095,1982,M,MS
PT41636616,1983,F,NM
PT42586073,1974,F,ND
PT11675209,1989,F,KS
PT83052243,1996,F,IL
PT68161620,1983,F,LA
PT29473729,1978,F,NY
PT28524270,1961,F,WY
PT57350849,1968,F,NV
PT91900867,1987,M,CO
PT61702651,1978,F,MD
PT49510028,1982,F,LA
PT24048210,1977,F,MA
PT99544931,1996,F,MI
PT41256636,1994,F,AL
PT26289790,1964,F,GA
PT46232138,2009,M,ND
PT30267430,1989,M,ND
PT94794726,1980,F,VT
PT83427243,1989,F,LA
PT84228247,1973,F,NM
PT84010571,1976,F,WY
PT23496015,1961,F,TX
PT73236202,1969,F,VT
PT84239988,1982,F,WA
PT62123047,2002,F,MI
PT56398193,1989,M,DC
PT21340908,1984,F,IL
PT84896316,1985,F,SD
PT84314265,1983,M,IA
PT32897862,1967,M,WV
PT93692471,1991,F,RI
PT92637867,1991,F,MS
PT19520071,1964,F,MN
PT28315621,1989,F,WV
PT92235310,1961,F,AR
PT11238302,1975,F,HI
PT96603772,1986,M,NE
PT50995228,1959,F,KY
PT38834993,1990,M,NE
PT50760079,1980,F,NM
PT38298331,1984,M,CT
PT60002282,1980,F,MT
PT52511429,1971,M,MO
PT86596399,1977,F,CO
PT21044751,1962,F,NV
PT40758763,1978,F,MN
PT85882160,1958,F,KS
PT87546960,1960,M,MA
PT67565145,1957,F,AK
PT81411250,1974,F,AZ
PT82609756,1992,M,OK
PT63873578,1980,F,IA
PT95073490,1972,F,KS
PT85780469,1986,F,NC
PT77474342,1968,M,MS
PT31409127,1973,F,NE
PT46953865,1962,M,WI
PT67599244,1970,F,MT
PT15467308,1974,F,NH
PT49398756,1998,M,OK
PT16754305,1984,F,RI
PT26984832,1980,F,AK
PT57147106,1965,M,ID
PT94647503,1973,F,WI
PT21811978,1990,M,MO
PT28083061,1985,F,LA
PT53740183,1990,M,MA
PT67111655,1976,M,WI
PT24937799,1985,M,AL
PT49054434,1970,M,NH
PT85261499,1982,F,OK
PT32685562,1970,M,MT
PT52791846,1999,F,DE
PT65259662,1979,F,PA
PT63946628,1966,F,AR
PT77759680,1976,M,GA
PT69302770,1972,F,DE
PT21270354,1985,M,ND
PT55975002,1972,F,GA
PT57941911,2011,M,KY
PT70426288,1979,M,TX
PT29391701,1965,M,FL
PT76510120,1955,F,OK
PT87281154,1980,F,NE
PT83095198,1989,F,OH
PT15896536,2006,F,OH
PT72324885,1970,F,TX
PT64664405,1989,F,OK
PT80043493,1965,F,TN
PT74355058,1964,M,OH
PT83982582,1969,M,AL
PT84992991,1981,F,MS
PT68219805,1976,F,MS
PT21510742,1989,M,MO
PT84055729,1974,F,OK
PT96777830,1956,M,IA
PT71572061,1969,M,AR
PT45519405,1961,F,MD
PT20604901,1974,M,PA
PT49441235,1965,M,ID
PT91676231,1977,F,DC
PT54726845,1992,M,OH
PT78844748,1981,F,AR
PT87911418,1990,M,OK
PT86362663,1993,F,MS
PT61232239,1978,M,WV
PT42709332,1980,F,TX
PT69006043,1982,M,CA
PT59741611,1995,F,CT
PT17433657,1971,F,VT
PT19693720,1964,F,MO
PT95366390,1980,F,IN
PT15449375,1969,F,VT
PT84915608,1978,M,CA
PT23335381,1993,M,DE
PT33566273,1984,M,MI
PT29961004,1983,F,NY
PT10854518,1984,F,AL
PT70144971,1983,F,AZ
PT36587108,1959,M,TN
PT49613197,1983,F,ND
PT85868344,1960,M,WA
PT40899470,1971,F,TN
PT55522648,1968,F,TN
PT66498173,1997,F,AL
PT65478258,1982,F,NV
PT56289778,1967,M,RI
PT19820875,1971,F,ID
PT56772233,1978,M,OH
PT41287296,1976,F,CA
PT90511926,1974,F,TN
PT73591836,1962,F,MI
PT53029308,1988,M,DE
PT26457878,2005,F,VT
PT23325164,1974,F,WA
PT89772023,1986,F,DC
PT34258998,1981,F,KY
PT64605916,1990,M,KS
PT64061534,1986,F,MD
PT93288058,1960,M,LA
PT24916748,1956,F,AL
PT77776027,1993,F,CO
PT89498045,1984,M,WI
PT43035986,1985,M,DE
PT48371621,1956,F,AL
PT22014492,1965,F,MI
PT76560535,1972,F,VT
PT31231174,1968,F,ME
PT64283395,1988,M,NC
PT19049668,1972,F,MT
PT48926256,1983,F,NC
PT69735608,1970,M,NY
PT67588674,1965,F,AZ
PT51252060,1983,F,SC
PT60408896,1974,M,CT
PT94076541,1971,F,RI
PT63442826,1994,M,ID
PT34506689,1961,F,CA
PT54447724,1980,F,DC
PT38000556,1961,F,AZ
PT50867544,1957,F,HI
PT81563590,1967,F,ID
PT13996082,1985,F,AZ
PT72647871,2003,F,CO
PT74133867,1964,M,NY
PT60844643,1968,F,WV
PT66297492,1968,F,OK
PT12415179,1999,F,ID
PT84705136,1964,F,VA
PT64370892,1979,F,DE
PT91700769,1988,F,ND
PT47261541,1971,F,LA
PT23378548,1972,F,AL
PT55497236,1999,F,DE
PT56914595,1975,F,OH
PT68841137,1971,F,OH
PT29068064,1976,F,WI
PT94356263,1984,F,DC
PT38683399,1978,F,MI
PT45787146,1974,F,CT
PT86667108,1986,M,WY
PT86629152,1969,F,SC
PT56582933,1962,M,AK
PT87108553,1995,M,NC
PT10987174,1990,F,OK
PT80546860,1975,F,OH
PT24107113,1984,F,OK
PT59491467,2004,F,LA
PT20393050,1987,F,ID
PT36711083,1977,M,AL
PT75330370,1995,F,NC
PT73334210,1972,M,MD
PT96992774,1985,F,NC
PT15861983,1970,F,ME
PT43053568,1986,F,ME
PT33851786,1995,M,CA
PT30497729,1964,F,PA
PT97668416,1996,F,FL
PT48491878,1969,M,NY
PT68857124,1986,F,HI
PT66649242,1988,F,AR
PT68499372,1982,F,DE
PT41491906,1978,F,KS
PT54983476,1986,M,NY
PT52027904,1991,F,VT
PT94925955,1974,M,NH
PT18298151,1996,M,NJ
PT11797578,1992,F,WY
PT19261587,2011,F,NE
PT35647509,1978,M,WV
PT18938141,1978,M,SC
PT55514011,1964,F,NM
PT50484861,1961,F,LA
PT87061439,1982,F,MS
PT90682473,1986,M,MD
PT10676806,1965,M,KY
PT77974731,1985,F,MA
PT62138888,1974,F,OK
PT20553804,1981,M,DC
PT68460430,1974,M,NM
PT67073707,1973,F,MI
PT77770371,1986,F,FL
PT40873070,1971,M,MT
PT91811747,1979,F,MT
PT88759302,1976,F,ND
PT66631111,1972,F,MI
PT63363971,1984,F,CA
PT62033968,1963,F,MO
PT66143712,1957,F,UT
PT56591153,1989,F,FL
PT48523123,1998,F,TX
PT11800819,2005,F,FL
PT62921158,1975,M,CO
PT22031625,1961,F,ND
PT12118814,1977,M,WA
PT63908714,1986,F,MT
PT70906962,1981,F,TN
PT22374212,1988,F,WY
PT69553654,1969,F,OH
PT60010571,1985,M,GA
PT78980744,1992,M,OK
PT76657713,1971,F,MN
PT79376262,1983,F,WI
PT92041044,1972,M,DC
PT50934964,1987,M,IN
PT30470633,2001,F,MT
PT29755932,1970,F,VA
PT82505426,1976,M,ME
PT96759279,1977,M,TN
PT74262206,1992,M,NY
PT94713099,1985,M,LA
PT14460219,1973,F,TX
PT25722148,1959,F,ND
PT59739571,1994,F,CA
PT18673178,1965,F,SC
PT69939361,1986,F,VT
PT75590209,1993,F,CA
PT99873265,1982,F,NC
PT76850859,1959,M,LA
PT17377974,2007,F,NE
PT95590609,1976,M,NE
PT83327844,1982,M,FL
PT75874982,1964,M,AK
PT46809691,1967,M,LA
PT33565490,1974,F,RI
PT89801702,1976,F,VA
PT40577925,1976,F,MD
PT48357986,1977,F,VA
PT86323396,1983,F,NJ
PT52921594,1983,F,HI
PT12688521,1984,F,WI
PT10246143,1974,M,MO
PT29254363,1972,F,FL
PT32539354,1974,M,KY
PT16460484,1976,F,ID
PT73243076,1973,F,KS
PT39059617,1995,M,WY
PT40243582,1965,M,PA
PT67492047,1983,M,DE
PT64867355,1959,F,NV
PT34812763,1982,F,WV
PT98415418,1968,F,AR
PT58142197,1973,M,CA
PT30468774,1961,F,VT
PT61886017,1961,F,RI
PT57956073,1973,M,NH
PT73041030,1986,F,NC
PT13542375,1978,F,UT
PT74820247,1966,F,IN
PT16282152,1970,F,MN
PT45478073,1989,F,TX
PT97733118,1999,M,KY
PT39428080,1969,F,MT
PT57528030,1967,M,FL
PT41047075,1952,F,NM
PT99664878,1980,F,SC
PT28528394,1985,F,DC
PT69815282,1979,F,NV
PT74284948,1983,M,SC
PT75534332,1955,F,SC
PT45858818,1987,F,AR
PT69559199,1980,M,VT
PT68175644,1975,M,CA
PT16616327,1974,F,AL
PT13721542,1977,M,
PT30528580,1996,M,IN
PT80887770,1969,F,TX
PT18052052,1982,F,NE
PT43713243,1972,F,NV
PT36007700,1978,M,ID
PT31117028,1975,F,OH
PT98708673,1962,F,FL
PT36355298,1972,M,MT
PT72447504,1985,F,TN
PT27273756,1985,M,SC
PT64159543,1971,F,MA
PT42749980,1968,M,MT
PT33850580,1969,F,AL
PT41261523,1983,M,GA
PT97643478,1985,F,FL
PT94810187,1985,F,CO
PT32773129,1983,F,CO
PT89972527,2010,M,MD
PT47528376,1961,F,DE
PT87044371,1960,M,MA
PT83155003,1981,F,DC
PT64292387,1963,F,DE
PT20792291,1960,M,SD
PT73378025,1971,F,MO
PT76893604,1984,F,ND
PT86278504,1984,F,DC
PT95956136,1978,F,HI
PT50358275,1974,F,UT
PT20162068,1980,F,HI
PT12859945,1980,M,FL
PT49018736,1972,F,AL
PT11598319,1983,M,SD
PT46922759,1990,F,HI
PT61537752,1963,F,AK
PT43962657,1993,F,NC
PT38429672,1969,F,SC
PT95029311,1974,F,VT
PT87501488,1994,M,LA
PT73387473,1980,M,SC
PT89988300,1961,F,NE
PT24602087,2003,F,TX
PT69639875,1969,M,NM
PT35439642,1980,F,NC
PT40266806,1990,F,MA
PT30547274,1970,M,MS
PT97216914,1967,F,WA
PT68133011,1993,F,MS
PT65811755,2006,M,IA
PT92836126,1979,F,SC
PT46704829,1969,F,LA
PT74949772,1963,M,LA
PT89294235,1988,F,MO
PT21241257,1983,M,GA
PT44826754,1976,F,KY
PT10001323,1975,F,NH
PT60370024,1966,F,MD
PT49671664,1959,F,AR
PT94175966,1972,F,SD
PT19309910,1963,F,NC
PT36864547,1987,F,WY
PT29517050,1961,F,AR
PT18153799,1990,F,KY
PT86255219,1998,M,MN
PT76391402,1974,M,OH
PT71213359,1971,F,CT
PT72971304,1966,M,AK
PT72259180,1992,F,NJ
PT35934420,1971,F,CT
PT85312960,1991,F,NY
PT71121279,1989,F,DC
PT24913231,1959,M,NH
PT46068481,1956,F,AK
PT29916862,1966,M,ND
PT64357167,1991,F,NH
PT37710079,1982,F,ID
PT11835100,1984,F,IN
PT77263511,2001,M,IN
PT45758478,1992,M,IN
PT32335791,1982,F,MI
PT24267604,1988,F,TN
PT39840091,1974,F,WV
PT35930375,1998,F,UT
PT62751518,1987,F,MO
PT47448905,1961,F,MD
PT38765281,1976,F,VA
PT35656875,1953,F,AL
PT62451233,1965,F,MI
PT20479717,2012,M,IA
PT15904360,1997,F,NY
PT26320895,1972,F,KS
PT69562245,1964,M,KY
PT86206900,1989,F,AL
PT43202215,1982,F,CO
PT96175280,1999,F,MS
PT64303550,1975,F,ME
PT19508460,1974,M,VT
PT26882419,1966,F,NE
PT49004168,1961,F,ID
PT74379234,1994,F,ME
PT15442768,1982,M,NJ
PT33194694,1973,M,MA
PT57005506,2000,F,RI
PT22502420,1961,F,WV
PT15053450,1965,F,VA
PT81520967,1982,F,NC
PT75982273,1977,M,GA
PT11176196,1966,F,NH
PT73742557,1990,F,OK
PT64001489,2004,F,VT
PT83978714,1976,F,NE
PT13599456,2010,F,HI
PT43665189,1999,M,VT
PT37186121,1968,F,IA
PT74047602,1966,F,GA
PT21904249,1960,M,TN
PT64571609,1965,F,AL
PT52364880,1968,F,NC
PT36549291,1992,F,TX
PT44922056,1970,F,CA
PT68662841,1970,M,PA
PT92719639,1980,F,WA
PT35681120,1985,M,OK
PT87158242,1982,M,SD
PT67509106,1968,F,NM
PT66000957,1960,F,GA
PT47957972,1980,F,RI
PT19933393,1971,F,CT
PT21032795,1978,F,FL
PT65319131,1970,F,VA
PT66344463,1979,F,MD
PT51670835,2003,F,TX
PT23621388,1957,F,CT
PT46767380,1961,M,OK
PT72383006,1985,F,FL
PT70102203,1974,F,AR
PT23861626,1959,F,MT
PT46369424,1973,F,IN
PT83395750,1965,F,HI
PT15645257,1989,F,AZ
PT46835346,1995,F,DC
PT61588984,1986,M,OR
PT20250363,1994,F,RI
PT46612849,1975,F,WY
PT76581399,1972,F,TN
PT14085723,1989,M,OK
PT16102251,1989,U,SC
PT98613988,1978,F,GA
PT57245744,1961,F,MD
PT56924383,1984,F,CA
PT87161328,1989,F,FL
PT63212016,1988,F,KY
PT83822599,1997,F,LA
PT64365158,1977,M,WV
PT79237203,1965,F,TX
PT97266349,1982,F,WV
PT22437849,1998,M,WI
PT63485905,1991,F,ME
PT77994501,1994,F,NM
PT47437938,1976,M,KY
PT68142178,1960,F,IL
PT39644066,2001,F,IA
PT73089938,1972,F,WV
PT61346333,1973,F,LA
PT32009051,2008,F,ID
PT74072910,1966,M,TX
PT19514008,1969,M,IN
PT15995121,1984,F,AL
PT50938329,1966,F,KS
PT89129266,1990,F,NE
PT23251983,1980,F,NV
PT96279183,1970,F,TN
PT32260980,1959,M,ME
PT38893046,1983,M,SD
PT18777015,1985,F,TN
PT41612327,1964,F,CA
PT54725512,1970,F,WV
PT44320987,1961,F,OR
PT74953105,1980,F,AL
PT36284224,1981,M,VA
PT35537048,1977,M,KS
PT45190789,1998,F,UT
PT67015379,1984,M,ME
PT98324596,1980,F,NH
PT11212520,1993,M,SD
PT64303527,1977,F,LA
PT66879091,1987,F,LA
PT93647820,1963,M,DC
PT98298280,1974,F,MN
PT82253087,1977,F,MO
PT85625621,1976,F,WV
PT70732947,1991,M,NH
PT99038106,1977,M,PA
PT15505390,1968,M,AZ
PT65383488,2005,F,OH
PT39562693,1978,F,ND
